00:00:00.025295 VirtualBox VM 7.0.16_Ubuntu r162802 linux.amd64 (Aug 25 2024 22:41:46) release log
00:00:00.025297 Log opened 2025-02-10T20:32:21.663405000Z
00:00:00.025297 Build Type: release
00:00:00.025300 OS Product: Linux
00:00:00.025301 OS Release: 6.8.0-52-generic
00:00:00.025302 OS Version: #53-Ubuntu SMP PREEMPT_DYNAMIC Sat Jan 11 00:06:25 UTC 2025
00:00:00.025330 DMI Product Name: To Be Filled By O.E.M.
00:00:00.025342 DMI Product Version: To Be Filled By O.E.M.
00:00:00.025353 Firmware type: BIOS
00:00:00.025396 Host RAM: 15905MB (15.5GB) total, 11075MB (10.8GB) available
00:00:00.025399 Executable: /usr/lib/virtualbox/VBoxHeadless
00:00:00.025399 Process ID: 263108
00:00:00.025400 Package type: LINUX_64BITS_GENERIC (OSE)
00:00:00.041905 Installed Extension Packs:
00:00:00.041927   VNC (Version: 7.0.16 r162802; VRDE Module: VBoxVNC; Crypto Module: )
00:00:00.043452 Console: Machine state changed to 'Starting'
00:00:00.076972 SUP: Opened VMMR0.r0 (/usr/lib/virtualbox/VMMR0.r0) at 0xXXXXXXXXXXXXXXXX.
00:00:00.081322 Guest OS type: 'Ubuntu_64'
00:00:00.084654 fHMForced=true - No raw-mode support in this build!
00:00:00.099885 File system of '/mnt/goldenfir/vbox/virtualboxes/vagr_ub2/ubuntu-jammy-22.04-cloudimg.vmdk' is ext4
00:00:00.103315 File system of '/mnt/goldenfir/vbox/virtualboxes/vagr_ub2/ubuntu-jammy-22.04-cloudimg-configdrive.vmdk' is ext4
00:00:00.130998 Audio: Detected default audio driver type is 'ALSAAudio'
00:00:00.144195 Shared Clipboard: Service loaded
00:00:00.144219 Shared Clipboard: Mode: Off
00:00:00.144306 Shared Clipboard: Service running in headless mode
00:00:00.145352 Drag and drop service loaded
00:00:00.145362 Drag and drop mode: Off
00:00:00.148342 Per-VM extradata API settings:
00:00:00.148352   VBoxInternal2/SharedFoldersEnableSymlinksCreate/vagrant="1"
00:00:00.148510   VBoxInternal2/SharedFoldersEnableSymlinksCreate/vagrant_data="1"
00:00:00.148904 ************************* CFGM dump *************************
00:00:00.148908 [/] (level 0)
00:00:00.148918   CpuExecutionCap   <integer> = 0x0000000000000064 (100)
00:00:00.148922   EnablePAE         <integer> = 0x0000000000000001 (1)
00:00:00.148923   HMEnabled         <integer> = 0x0000000000000001 (1)
00:00:00.148924   MemBalloonSize    <integer> = 0x0000000000000000 (0, 0 B)
00:00:00.148926   Name              <string>  = "vagr_ub2" (cb=9)
00:00:00.148927   NumCPUs           <integer> = 0x0000000000000002 (2)
00:00:00.148928   PageFusionAllowed <integer> = 0x0000000000000000 (0)
00:00:00.148929   RamHoleSize       <integer> = 0x0000000020000000 (536 870 912, 512.0 MiB)
00:00:00.148930   RamSize           <integer> = 0x0000000040000000 (1 073 741 824, 1.0 GiB)
00:00:00.148932   TimerMillies      <integer> = 0x000000000000000a (10)
00:00:00.148932   UUID              <bytes>   = "f7 cd f1 9c e1 65 28 43 a2 46 20 13 1a 16 69 1b" (cb=16)
00:00:00.148935 
00:00:00.148937 [/CPUM/] (level 1)
00:00:00.148938   Enable64bit        <integer> = 0x0000000000000001 (1)
00:00:00.148939   GuestCpuName       <string>  = "host" (cb=5)
00:00:00.148940   NestedHWVirt       <integer> = 0x0000000000000000 (0)
00:00:00.148940   PortableCpuIdLevel <integer> = 0x0000000000000000 (0)
00:00:00.148941   SpecCtrl           <integer> = 0x0000000000000000 (0)
00:00:00.148942 
00:00:00.148942 [/CPUM/IsaExts/] (level 2)
00:00:00.148944 
00:00:00.148946 [/DBGC/] (level 1)
00:00:00.148948   GlobalInitScript <string>  = "/home/delkabo/.config/VirtualBox/dbgc-init" (cb=43)
00:00:00.148948   HistoryFile      <string>  = "/home/delkabo/.config/VirtualBox/dbgc-history" (cb=46)
00:00:00.148949   LocalInitScript  <string>  = "/mnt/goldenfir/vbox/virtualboxes/vagr_ub2/dbgc-init" (cb=52)
00:00:00.148950 
00:00:00.148950 [/DBGF/] (level 1)
00:00:00.148951   Path <string>  = "/mnt/goldenfir/vbox/virtualboxes/vagr_ub2/debug/;/mnt/goldenfir/vbox/virtualboxes/vagr_ub2/;cache*/mnt/goldenfir/vbox/virtualboxes/vagr_ub2/dbgcache/;/home/delkabo/" (cb=165)
00:00:00.148951 
00:00:00.148951 [/Devices/] (level 1)
00:00:00.148952 
00:00:00.148952 [/Devices/3c501/] (level 2)
00:00:00.148953 
00:00:00.148954 [/Devices/8237A/] (level 2)
00:00:00.148954 
00:00:00.148955 [/Devices/8237A/0/] (level 3)
00:00:00.148956   Trusted <integer> = 0x0000000000000001 (1)
00:00:00.148956 
00:00:00.148956 [/Devices/GIMDev/] (level 2)
00:00:00.148957 
00:00:00.148957 [/Devices/GIMDev/0/] (level 3)
00:00:00.148958   Trusted <integer> = 0x0000000000000001 (1)
00:00:00.148959 
00:00:00.148959 [/Devices/VMMDev/] (level 2)
00:00:00.148960 
00:00:00.148960 [/Devices/VMMDev/0/] (level 3)
00:00:00.148961   PCIBusNo      <integer> = 0x0000000000000000 (0)
00:00:00.148962   PCIDeviceNo   <integer> = 0x0000000000000004 (4)
00:00:00.148963   PCIFunctionNo <integer> = 0x0000000000000000 (0)
00:00:00.148963   Trusted       <integer> = 0x0000000000000001 (1)
00:00:00.148964 
00:00:00.148964 [/Devices/VMMDev/0/Config/] (level 4)
00:00:00.148965   GuestCoreDumpDir <string>  = "/mnt/goldenfir/vbox/virtualboxes/vagr_ub2/Snapshots" (cb=52)
00:00:00.148966 
00:00:00.148966 [/Devices/VMMDev/0/LUN#0/] (level 4)
00:00:00.148967   Driver <string>  = "HGCM" (cb=5)
00:00:00.148968 
00:00:00.148968 [/Devices/VMMDev/0/LUN#0/Config/] (level 5)
00:00:00.148969 
00:00:00.148969 [/Devices/VMMDev/0/LUN#999/] (level 4)
00:00:00.148970   Driver <string>  = "MainStatus" (cb=11)
00:00:00.148971 
00:00:00.148971 [/Devices/VMMDev/0/LUN#999/Config/] (level 5)
00:00:00.148972   First                <integer> = 0x0000000000000000 (0)
00:00:00.148973   HasMediumAttachments <integer> = 0x0000000000000000 (0)
00:00:00.148973   Last                 <integer> = 0x0000000000000000 (0)
00:00:00.148974   iLedSet              <integer> = 0x0000000000000005 (5)
00:00:00.148976 
00:00:00.148977 [/Devices/acpi/] (level 2)
00:00:00.148978 
00:00:00.148978 [/Devices/acpi/0/] (level 3)
00:00:00.148979   PCIBusNo      <integer> = 0x0000000000000000 (0)
00:00:00.148979   PCIDeviceNo   <integer> = 0x0000000000000007 (7)
00:00:00.148980   PCIFunctionNo <integer> = 0x0000000000000000 (0)
00:00:00.148981   Trusted       <integer> = 0x0000000000000001 (1)
00:00:00.148981 
00:00:00.148982 [/Devices/acpi/0/Config/] (level 4)
00:00:00.148983   CpuHotPlug          <integer> = 0x0000000000000000 (0)
00:00:00.148983   FdcEnabled          <integer> = 0x0000000000000000 (0)
00:00:00.148984   HostBusPciAddress   <integer> = 0x0000000000000000 (0)
00:00:00.148985   HpetEnabled         <integer> = 0x0000000000000000 (0)
00:00:00.148985   IOAPIC              <integer> = 0x0000000000000001 (1)
00:00:00.148986   IocPciAddress       <integer> = 0x0000000000010000 (65 536)
00:00:00.148987   NumCPUs             <integer> = 0x0000000000000002 (2)
00:00:00.148988   Parallel0IoPortBase <integer> = 0x0000000000000000 (0)
00:00:00.148989   Parallel0Irq        <integer> = 0x0000000000000000 (0)
00:00:00.148989   Parallel1IoPortBase <integer> = 0x0000000000000000 (0)
00:00:00.148990   Parallel1Irq        <integer> = 0x0000000000000000 (0)
00:00:00.148991   Serial0IoPortBase   <integer> = 0x00000000000003f8 (1 016)
00:00:00.148991   Serial0Irq          <integer> = 0x0000000000000004 (4)
00:00:00.148992   Serial1IoPortBase   <integer> = 0x0000000000000000 (0)
00:00:00.148993   Serial1Irq          <integer> = 0x0000000000000000 (0)
00:00:00.148993   ShowCpu             <integer> = 0x0000000000000001 (1)
00:00:00.148994   ShowRtc             <integer> = 0x0000000000000000 (0)
00:00:00.148995   SmcEnabled          <integer> = 0x0000000000000000 (0)
00:00:00.148996 
00:00:00.148996 [/Devices/acpi/0/LUN#0/] (level 4)
00:00:00.148997   Driver <string>  = "ACPIHost" (cb=9)
00:00:00.148997 
00:00:00.148998 [/Devices/acpi/0/LUN#0/Config/] (level 5)
00:00:00.148999 
00:00:00.148999 [/Devices/acpi/0/LUN#1/] (level 4)
00:00:00.149000   Driver <string>  = "ACPICpu" (cb=8)
00:00:00.149000 
00:00:00.149001 [/Devices/acpi/0/LUN#1/Config/] (level 5)
00:00:00.149002 
00:00:00.149002 [/Devices/apic/] (level 2)
00:00:00.149003 
00:00:00.149003 [/Devices/apic/0/] (level 3)
00:00:00.149004   Trusted <integer> = 0x0000000000000001 (1)
00:00:00.149005 
00:00:00.149006 [/Devices/apic/0/Config/] (level 4)
00:00:00.149007   IOAPIC  <integer> = 0x0000000000000001 (1)
00:00:00.149008   Mode    <integer> = 0x0000000000000003 (3)
00:00:00.149009   NumCPUs <integer> = 0x0000000000000002 (2)
00:00:00.149009 
00:00:00.149010 [/Devices/dp8390/] (level 2)
00:00:00.149010 
00:00:00.149011 [/Devices/e1000/] (level 2)
00:00:00.149011 
00:00:00.149012 [/Devices/e1000/0/] (level 3)
00:00:00.149012   PCIBusNo      <integer> = 0x0000000000000000 (0)
00:00:00.149013   PCIDeviceNo   <integer> = 0x0000000000000003 (3)
00:00:00.149014   PCIFunctionNo <integer> = 0x0000000000000000 (0)
00:00:00.149014   Trusted       <integer> = 0x0000000000000001 (1)
00:00:00.149015 
00:00:00.149015 [/Devices/e1000/0/Config/] (level 4)
00:00:00.149016   AdapterType    <integer> = 0x0000000000000000 (0)
00:00:00.149017   CableConnected <integer> = 0x0000000000000001 (1)
00:00:00.149018   LineSpeed      <integer> = 0x0000000000000000 (0)
00:00:00.149018   MAC            <bytes>   = "02 44 a4 14 45 81" (cb=6)
00:00:00.149020 
00:00:00.149020 [/Devices/e1000/0/LUN#0/] (level 4)
00:00:00.149021   Driver <string>  = "NAT" (cb=4)
00:00:00.149021 
00:00:00.149022 [/Devices/e1000/0/LUN#0/Config/] (level 5)
00:00:00.149023   AliasMode          <integer> = 0x0000000000000000 (0)
00:00:00.149024   BootFile           <string>  = "vagr_ub2.pxe" (cb=13)
00:00:00.149024   DNSProxy           <integer> = 0x0000000000000001 (1)
00:00:00.149025   LocalhostReachable <integer> = 0x0000000000000001 (1)
00:00:00.149026   Network            <string>  = "10.0.2.0/24" (cb=12)
00:00:00.149026   PassDomain         <integer> = 0x0000000000000001 (1)
00:00:00.149027   TFTPPrefix         <string>  = "/home/delkabo/.config/VirtualBox/TFTP" (cb=38)
00:00:00.149028   UseHostResolver    <integer> = 0x0000000000000000 (0)
00:00:00.149028 
00:00:00.149029 [/Devices/e1000/0/LUN#0/Config/PortForwarding/] (level 6)
00:00:00.149030 
00:00:00.149030 [/Devices/e1000/0/LUN#0/Config/PortForwarding/0/] (level 7)
00:00:00.149031   BindIP    <string>  = "127.0.0.1" (cb=10)
00:00:00.149032   GuestPort <integer> = 0x0000000000000016 (22)
00:00:00.149033   HostPort  <integer> = 0x0000000000000898 (2 200)
00:00:00.149033   Name      <string>  = "ssh" (cb=4)
00:00:00.149034   Protocol  <string>  = "TCP" (cb=4)
00:00:00.149035 
00:00:00.149035 [/Devices/e1000/0/LUN#999/] (level 4)
00:00:00.149037   Driver <string>  = "MainStatus" (cb=11)
00:00:00.149038 
00:00:00.149038 [/Devices/e1000/0/LUN#999/Config/] (level 5)
00:00:00.149039   First                <integer> = 0x0000000000000000 (0)
00:00:00.149040   HasMediumAttachments <integer> = 0x0000000000000000 (0)
00:00:00.149041   Last                 <integer> = 0x0000000000000000 (0)
00:00:00.149041   iLedSet              <integer> = 0x0000000000000003 (3)
00:00:00.149042 
00:00:00.149042 [/Devices/e1000/1/] (level 3)
00:00:00.149043   PCIBusNo      <integer> = 0x0000000000000000 (0)
00:00:00.149044   PCIDeviceNo   <integer> = 0x0000000000000008 (8)
00:00:00.149045   PCIFunctionNo <integer> = 0x0000000000000000 (0)
00:00:00.149045   Trusted       <integer> = 0x0000000000000001 (1)
00:00:00.149046 
00:00:00.149046 [/Devices/e1000/1/Config/] (level 4)
00:00:00.149047   AdapterType    <integer> = 0x0000000000000000 (0)
00:00:00.149048   CableConnected <integer> = 0x0000000000000001 (1)
00:00:00.149048   LineSpeed      <integer> = 0x0000000000000000 (0)
00:00:00.149049   MAC            <bytes>   = "08 00 27 4e 26 d7" (cb=6)
00:00:00.149050 
00:00:00.149050 [/Devices/e1000/1/LUN#0/] (level 4)
00:00:00.149051   Driver <string>  = "IntNet" (cb=7)
00:00:00.149052 
00:00:00.149052 [/Devices/e1000/1/LUN#0/Config/] (level 5)
00:00:00.149053   IfPolicyPromisc <string>  = "deny" (cb=5)
00:00:00.149054   Network         <string>  = "HostInterfaceNetworking-vboxnet0" (cb=33)
00:00:00.149054   Trunk           <string>  = "vboxnet0" (cb=9)
00:00:00.149055   TrunkType       <integer> = 0x0000000000000003 (3)
00:00:00.149056 
00:00:00.149056 [/Devices/e1000/1/LUN#999/] (level 4)
00:00:00.149057   Driver <string>  = "MainStatus" (cb=11)
00:00:00.149057 
00:00:00.149058 [/Devices/e1000/1/LUN#999/Config/] (level 5)
00:00:00.149059   First                <integer> = 0x0000000000000000 (0)
00:00:00.149060   HasMediumAttachments <integer> = 0x0000000000000000 (0)
00:00:00.149060   Last                 <integer> = 0x0000000000000000 (0)
00:00:00.149061   iLedSet              <integer> = 0x0000000000000004 (4)
00:00:00.149062 
00:00:00.149062 [/Devices/i8254/] (level 2)
00:00:00.149063 
00:00:00.149063 [/Devices/i8254/0/] (level 3)
00:00:00.149064 
00:00:00.149064 [/Devices/i8254/0/Config/] (level 4)
00:00:00.149066 
00:00:00.149066 [/Devices/i8259/] (level 2)
00:00:00.149067 
00:00:00.149067 [/Devices/i8259/0/] (level 3)
00:00:00.149069   Trusted <integer> = 0x0000000000000001 (1)
00:00:00.149069 
00:00:00.149070 [/Devices/i8259/0/Config/] (level 4)
00:00:00.149071 
00:00:00.149071 [/Devices/ichac97/] (level 2)
00:00:00.149072 
00:00:00.149072 [/Devices/ichac97/0/] (level 3)
00:00:00.149073   PCIBusNo      <integer> = 0x0000000000000000 (0)
00:00:00.149073   PCIDeviceNo   <integer> = 0x0000000000000005 (5)
00:00:00.149074   PCIFunctionNo <integer> = 0x0000000000000000 (0)
00:00:00.149075   Trusted       <integer> = 0x0000000000000001 (1)
00:00:00.149075 
00:00:00.149076 [/Devices/ichac97/0/AudioConfig/] (level 4)
00:00:00.149077 
00:00:00.149077 [/Devices/ichac97/0/Config/] (level 4)
00:00:00.149078   Codec        <string>  = "STAC9700" (cb=9)
00:00:00.149078   DebugEnabled <integer> = 0x0000000000000000 (0)
00:00:00.149079 
00:00:00.149079 [/Devices/ichac97/0/LUN#0/] (level 4)
00:00:00.149080   Driver <string>  = "AUDIO" (cb=6)
00:00:00.149081 
00:00:00.149081 [/Devices/ichac97/0/LUN#0/AttachedDriver/] (level 5)
00:00:00.149082   Driver <string>  = "ALSAAudio" (cb=10)
00:00:00.149083 
00:00:00.149083 [/Devices/ichac97/0/LUN#0/AttachedDriver/Config/] (level 6)
00:00:00.149084 
00:00:00.149085 [/Devices/ichac97/0/LUN#0/Config/] (level 5)
00:00:00.149086   DriverName    <string>  = "ALSAAudio" (cb=10)
00:00:00.149086   InputEnabled  <integer> = 0x0000000000000000 (0)
00:00:00.149087   OutputEnabled <integer> = 0x0000000000000000 (0)
00:00:00.149088 
00:00:00.149088 [/Devices/ichac97/0/LUN#1/] (level 4)
00:00:00.149089   Driver <string>  = "AUDIO" (cb=6)
00:00:00.149089 
00:00:00.149090 [/Devices/ioapic/] (level 2)
00:00:00.149090 
00:00:00.149091 [/Devices/ioapic/0/] (level 3)
00:00:00.149091   Trusted <integer> = 0x0000000000000001 (1)
00:00:00.149092 
00:00:00.149092 [/Devices/ioapic/0/Config/] (level 4)
00:00:00.149093   NumCPUs <integer> = 0x0000000000000002 (2)
00:00:00.149094 
00:00:00.149094 [/Devices/lsilogicscsi/] (level 2)
00:00:00.149095 
00:00:00.149095 [/Devices/lsilogicscsi/0/] (level 3)
00:00:00.149096   PCIBusNo      <integer> = 0x0000000000000000 (0)
00:00:00.149098   PCIDeviceNo   <integer> = 0x0000000000000014 (20)
00:00:00.149099   PCIFunctionNo <integer> = 0x0000000000000000 (0)
00:00:00.149100   Trusted       <integer> = 0x0000000000000001 (1)
00:00:00.149100 
00:00:00.149101 [/Devices/lsilogicscsi/0/Config/] (level 4)
00:00:00.149102   Bootable <integer> = 0x0000000000000001 (1)
00:00:00.149102 
00:00:00.149102 [/Devices/lsilogicscsi/0/LUN#0/] (level 4)
00:00:00.149103   Driver <string>  = "SCSI" (cb=5)
00:00:00.149104 
00:00:00.149104 [/Devices/lsilogicscsi/0/LUN#0/AttachedDriver/] (level 5)
00:00:00.149105   Driver <string>  = "VD" (cb=3)
00:00:00.149106 
00:00:00.149106 [/Devices/lsilogicscsi/0/LUN#0/AttachedDriver/Config/] (level 6)
00:00:00.149107   BlockCache <integer> = 0x0000000000000001 (1)
00:00:00.149108   Format     <string>  = "VMDK" (cb=5)
00:00:00.149109   Mountable  <integer> = 0x0000000000000000 (0)
00:00:00.149109   Path       <string>  = "/mnt/goldenfir/vbox/virtualboxes/vagr_ub2/ubuntu-jammy-22.04-cloudimg.vmdk" (cb=75)
00:00:00.149110   Type       <string>  = "HardDisk" (cb=9)
00:00:00.149110   UseNewIo   <integer> = 0x0000000000000001 (1)
00:00:00.149111 
00:00:00.149111 [/Devices/lsilogicscsi/0/LUN#0/AttachedDriver/Config/VDConfig/] (level 7)
00:00:00.149113 
00:00:00.149113 [/Devices/lsilogicscsi/0/LUN#1/] (level 4)
00:00:00.149114   Driver <string>  = "SCSI" (cb=5)
00:00:00.149115 
00:00:00.149115 [/Devices/lsilogicscsi/0/LUN#1/AttachedDriver/] (level 5)
00:00:00.149116   Driver <string>  = "VD" (cb=3)
00:00:00.149116 
00:00:00.149117 [/Devices/lsilogicscsi/0/LUN#1/AttachedDriver/Config/] (level 6)
00:00:00.149118   BlockCache <integer> = 0x0000000000000001 (1)
00:00:00.149119   Format     <string>  = "VMDK" (cb=5)
00:00:00.149119   Mountable  <integer> = 0x0000000000000000 (0)
00:00:00.149120   Path       <string>  = "/mnt/goldenfir/vbox/virtualboxes/vagr_ub2/ubuntu-jammy-22.04-cloudimg-configdrive.vmdk" (cb=87)
00:00:00.149120   Type       <string>  = "HardDisk" (cb=9)
00:00:00.149121   UseNewIo   <integer> = 0x0000000000000001 (1)
00:00:00.149122 
00:00:00.149122 [/Devices/lsilogicscsi/0/LUN#1/AttachedDriver/Config/VDConfig/] (level 7)
00:00:00.149123 
00:00:00.149123 [/Devices/lsilogicscsi/0/LUN#999/] (level 4)
00:00:00.149124   Driver <string>  = "MainStatus" (cb=11)
00:00:00.149125 
00:00:00.149125 [/Devices/lsilogicscsi/0/LUN#999/Config/] (level 5)
00:00:00.149127   DeviceInstance       <string>  = "lsilogicscsi/0" (cb=15)
00:00:00.149128   First                <integer> = 0x0000000000000000 (0)
00:00:00.149129   HasMediumAttachments <integer> = 0x0000000000000001 (1)
00:00:00.149130   Last                 <integer> = 0x000000000000000f (15)
00:00:00.149131   iLedSet              <integer> = 0x0000000000000002 (2)
00:00:00.149131 
00:00:00.149132 [/Devices/mc146818/] (level 2)
00:00:00.149133 
00:00:00.149133 [/Devices/mc146818/0/] (level 3)
00:00:00.149134 
00:00:00.149134 [/Devices/mc146818/0/Config/] (level 4)
00:00:00.149135   UseUTC <integer> = 0x0000000000000001 (1)
00:00:00.149136 
00:00:00.149136 [/Devices/parallel/] (level 2)
00:00:00.149137 
00:00:00.149137 [/Devices/pcarch/] (level 2)
00:00:00.149138 
00:00:00.149138 [/Devices/pcarch/0/] (level 3)
00:00:00.149139   Trusted <integer> = 0x0000000000000001 (1)
00:00:00.149139 
00:00:00.149139 [/Devices/pcarch/0/Config/] (level 4)
00:00:00.149140 
00:00:00.149141 [/Devices/pcbios/] (level 2)
00:00:00.149142 
00:00:00.149142 [/Devices/pcbios/0/] (level 3)
00:00:00.149143   Trusted <integer> = 0x0000000000000001 (1)
00:00:00.149143 
00:00:00.149144 [/Devices/pcbios/0/Config/] (level 4)
00:00:00.149145   APIC               <integer> = 0x0000000000000001 (1)
00:00:00.149146   BootDevice0        <string>  = "FLOPPY" (cb=7)
00:00:00.149146   BootDevice1        <string>  = "DVD" (cb=4)
00:00:00.149147   BootDevice2        <string>  = "IDE" (cb=4)
00:00:00.149147   BootDevice3        <string>  = "NONE" (cb=5)
00:00:00.149148   FloppyDevice       <string>  = "i82078" (cb=7)
00:00:00.149148   HardDiskDevice     <string>  = "piix3ide" (cb=9)
00:00:00.149149   IOAPIC             <integer> = 0x0000000000000001 (1)
00:00:00.149150   McfgBase           <integer> = 0x0000000000000000 (0)
00:00:00.149151   McfgLength         <integer> = 0x0000000000000000 (0)
00:00:00.149151   NumCPUs            <integer> = 0x0000000000000002 (2)
00:00:00.149152   PXEDebug           <integer> = 0x0000000000000000 (0)
00:00:00.149153   ScsiHardDiskDevice <string>  = "lsilogicscsi" (cb=13)
00:00:00.149153   ScsiLUN1           <integer> = 0x0000000000000000 (0)
00:00:00.149154   ScsiLUN2           <integer> = 0x0000000000000001 (1)
00:00:00.149155   UUID               <bytes>   = "f7 cd f1 9c e1 65 28 43 a2 46 20 13 1a 16 69 1b" (cb=16)
00:00:00.149157   UuidLe             <integer> = 0x0000000000000001 (1)
00:00:00.149157 
00:00:00.149157 [/Devices/pcbios/0/Config/NetBoot/] (level 5)
00:00:00.149160 
00:00:00.149160 [/Devices/pcbios/0/Config/NetBoot/0/] (level 6)
00:00:00.149162   NIC           <integer> = 0x0000000000000000 (0)
00:00:00.149163   PCIBusNo      <integer> = 0x0000000000000000 (0)
00:00:00.149163   PCIDeviceNo   <integer> = 0x0000000000000003 (3)
00:00:00.149164   PCIFunctionNo <integer> = 0x0000000000000000 (0)
00:00:00.149165 
00:00:00.149165 [/Devices/pci/] (level 2)
00:00:00.149166 
00:00:00.149166 [/Devices/pci/0/] (level 3)
00:00:00.149167   Trusted <integer> = 0x0000000000000001 (1)
00:00:00.149167 
00:00:00.149168 [/Devices/pci/0/Config/] (level 4)
00:00:00.149169   IOAPIC <integer> = 0x0000000000000001 (1)
00:00:00.149169 
00:00:00.149169 [/Devices/pcibridge/] (level 2)
00:00:00.149170 
00:00:00.149170 [/Devices/pckbd/] (level 2)
00:00:00.149171 
00:00:00.149171 [/Devices/pckbd/0/] (level 3)
00:00:00.149172   Trusted <integer> = 0x0000000000000001 (1)
00:00:00.149173 
00:00:00.149173 [/Devices/pckbd/0/Config/] (level 4)
00:00:00.149174 
00:00:00.149174 [/Devices/pckbd/0/LUN#0/] (level 4)
00:00:00.149175   Driver <string>  = "KeyboardQueue" (cb=14)
00:00:00.149176 
00:00:00.149176 [/Devices/pckbd/0/LUN#0/AttachedDriver/] (level 5)
00:00:00.149177   Driver <string>  = "MainKeyboard" (cb=13)
00:00:00.149178 
00:00:00.149178 [/Devices/pckbd/0/LUN#0/Config/] (level 5)
00:00:00.149179   QueueSize <integer> = 0x0000000000000040 (64, 64 B)
00:00:00.149180 
00:00:00.149180 [/Devices/pckbd/0/LUN#1/] (level 4)
00:00:00.149181   Driver <string>  = "MouseQueue" (cb=11)
00:00:00.149181 
00:00:00.149182 [/Devices/pckbd/0/LUN#1/AttachedDriver/] (level 5)
00:00:00.149183   Driver <string>  = "MainMouse" (cb=10)
00:00:00.149183 
00:00:00.149184 [/Devices/pckbd/0/LUN#1/Config/] (level 5)
00:00:00.149185   QueueSize <integer> = 0x0000000000000080 (128, 128 B)
00:00:00.149185 
00:00:00.149186 [/Devices/pcnet/] (level 2)
00:00:00.149186 
00:00:00.149187 [/Devices/piix3ide/] (level 2)
00:00:00.149188 
00:00:00.149188 [/Devices/piix3ide/0/] (level 3)
00:00:00.149190   PCIBusNo      <integer> = 0x0000000000000000 (0)
00:00:00.149191   PCIDeviceNo   <integer> = 0x0000000000000001 (1)
00:00:00.149191   PCIFunctionNo <integer> = 0x0000000000000001 (1)
00:00:00.149192   Trusted       <integer> = 0x0000000000000001 (1)
00:00:00.149193 
00:00:00.149193 [/Devices/piix3ide/0/Config/] (level 4)
00:00:00.149194   Type <string>  = "PIIX4" (cb=6)
00:00:00.149194 
00:00:00.149195 [/Devices/piix3ide/0/LUN#999/] (level 4)
00:00:00.149196   Driver <string>  = "MainStatus" (cb=11)
00:00:00.149196 
00:00:00.149196 [/Devices/piix3ide/0/LUN#999/Config/] (level 5)
00:00:00.149197   DeviceInstance       <string>  = "piix3ide/0" (cb=11)
00:00:00.149198   First                <integer> = 0x0000000000000000 (0)
00:00:00.149199   HasMediumAttachments <integer> = 0x0000000000000001 (1)
00:00:00.149199   Last                 <integer> = 0x0000000000000003 (3)
00:00:00.149200   iLedSet              <integer> = 0x0000000000000001 (1)
00:00:00.149201 
00:00:00.149201 [/Devices/serial/] (level 2)
00:00:00.149202 
00:00:00.149202 [/Devices/serial/0/] (level 3)
00:00:00.149203   Trusted <integer> = 0x0000000000000001 (1)
00:00:00.149204 
00:00:00.149204 [/Devices/serial/0/Config/] (level 4)
00:00:00.149205   IOBase   <integer> = 0x00000000000003f8 (1 016)
00:00:00.149206   IRQ      <integer> = 0x0000000000000004 (4)
00:00:00.149206   UartType <string>  = "16550A" (cb=7)
00:00:00.149207 
00:00:00.149207 [/Devices/serial/0/LUN#0/] (level 4)
00:00:00.149208   Driver <string>  = "Char" (cb=5)
00:00:00.149209 
00:00:00.149209 [/Devices/serial/0/LUN#0/AttachedDriver/] (level 5)
00:00:00.149210   Driver <string>  = "RawFile" (cb=8)
00:00:00.149210 
00:00:00.149211 [/Devices/serial/0/LUN#0/AttachedDriver/Config/] (level 6)
00:00:00.149212   Location <string>  = "/dev/null" (cb=10)
00:00:00.149212 
00:00:00.149213 [/Devices/vga/] (level 2)
00:00:00.149213 
00:00:00.149214 [/Devices/vga/0/] (level 3)
00:00:00.149214   PCIBusNo      <integer> = 0x0000000000000000 (0)
00:00:00.149215   PCIDeviceNo   <integer> = 0x0000000000000002 (2)
00:00:00.149216   PCIFunctionNo <integer> = 0x0000000000000000 (0)
00:00:00.149216   Trusted       <integer> = 0x0000000000000001 (1)
00:00:00.149217 
00:00:00.149217 [/Devices/vga/0/Config/] (level 4)
00:00:00.149219   3DEnabled        <integer> = 0x0000000000000000 (0)
00:00:00.149221   CustomVideoModes <integer> = 0x0000000000000000 (0)
00:00:00.149221   FadeIn           <integer> = 0x0000000000000001 (1)
00:00:00.149222   FadeOut          <integer> = 0x0000000000000001 (1)
00:00:00.149223   HeightReduction  <integer> = 0x0000000000000000 (0)
00:00:00.149223   LogoFile         <string>  = "" (cb=1)
00:00:00.149224   LogoTime         <integer> = 0x0000000000000000 (0)
00:00:00.149225   MonitorCount     <integer> = 0x0000000000000001 (1)
00:00:00.149225   ShowBootMenu     <integer> = 0x0000000000000002 (2)
00:00:00.149226   VRamSize         <integer> = 0x0000000001000000 (16 777 216, 16.0 MiB)
00:00:00.149227 
00:00:00.149227 [/Devices/vga/0/LUN#0/] (level 4)
00:00:00.149228   Driver <string>  = "MainDisplay" (cb=12)
00:00:00.149229 
00:00:00.149229 [/Devices/vga/0/LUN#0/Config/] (level 5)
00:00:00.149230 
00:00:00.149230 [/Devices/vga/0/LUN#999/] (level 4)
00:00:00.149231   Driver <string>  = "MainStatus" (cb=11)
00:00:00.149232 
00:00:00.149232 [/Devices/vga/0/LUN#999/Config/] (level 5)
00:00:00.149233   First                <integer> = 0x0000000000000000 (0)
00:00:00.149234   HasMediumAttachments <integer> = 0x0000000000000000 (0)
00:00:00.149235   Last                 <integer> = 0x0000000000000000 (0)
00:00:00.149235   iLedSet              <integer> = 0x0000000000000000 (0)
00:00:00.149236 
00:00:00.149236 [/Devices/virtio-net/] (level 2)
00:00:00.149237 
00:00:00.149238 [/EM/] (level 1)
00:00:00.149238   TripleFaultReset <integer> = 0x0000000000000000 (0)
00:00:00.149239 
00:00:00.149239 [/GCM/] (level 1)
00:00:00.149240   FixerSet <integer> = 0x0000000000000000 (0)
00:00:00.149240 
00:00:00.149241 [/GIM/] (level 1)
00:00:00.149241   Provider <string>  = "KVM" (cb=4)
00:00:00.149242 
00:00:00.149242 [/HM/] (level 1)
00:00:00.149244   64bitEnabled        <integer> = 0x0000000000000001 (1)
00:00:00.149245   EnableLargePages    <integer> = 0x0000000000000001 (1)
00:00:00.149245   EnableNestedPaging  <integer> = 0x0000000000000001 (1)
00:00:00.149246   EnableUX            <integer> = 0x0000000000000001 (1)
00:00:00.149247   EnableVPID          <integer> = 0x0000000000000001 (1)
00:00:00.149247   Exclusive           <integer> = 0x0000000000000001 (1)
00:00:00.149248   HMForced            <integer> = 0x0000000000000001 (1)
00:00:00.149250   IBPBOnVMEntry       <integer> = 0x0000000000000000 (0)
00:00:00.149251   IBPBOnVMExit        <integer> = 0x0000000000000000 (0)
00:00:00.149252   L1DFlushOnSched     <integer> = 0x0000000000000001 (1)
00:00:00.149252   L1DFlushOnVMEntry   <integer> = 0x0000000000000000 (0)
00:00:00.149253   MDSClearOnSched     <integer> = 0x0000000000000001 (1)
00:00:00.149254   MDSClearOnVMEntry   <integer> = 0x0000000000000000 (0)
00:00:00.149254   SpecCtrlByHost      <integer> = 0x0000000000000000 (0)
00:00:00.149255   SvmVirtVmsaveVmload <integer> = 0x0000000000000001 (1)
00:00:00.149256   UseNEMInstead       <integer> = 0x0000000000000000 (0)
00:00:00.149256 
00:00:00.149257 [/MM/] (level 1)
00:00:00.149257   CanUseLargerHeap <integer> = 0x0000000000000000 (0)
00:00:00.149258 
00:00:00.149258 [/NEM/] (level 1)
00:00:00.149259   Allow64BitGuests <integer> = 0x0000000000000001 (1)
00:00:00.149259 
00:00:00.149260 [/PDM/] (level 1)
00:00:00.149260 
00:00:00.149260 [/PDM/AsyncCompletion/] (level 2)
00:00:00.149261 
00:00:00.149262 [/PDM/AsyncCompletion/File/] (level 3)
00:00:00.149262 
00:00:00.149263 [/PDM/AsyncCompletion/File/BwGroups/] (level 4)
00:00:00.149264 
00:00:00.149264 [/PDM/BlkCache/] (level 2)
00:00:00.149265   CacheSize <integer> = 0x0000000000500000 (5 242 880, 5.0 MiB)
00:00:00.149266 
00:00:00.149266 [/PDM/Devices/] (level 2)
00:00:00.149267 
00:00:00.149267 [/PDM/Drivers/] (level 2)
00:00:00.149268 
00:00:00.149268 [/PDM/Drivers/VBoxC/] (level 3)
00:00:00.149269   Path <string>  = "/usr/lib/virtualbox/components/VBoxC" (cb=37)
00:00:00.149269 
00:00:00.149270 [/PDM/NetworkShaper/] (level 2)
00:00:00.149270 
00:00:00.149271 [/PDM/NetworkShaper/BwGroups/] (level 3)
00:00:00.149272 
00:00:00.149272 [/TM/] (level 1)
00:00:00.149273   UTCOffset <integer> = 0x0000000000000000 (0)
00:00:00.149273 
00:00:00.149274 ********************* End of CFGM dump **********************
00:00:00.149388 HM: HMR3Init: AMD-V w/ nested paging
00:00:00.149460 CPUM: fXStateHostMask=0x7; initial: 0x7; host XCR0=0x7
00:00:00.150334 CPUM: Matched host CPU AMD 0x17/0x1/0x1 AMD_Zen_Ryzen with CPU DB entry 'AMD Ryzen 7 1800X Eight-Core' (AMD 0x17/0x1/0x1 AMD_Zen_Ryzen)
00:00:00.151293 CPUM: MXCSR_MASK=0x2ffff (host: 0x2ffff)
00:00:00.151312 CPUM: Microcode revision 0x08001138
00:00:00.151323 CPUM: MSR fudge: 0x00000001 IA32_P5_MC_TYPE
00:00:00.151327 CPUM: MSR fudge: 0x00000017 IA32_PLATFORM_ID
00:00:00.151357 CPUM: MSR fudge: 0x0000001b IA32_APIC_BASE
00:00:00.151360 CPUM: MSR fudge: 0x0000008b BIOS_SIGN
00:00:00.151362 CPUM: MSR fudge: 0x000000fe IA32_MTRRCAP
00:00:00.151364 CPUM: MSR fudge: 0x00000179 IA32_MCG_CAP
00:00:00.151366 CPUM: MSR fudge: 0x0000017a IA32_MCG_STATUS
00:00:00.151368 CPUM: MSR fudge: 0x000001a0 IA32_MISC_ENABLE
00:00:00.151390 CPUM: MSR fudge: 0x000001d9 IA32_DEBUGCTL
00:00:00.151393 CPUM: MSR fudge: 0x000001db P6_LAST_BRANCH_FROM_IP
00:00:00.151395 CPUM: MSR fudge: 0x000001dc P6_LAST_BRANCH_TO_IP
00:00:00.151396 CPUM: MSR fudge: 0x000001dd P6_LAST_INT_FROM_IP
00:00:00.151398 CPUM: MSR fudge: 0x000001de P6_LAST_INT_TO_IP
00:00:00.151400 CPUM: MSR fudge: 0x00000277 IA32_PAT
00:00:00.151402 CPUM: MSR fudge: 0x000002ff IA32_MTRR_DEF_TYPE
00:00:00.151424 CPUM: MSR fudge: 0x00000400 IA32_MCi_CTL_STATUS_ADDR_MISC
00:00:00.151454 CPUM: MSR fudge: 0x0000002c P4_EBC_FREQUENCY_ID
00:00:00.151480 CPUM: MSR fudge: 0xc0000103 AMD64_TSC_AUX
00:00:00.151621 CPUM: SetGuestCpuIdFeature: Enabled SYSENTER/EXIT
00:00:00.151624 CPUM: SetGuestCpuIdFeature: Enabled SYSCALL/RET
00:00:00.151626 CPUM: SetGuestCpuIdFeature: Enabled PAE
00:00:00.151628 CPUM: SetGuestCpuIdFeature: Enabled LAHF/SAHF
00:00:00.151630 CPUM: SetGuestCpuIdFeature: Enabled NX
00:00:00.151632 CPUM: SetGuestCpuIdFeature: Enabled LONG MODE
00:00:00.151635 CPUM: Set SSBD not required flag for AMD to work around some buggy Linux kernels!
00:00:00.151968 PGM: Host paging mode: AMD64+PGE+NX
00:00:00.151975 PGM: PGMPool: cMaxPages=768 (u64MaxPages=545)
00:00:00.151977 PGM: pgmR3PoolInit: cMaxPages=0x300 cMaxUsers=0x600 cMaxPhysExts=0x600 fCacheEnable=true
00:00:00.152922 PGM: /proc/sys/vm/max_map_count = 1048576 (rc2=VWRN_TRAILING_CHARS); cGuessNeeded=16384
00:00:00.155433 TM: GIP - u32Mode=3 (Invariant) u32UpdateHz=100 u32UpdateIntervalNS=10000000 enmUseTscDelta=2 (Practically Zero) fGetGipCpu=0x2b cCpus=32
00:00:00.155476 TM: GIP - u64CpuHz=3 193 998 558 (0xbe608cde)  SUPGetCpuHzFromGip => 3 193 998 558
00:00:00.155483 TM: GIP - CPU: iCpuSet=0x0 idCpu=0x0 idApic=0x0 iGipCpu=0x6 i64TSCDelta=0 enmState=3 u64CpuHz=3193998301(*) cErrors=0
00:00:00.155487 TM: GIP - CPU: iCpuSet=0x1 idCpu=0x1 idApic=0x2 iGipCpu=0x5 i64TSCDelta=0 enmState=3 u64CpuHz=3193998558(*) cErrors=0
00:00:00.155490 TM: GIP - CPU: iCpuSet=0x2 idCpu=0x2 idApic=0x8 iGipCpu=0x3 i64TSCDelta=0 enmState=3 u64CpuHz=3193998558(*) cErrors=0
00:00:00.155492 TM: GIP - CPU: iCpuSet=0x3 idCpu=0x3 idApic=0xa iGipCpu=0x1 i64TSCDelta=0 enmState=3 u64CpuHz=3193998558(*) cErrors=0
00:00:00.155495 TM: GIP - CPU: iCpuSet=0x4 idCpu=0x4 idApic=0x1 iGipCpu=0x7 i64TSCDelta=0 enmState=3 u64CpuHz=3193998558(*) cErrors=0
00:00:00.155498 TM: GIP - CPU: iCpuSet=0x5 idCpu=0x5 idApic=0x3 iGipCpu=0x4 i64TSCDelta=0 enmState=3 u64CpuHz=3193998558(*) cErrors=0
00:00:00.155500 TM: GIP - CPU: iCpuSet=0x6 idCpu=0x6 idApic=0x9 iGipCpu=0x2 i64TSCDelta=0 enmState=3 u64CpuHz=3193998558(*) cErrors=0
00:00:00.155503 TM: GIP - CPU: iCpuSet=0x7 idCpu=0x7 idApic=0xb iGipCpu=0x0 i64TSCDelta=0 enmState=3 u64CpuHz=3193998558(*) cErrors=0
00:00:00.155529 TM:     cTSCTicksPerSecond=3 193 998 558 (0xbe608cde) enmTSCMode=1 (VirtTSCEmulated)
00:00:00.155530 TM: cTSCTicksPerSecondHost=3 193 998 558 (0xbe608cde)
00:00:00.155531 TM: TSCTiedToExecution=false TSCNotTiedToHalt=false
00:00:00.156124 EMR3Init: fIemExecutesAll=false fGuruOnTripleFault=true
00:00:00.156432 IEM: TargetCpu=CURRENT, Microarch=AMD_Zen_Ryzen aidxTargetCpuEflFlavour={2,0}
00:00:00.156740 GIM: Using provider 'KVM' (Implementation version: 0)
00:00:00.156750 CPUM: SetGuestCpuIdFeature: Enabled Hypervisor Present bit
00:00:00.156853 GCM: Initialized (fixer bits: 0x0)
00:00:00.173481 AIOMgr: Default manager type is 'Async'
00:00:00.173514 AIOMgr: Default file backend is 'NonBuffered'
00:00:00.173641 BlkCache: Cache successfully initialized. Cache size is 5242880 bytes
00:00:00.173659 BlkCache: Cache commit interval is 10000 ms
00:00:00.173661 BlkCache: Cache commit threshold is 2621440 bytes
00:00:00.174996 PcBios: [SMP] BIOS with 2 CPUs
00:00:00.175021 PcBios: Using the 386+ BIOS image.
00:00:00.175105 PcBios: MPS table at 000e1300
00:00:00.176022 PcBios: fCheckShutdownStatusForSoftReset=true  fClearShutdownStatusOnHardReset=true
00:00:00.176067 SUP: Opened VBoxDDR0.r0 (/usr/lib/virtualbox/VBoxDDR0.r0) at 0xXXXXXXXXXXXXXXXX.
00:00:00.176400 CPUM: SetGuestCpuIdFeature: Enabled xAPIC
00:00:00.176405 CPUM: SetGuestCpuIdFeature: Enabled x2APIC
00:00:00.177527 IOAPIC: Version=2.0 ChipType=ICH9
00:00:00.177604 PIT: mode=3 count=0x10000 (65536) - 18.20 Hz (ch=0)
00:00:00.177850 VMMDev: cbDefaultBudget: 694 902 784 (296b6000)
00:00:00.181357 Shared Folders service loaded
00:00:00.181958 Guest Control service loaded
00:00:00.192892 VGA: Using the 386+ BIOS image.
00:00:00.193576 DrvVD: Flushes will be ignored
00:00:00.193597 DrvVD: Async flushes will be passed to the disk
00:00:00.197355 VD: VDInit finished with VINF_SUCCESS
00:00:00.197721 AIOMgr: Endpoint for file '/mnt/goldenfir/vbox/virtualboxes/vagr_ub2/ubuntu-jammy-22.04-cloudimg.vmdk' (flags 000c0723) created successfully
00:00:00.247362 VD: Opening the disk took 50186633 ns
00:00:00.247498 DrvVD: Flushes will be ignored
00:00:00.247504 DrvVD: Async flushes will be passed to the disk
00:00:00.251574 AIOMgr: Endpoint for file '/mnt/goldenfir/vbox/virtualboxes/vagr_ub2/ubuntu-jammy-22.04-cloudimg-configdrive.vmdk' (flags 000c0723) created successfully
00:00:00.264492 VD: Opening the disk took 13056843 ns
00:00:00.265600 PIIX3 ATA: LUN#0: no unit
00:00:00.265624 PIIX3 ATA: LUN#1: no unit
00:00:00.265702 PIIX3 ATA: LUN#2: no unit
00:00:00.265707 PIIX3 ATA: LUN#3: no unit
00:00:00.265808 PIIX3 ATA: Ctl#0: finished processing RESET
00:00:00.265823 PIIX3 ATA: Ctl#1: finished processing RESET
00:00:00.265911 E1000#0: Chip=82540EM LinkUpDelay=5000ms EthernetCRC=on GSO=enabled Itr=disabled ItrRx=enabled TID=disabled R0=enabled RC=disabled
00:00:00.278218 NAT: Guest address guess set to 10.0.2.15 by initialization
00:00:00.278391 NAT: resolv.conf: nameserver 127.0.0.53
00:00:00.278397 NAT: resolv.conf: ignoring "options edns0 trust-ad"
00:00:00.278406 NAT: DNS server 127.0.0.53 registration detected, switching to the DNS proxy
00:00:00.278409 NAT: Adding domain name .
00:00:00.278412 NAT: DNS#0: 127.0.0.53
00:00:00.278504 NAT: Set redirect TCP 127.0.0.1:2200 -> 0.0.0.0:22
00:00:00.279279 E1000#1: Chip=82540EM LinkUpDelay=5000ms EthernetCRC=on GSO=enabled Itr=disabled ItrRx=enabled TID=disabled R0=enabled RC=disabled
00:00:00.279359 IntNet#0: szNetwork={HostInterfaceNetworking-vboxnet0} enmTrunkType=3 szTrunk={vboxnet0} fFlags=0x8000 cbRecv=325632 cbSend=196608 fIgnoreConnectFailure=false
00:00:00.279885 AC97: Using codec 'STAC9700'
00:00:00.279956 Audio: Initializing ALSA driver
00:00:00.328140 Audio: Found 38 devices for driver 'ALSA'
00:00:00.328164 Audio: Device 'PipeWire Sound Server':
00:00:00.328164 Audio:   ID              = pipewire
00:00:00.328165 Audio:   Usage           = duplex
00:00:00.328165 Audio:   Flags           = NONE
00:00:00.328165 Audio:   Input channels  = 2
00:00:00.328166 Audio:   Output channels = 2
00:00:00.328168 Audio: Device 'Default ALSA Output (currently PipeWire Media Server)':
00:00:00.328169 Audio:   ID              = default
00:00:00.328169 Audio:   Usage           = duplex
00:00:00.328169 Audio:   Flags           = NONE
00:00:00.328169 Audio:   Input channels  = 2
00:00:00.328170 Audio:   Output channels = 2
00:00:00.328173 Audio: Device 'Direct hardware device without any conversions (HDA NVidia, MT-24ECM)':
00:00:00.328173 Audio:   ID              = hw:CARD=NVidia,DEV=3
00:00:00.328174 Audio:   Usage           = output
00:00:00.328174 Audio:   Flags           = NONE
00:00:00.328174 Audio:   Input channels  = 0
00:00:00.328175 Audio:   Output channels = 2
00:00:00.328177 Audio: Device 'Direct hardware device without any conversions (HDA NVidia, HDMI 1)':
00:00:00.328177 Audio:   ID              = hw:CARD=NVidia,DEV=7
00:00:00.328177 Audio:   Usage           = output
00:00:00.328177 Audio:   Flags           = NONE
00:00:00.328178 Audio:   Input channels  = 0
00:00:00.328178 Audio:   Output channels = 2
00:00:00.328193 Audio: Device 'Direct hardware device without any conversions (HDA NVidia, HDMI 2)':
00:00:00.328193 Audio:   ID              = hw:CARD=NVidia,DEV=8
00:00:00.328194 Audio:   Usage           = output
00:00:00.328194 Audio:   Flags           = NONE
00:00:00.328194 Audio:   Input channels  = 0
00:00:00.328195 Audio:   Output channels = 2
00:00:00.328197 Audio: Device 'Direct hardware device without any conversions (HDA NVidia, HDMI 3)':
00:00:00.328197 Audio:   ID              = hw:CARD=NVidia,DEV=9
00:00:00.328197 Audio:   Usage           = output
00:00:00.328197 Audio:   Flags           = NONE
00:00:00.328198 Audio:   Input channels  = 0
00:00:00.328198 Audio:   Output channels = 2
00:00:00.328200 Audio: Device 'Hardware device with all software conversions (HDA NVidia, MT-24ECM)':
00:00:00.328200 Audio:   ID              = plughw:CARD=NVidia,DEV=3
00:00:00.328201 Audio:   Usage           = output
00:00:00.328201 Audio:   Flags           = NONE
00:00:00.328201 Audio:   Input channels  = 0
00:00:00.328201 Audio:   Output channels = 2
00:00:00.328203 Audio: Device 'Hardware device with all software conversions (HDA NVidia, HDMI 1)':
00:00:00.328203 Audio:   ID              = plughw:CARD=NVidia,DEV=7
00:00:00.328204 Audio:   Usage           = output
00:00:00.328204 Audio:   Flags           = NONE
00:00:00.328204 Audio:   Input channels  = 0
00:00:00.328205 Audio:   Output channels = 2
00:00:00.328206 Audio: Device 'Hardware device with all software conversions (HDA NVidia, HDMI 2)':
00:00:00.328207 Audio:   ID              = plughw:CARD=NVidia,DEV=8
00:00:00.328207 Audio:   Usage           = output
00:00:00.328207 Audio:   Flags           = NONE
00:00:00.328207 Audio:   Input channels  = 0
00:00:00.328208 Audio:   Output channels = 2
00:00:00.328210 Audio: Device 'Hardware device with all software conversions (HDA NVidia, HDMI 3)':
00:00:00.328210 Audio:   ID              = plughw:CARD=NVidia,DEV=9
00:00:00.328210 Audio:   Usage           = output
00:00:00.328210 Audio:   Flags           = NONE
00:00:00.328211 Audio:   Input channels  = 0
00:00:00.328211 Audio:   Output channels = 2
00:00:00.328213 Audio: Device 'HDMI Audio Output (HDA NVidia, MT-24ECM)':
00:00:00.328213 Audio:   ID              = hdmi:CARD=NVidia,DEV=0
00:00:00.328213 Audio:   Usage           = output
00:00:00.328214 Audio:   Flags           = NONE
00:00:00.328214 Audio:   Input channels  = 0
00:00:00.328214 Audio:   Output channels = 2
00:00:00.328216 Audio: Device 'HDMI Audio Output (HDA NVidia, HDMI 1)':
00:00:00.328216 Audio:   ID              = hdmi:CARD=NVidia,DEV=1
00:00:00.328217 Audio:   Usage           = output
00:00:00.328217 Audio:   Flags           = NONE
00:00:00.328217 Audio:   Input channels  = 0
00:00:00.328217 Audio:   Output channels = 2
00:00:00.328219 Audio: Device 'HDMI Audio Output (HDA NVidia, HDMI 2)':
00:00:00.328220 Audio:   ID              = hdmi:CARD=NVidia,DEV=2
00:00:00.328220 Audio:   Usage           = output
00:00:00.328220 Audio:   Flags           = NONE
00:00:00.328220 Audio:   Input channels  = 0
00:00:00.328221 Audio:   Output channels = 2
00:00:00.328222 Audio: Device 'HDMI Audio Output (HDA NVidia, HDMI 3)':
00:00:00.328223 Audio:   ID              = hdmi:CARD=NVidia,DEV=3
00:00:00.328223 Audio:   Usage           = output
00:00:00.328223 Audio:   Flags           = NONE
00:00:00.328224 Audio:   Input channels  = 0
00:00:00.328224 Audio:   Output channels = 2
00:00:00.328226 Audio: Device 'Direct sample mixing device (HDA NVidia, MT-24ECM)':
00:00:00.328226 Audio:   ID              = dmix:CARD=NVidia,DEV=3
00:00:00.328226 Audio:   Usage           = output
00:00:00.328226 Audio:   Flags           = NONE
00:00:00.328227 Audio:   Input channels  = 0
00:00:00.328227 Audio:   Output channels = 2
00:00:00.328229 Audio: Device 'Direct sample mixing device (HDA NVidia, HDMI 1)':
00:00:00.328229 Audio:   ID              = dmix:CARD=NVidia,DEV=7
00:00:00.328229 Audio:   Usage           = output
00:00:00.328230 Audio:   Flags           = NONE
00:00:00.328230 Audio:   Input channels  = 0
00:00:00.328230 Audio:   Output channels = 2
00:00:00.328242 Audio: Device 'Direct sample mixing device (HDA NVidia, HDMI 2)':
00:00:00.328242 Audio:   ID              = dmix:CARD=NVidia,DEV=8
00:00:00.328242 Audio:   Usage           = output
00:00:00.328243 Audio:   Flags           = NONE
00:00:00.328243 Audio:   Input channels  = 0
00:00:00.328243 Audio:   Output channels = 2
00:00:00.328245 Audio: Device 'Direct sample mixing device (HDA NVidia, HDMI 3)':
00:00:00.328245 Audio:   ID              = dmix:CARD=NVidia,DEV=9
00:00:00.328246 Audio:   Usage           = output
00:00:00.328246 Audio:   Flags           = NONE
00:00:00.328246 Audio:   Input channels  = 0
00:00:00.328246 Audio:   Output channels = 2
00:00:00.328248 Audio: Device 'Direct hardware device without any conversions (USB Composite Device, USB Audio)':
00:00:00.328249 Audio:   ID              = hw:CARD=Device,DEV=0
00:00:00.328249 Audio:   Usage           = input
00:00:00.328249 Audio:   Flags           = NONE
00:00:00.328249 Audio:   Input channels  = 2
00:00:00.328250 Audio:   Output channels = 0
00:00:00.328252 Audio: Device 'Hardware device with all software conversions (USB Composite Device, USB Audio)':
00:00:00.328252 Audio:   ID              = plughw:CARD=Device,DEV=0
00:00:00.328252 Audio:   Usage           = input
00:00:00.328252 Audio:   Flags           = NONE
00:00:00.328253 Audio:   Input channels  = 2
00:00:00.328253 Audio:   Output channels = 0
00:00:00.328255 Audio: Device 'Default Audio Device (USB Composite Device, USB Audio)':
00:00:00.328255 Audio:   ID              = sysdefault:CARD=Device
00:00:00.328255 Audio:   Usage           = input
00:00:00.328256 Audio:   Flags           = NONE
00:00:00.328256 Audio:   Input channels  = 2
00:00:00.328256 Audio:   Output channels = 0
00:00:00.328258 Audio: Device 'Front output / input (USB Composite Device, USB Audio)':
00:00:00.328258 Audio:   ID              = front:CARD=Device,DEV=0
00:00:00.328259 Audio:   Usage           = input
00:00:00.328259 Audio:   Flags           = NONE
00:00:00.328259 Audio:   Input channels  = 2
00:00:00.328259 Audio:   Output channels = 0
00:00:00.328261 Audio: Device 'Direct sample snooping device (USB Composite Device, USB Audio)':
00:00:00.328262 Audio:   ID              = dsnoop:CARD=Device,DEV=0
00:00:00.328262 Audio:   Usage           = input
00:00:00.328262 Audio:   Flags           = NONE
00:00:00.328262 Audio:   Input channels  = 2
00:00:00.328263 Audio:   Output channels = 0
00:00:00.328265 Audio: Device 'Direct hardware device without any conversions (HD-Audio Generic, ALC892 Analog)':
00:00:00.328265 Audio:   ID              = hw:CARD=Generic,DEV=0
00:00:00.328265 Audio:   Usage           = duplex
00:00:00.328265 Audio:   Flags           = NONE
00:00:00.328266 Audio:   Input channels  = 2
00:00:00.328266 Audio:   Output channels = 2
00:00:00.328268 Audio: Device 'Direct hardware device without any conversions (HD-Audio Generic, ALC892 Alt Analog)':
00:00:00.328268 Audio:   ID              = hw:CARD=Generic,DEV=2
00:00:00.328268 Audio:   Usage           = input
00:00:00.328269 Audio:   Flags           = NONE
00:00:00.328269 Audio:   Input channels  = 2
00:00:00.328269 Audio:   Output channels = 0
00:00:00.328271 Audio: Device 'Hardware device with all software conversions (HD-Audio Generic, ALC892 Analog)':
00:00:00.328271 Audio:   ID              = plughw:CARD=Generic,DEV=0
00:00:00.328272 Audio:   Usage           = duplex
00:00:00.328272 Audio:   Flags           = NONE
00:00:00.328272 Audio:   Input channels  = 2
00:00:00.328272 Audio:   Output channels = 2
00:00:00.328274 Audio: Device 'Hardware device with all software conversions (HD-Audio Generic, ALC892 Alt Analog)':
00:00:00.328275 Audio:   ID              = plughw:CARD=Generic,DEV=2
00:00:00.328275 Audio:   Usage           = input
00:00:00.328275 Audio:   Flags           = NONE
00:00:00.328275 Audio:   Input channels  = 2
00:00:00.328276 Audio:   Output channels = 0
00:00:00.328281 Audio: Device 'Default Audio Device (HD-Audio Generic, ALC892 Analog)':
00:00:00.328282 Audio:   ID              = sysdefault:CARD=Generic
00:00:00.328282 Audio:   Usage           = duplex
00:00:00.328282 Audio:   Flags           = NONE
00:00:00.328282 Audio:   Input channels  = 2
00:00:00.328283 Audio:   Output channels = 2
00:00:00.328284 Audio: Device 'Front output / input (HD-Audio Generic, ALC892 Analog)':
00:00:00.328285 Audio:   ID              = front:CARD=Generic,DEV=0
00:00:00.328285 Audio:   Usage           = duplex
00:00:00.328285 Audio:   Flags           = NONE
00:00:00.328286 Audio:   Input channels  = 2
00:00:00.328286 Audio:   Output channels = 2
00:00:00.328288 Audio: Device '2.1 Surround output to Front and Subwoofer speakers (HD-Audio Generic, ALC892 Analog)':
00:00:00.328288 Audio:   ID              = surround21:CARD=Generic,DEV=0
00:00:00.328288 Audio:   Usage           = output
00:00:00.328289 Audio:   Flags           = NONE
00:00:00.328289 Audio:   Input channels  = 0
00:00:00.328289 Audio:   Output channels = 2
00:00:00.328291 Audio: Device '4.0 Surround output to Front and Rear speakers (HD-Audio Generic, ALC892 Analog)':
00:00:00.328291 Audio:   ID              = surround40:CARD=Generic,DEV=0
00:00:00.328292 Audio:   Usage           = output
00:00:00.328292 Audio:   Flags           = NONE
00:00:00.328293 Audio:   Input channels  = 0
00:00:00.328293 Audio:   Output channels = 2
00:00:00.328295 Audio: Device '4.1 Surround output to Front, Rear and Subwoofer speakers (HD-Audio Generic, ALC892 Analog)':
00:00:00.328296 Audio:   ID              = surround41:CARD=Generic,DEV=0
00:00:00.328296 Audio:   Usage           = output
00:00:00.328296 Audio:   Flags           = NONE
00:00:00.328297 Audio:   Input channels  = 0
00:00:00.328297 Audio:   Output channels = 2
00:00:00.328299 Audio: Device '5.0 Surround output to Front, Center and Rear speakers (HD-Audio Generic, ALC892 Analog)':
00:00:00.328299 Audio:   ID              = surround50:CARD=Generic,DEV=0
00:00:00.328299 Audio:   Usage           = output
00:00:00.328300 Audio:   Flags           = NONE
00:00:00.328300 Audio:   Input channels  = 0
00:00:00.328300 Audio:   Output channels = 2
00:00:00.328302 Audio: Device '5.1 Surround output to Front, Center, Rear and Subwoofer speakers (HD-Audio Generic, ALC892 Analog)':
00:00:00.328302 Audio:   ID              = surround51:CARD=Generic,DEV=0
00:00:00.328303 Audio:   Usage           = output
00:00:00.328303 Audio:   Flags           = NONE
00:00:00.328303 Audio:   Input channels  = 0
00:00:00.328303 Audio:   Output channels = 2
00:00:00.328305 Audio: Device '7.1 Surround output to Front, Center, Side, Rear and Woofer speakers (HD-Audio Generic, ALC892 Analog)':
00:00:00.328306 Audio:   ID              = surround71:CARD=Generic,DEV=0
00:00:00.328306 Audio:   Usage           = output
00:00:00.328306 Audio:   Flags           = NONE
00:00:00.328306 Audio:   Input channels  = 0
00:00:00.328307 Audio:   Output channels = 2
00:00:00.328308 Audio: Device 'Direct sample mixing device (HD-Audio Generic, ALC892 Analog)':
00:00:00.328309 Audio:   ID              = dmix:CARD=Generic,DEV=0
00:00:00.328309 Audio:   Usage           = output
00:00:00.328309 Audio:   Flags           = NONE
00:00:00.328309 Audio:   Input channels  = 0
00:00:00.328310 Audio:   Output channels = 2
00:00:00.328312 Audio: Device 'Direct sample snooping device (HD-Audio Generic, ALC892 Analog)':
00:00:00.328312 Audio:   ID              = dsnoop:CARD=Generic,DEV=0
00:00:00.328312 Audio:   Usage           = input
00:00:00.328312 Audio:   Flags           = NONE
00:00:00.328313 Audio:   Input channels  = 2
00:00:00.328313 Audio:   Output channels = 0
00:00:00.328315 Audio: Device 'Direct sample snooping device (HD-Audio Generic, ALC892 Alt Analog)':
00:00:00.328315 Audio:   ID              = dsnoop:CARD=Generic,DEV=2
00:00:00.328315 Audio:   Usage           = input
00:00:00.328316 Audio:   Flags           = NONE
00:00:00.328316 Audio:   Input channels  = 2
00:00:00.328316 Audio:   Output channels = 0
00:00:00.328537 AC97: Reset
00:00:00.328543 AC97: Mixer reset (EAID=0x809, EACS=0x9)
00:00:00.328546 AC97: Record select to left=mic, right=mic
00:00:00.329035 Serial#0: emulating 16550A (IOBase: 03f8 IRQ: 4)
00:00:00.329072 RawFile#0: location /dev/null
00:00:00.329235 PGM: The CPU physical address width is 48 bits
00:00:00.329240 PGM: PGMR3InitFinalize: 4 MB PSE mask 0000ffffffffffff -> VINF_SUCCESS
00:00:00.329250 TM: TMR3InitFinalize: fTSCModeSwitchAllowed=true
00:00:00.329498 VMM: Enabled thread-context hooks
00:00:00.329507 VMM: RTThreadPreemptIsPending() can be trusted
00:00:00.329509 VMM: Kernel preemption is possible
00:00:00.329543 HM: fWorldSwitcher=0x0 (fIbpbOnVmExit=false fIbpbOnVmEntry=false fL1dFlushOnVmEntry=false); fL1dFlushOnSched=false fMdsClearOnVmEntry=false
00:00:00.329547 HM: Using AMD-V implementation 2.0
00:00:00.329548 HM: Max resume loops                  = 8192
00:00:00.329549 HM: AMD HWCR MSR                      = 0x9000011
00:00:00.329549 HM: AMD-V revision                    = 0x1
00:00:00.329550 HM: AMD-V max ASID                    = 32768
00:00:00.329550 HM: AMD-V features                    = 0x1bcff
00:00:00.329551 HM:   NESTED_PAGING
00:00:00.329551 HM:   LBR_VIRT
00:00:00.329552 HM:   SVM_LOCK
00:00:00.329552 HM:   NRIP_SAVE
00:00:00.329552 HM:   TSC_RATE_MSR
00:00:00.329552 HM:   VMCB_CLEAN
00:00:00.329553 HM:   FLUSH_BY_ASID
00:00:00.329553 HM:   DECODE_ASSISTS
00:00:00.329553 HM:   PAUSE_FILTER
00:00:00.329553 HM:   PAUSE_FILTER_THRESHOLD
00:00:00.329554 HM:   AVIC
00:00:00.329554 HM:   VIRT_VMSAVE_VMLOAD
00:00:00.329554 HM:   VGIF
00:00:00.329555 HM:   Reserved bit 11
00:00:00.329564 HM: Enabled SVM
00:00:00.329565 HM:   Enabled nested paging
00:00:00.329568 HM:   Enabled large page support
00:00:00.329570 HM: Disabled TPR patching
00:00:00.329570 HM: Guest support: 32-bit and 64-bit
00:00:00.329570 HM: VT-x/AMD-V init method: Global
00:00:00.329571 EM: Exit history optimizations: enabled=true enabled-r0=true enabled-r0-no-preemption=false
00:00:00.329587 PcBios: SCSI LUN#0 LCHS not provided
00:00:00.329590 PcBios: SCSI LUN#1 LCHS not provided
00:00:00.329600 APIC: fPostedIntrsEnabled=false fVirtApicRegsEnabled=false fSupportsTscDeadline=false
00:00:00.329605 TMR3UtcNow: nsNow=1 739 219 541 967 732 000 nsPrev=0 -> cNsDelta=1 739 219 541 967 732 000 (offLag=0 offVirtualSync=0 offVirtualSyncGivenUp=0, NowAgain=1 739 219 541 967 732 000)
00:00:00.329611 VMM: fUsePeriodicPreemptionTimers=true
00:00:00.333344 CPUM: Logical host processors: 8 present, 8 max, 8 online, online mask: 00000000000000ff
00:00:00.333580 CPUM: Physical host cores: 4
00:00:00.333581 ************************* CPUID dump ************************
00:00:00.333589          Raw Standard CPUID Leaves
00:00:00.333589      Leaf/sub-leaf  eax      ebx      ecx      edx
00:00:00.333590 Gst: 00000000/0000  0000000d 68747541 444d4163 69746e65
00:00:00.333591 Hst:                0000000d 68747541 444d4163 69746e65
00:00:00.333592 Gst: 00000001/0000  00800f11 00020800 d6f82203 178bfbff
00:00:00.333593 Hst:                00800f11 00080800 7ed8320b 178bfbff
00:00:00.333594 Gst: 00000002/0000  00000000 00000000 00000000 00000000
00:00:00.333595 Hst:                00000000 00000000 00000000 00000000
00:00:00.333595 Gst: 00000003/0000  00000000 00000000 00000000 00000000
00:00:00.333596 Hst:                00000000 00000000 00000000 00000000
00:00:00.333596 Gst: 00000004/0000  00000000 00000000 00000000 00000000
00:00:00.333597 Hst:                00000000 00000000 00000000 00000000
00:00:00.333598 Gst: 00000005/0000  00000000 00000000 00000000 00000000
00:00:00.333598 Hst:                00000040 00000040 00000003 00000000
00:00:00.333599 Gst: 00000006/0000  00000004 00000000 00000000 00000000
00:00:00.333599 Hst:                00000004 00000000 00000001 00000000
00:00:00.333600 Gst: 00000007/0000  00000000 00840129 00000000 00000000
00:00:00.333601 Hst:                00000000 209c01a9 00000000 00000000
00:00:00.333601 Gst: 00000007/0001  00000000 00000000 00000000 00000000
00:00:00.333602 Hst:                00000000 00000000 00000000 00000000
00:00:00.333603 Gst: 00000008/0000  00000000 00000000 00000000 00000000
00:00:00.333604 Hst:                00000000 00000000 00000000 00000000
00:00:00.333605 Gst: 00000009/0000  00000000 00000000 00000000 00000000
00:00:00.333606 Hst:                00000000 00000000 00000000 00000000
00:00:00.333606 Gst: 0000000a/0000  00000000 00000000 00000000 00000000
00:00:00.333607 Hst:                00000000 00000000 00000000 00000000
00:00:00.333607 Gst: 0000000b/0000  00000000 00000000 00000000 00000000
00:00:00.333608 Hst:                00000000 00000000 00000000 00000000
00:00:00.333608 Gst: 0000000c/0000  00000000 00000000 00000000 00000000
00:00:00.333609 Hst:                00000000 00000000 00000000 00000000
00:00:00.333609 Gst: 0000000d/0000  00000007 00000340 00000340 00000000
00:00:00.333610 Hst:                00000007 00000340 00000340 00000000
00:00:00.333611 Gst: 0000000d/0001  00000000 00000340 00000000 00000000
00:00:00.333611 Hst:                0000000f 00000340 00000000 00000000
00:00:00.333612 Gst: 0000000d/0002  00000100 00000240 00000000 00000000
00:00:00.333612 Hst:                00000100 00000240 00000000 00000000
00:00:00.333613 Gst: 0000000d/0003  00000000 00000000 00000000 00000000
00:00:00.333613 Hst:                00000000 00000000 00000000 00000000
00:00:00.333621                                Name: AuthenticAMD
00:00:00.333622                            Supports: 0x00000000-0x0000000d
00:00:00.333623                              Family: 15 	Extended: 8 	Effective: 23
00:00:00.333624                               Model:  1 	Extended: 0 	Effective: 1
00:00:00.333625                            Stepping: 1
00:00:00.333626                                Type: 0 (primary)
00:00:00.333627                             APIC ID: 0x00
00:00:00.333628                        Logical CPUs: 2
00:00:00.333628                        CLFLUSH Size: 8
00:00:00.333629                            Brand ID: 0x00
00:00:00.333630 Features
00:00:00.333630   Mnemonic - Description                                  = guest (host)
00:00:00.333631   FPU - x87 FPU on Chip                                   = 1 (1)
00:00:00.333632   VME - Virtual 8086 Mode Enhancements                    = 1 (1)
00:00:00.333633   DE - Debugging extensions                               = 1 (1)
00:00:00.333635   PSE - Page Size Extension                               = 1 (1)
00:00:00.333636   TSC - Time Stamp Counter                                = 1 (1)
00:00:00.333637   MSR - Model Specific Registers                          = 1 (1)
00:00:00.333638   PAE - Physical Address Extension                        = 1 (1)
00:00:00.333639   MCE - Machine Check Exception                           = 1 (1)
00:00:00.333639   CX8 - CMPXCHG8B instruction                             = 1 (1)
00:00:00.333640   APIC - APIC On-Chip                                     = 1 (1)
00:00:00.333641   SEP - SYSENTER and SYSEXIT Present                      = 1 (1)
00:00:00.333642   MTRR - Memory Type Range Registers                      = 1 (1)
00:00:00.333643   PGE - PTE Global Bit                                    = 1 (1)
00:00:00.333644   MCA - Machine Check Architecture                        = 1 (1)
00:00:00.333645   CMOV - Conditional Move instructions                    = 1 (1)
00:00:00.333646   PAT - Page Attribute Table                              = 1 (1)
00:00:00.333647   PSE-36 - 36-bit Page Size Extension                     = 1 (1)
00:00:00.333648   PSN - Processor Serial Number                           = 0 (0)
00:00:00.333648   CLFSH - CLFLUSH instruction                             = 1 (1)
00:00:00.333649   DS - Debug Store                                        = 0 (0)
00:00:00.333651   ACPI - Thermal Mon. & Soft. Clock Ctrl.                 = 0 (0)
00:00:00.333651   MMX - Intel MMX Technology                              = 1 (1)
00:00:00.333652   FXSR - FXSAVE and FXRSTOR instructions                  = 1 (1)
00:00:00.333653   SSE - SSE support                                       = 1 (1)
00:00:00.333654   SSE2 - SSE2 support                                     = 1 (1)
00:00:00.333655   SS - Self Snoop                                         = 0 (0)
00:00:00.333656   HTT - Hyper-Threading Technology                        = 1 (1)
00:00:00.333657   TM - Therm. Monitor                                     = 0 (0)
00:00:00.333658   PBE - Pending Break Enabled                             = 0 (0)
00:00:00.333659   SSE3 - SSE3 support                                     = 1 (1)
00:00:00.333660   PCLMUL - PCLMULQDQ support (for AES-GCM)                = 1 (1)
00:00:00.333661   DTES64 - DS Area 64-bit Layout                          = 0 (0)
00:00:00.333662   MONITOR - MONITOR/MWAIT instructions                    = 0 (1)
00:00:00.333663   CPL-DS - CPL Qualified Debug Store                      = 0 (0)
00:00:00.333665   VMX - Virtual Machine Extensions                        = 0 (0)
00:00:00.333666   SMX - Safer Mode Extensions                             = 0 (0)
00:00:00.333667   EST - Enhanced SpeedStep Technology                     = 0 (0)
00:00:00.333668   TM2 - Terminal Monitor 2                                = 0 (0)
00:00:00.333669   SSSE3 - Supplemental Streaming SIMD Extensions 3        = 1 (1)
00:00:00.333670   CNTX-ID - L1 Context ID                                 = 0 (0)
00:00:00.333671   SDBG - Silicon Debug interface                          = 0 (0)
00:00:00.333672   FMA - Fused Multiply Add extensions                     = 0 (1)
00:00:00.333672   CX16 - CMPXCHG16B instruction                           = 1 (1)
00:00:00.333673   TPRUPDATE - xTPR Update Control                         = 0 (0)
00:00:00.333674   PDCM - Perf/Debug Capability MSR                        = 0 (0)
00:00:00.333675   PCID - Process Context Identifiers                      = 0 (0)
00:00:00.333676   DCA - Direct Cache Access                               = 0 (0)
00:00:00.333677   SSE4_1 - SSE4_1 support                                 = 1 (1)
00:00:00.333678   SSE4_2 - SSE4_2 support                                 = 1 (1)
00:00:00.333679   X2APIC - x2APIC support                                 = 1 (0)
00:00:00.333680   MOVBE - MOVBE instruction                               = 1 (1)
00:00:00.333681   POPCNT - POPCNT instruction                             = 1 (1)
00:00:00.333682   TSCDEADL - Time Stamp Counter Deadline                  = 0 (0)
00:00:00.333682   AES - AES instructions                                  = 1 (1)
00:00:00.333683   XSAVE - XSAVE instruction                               = 1 (1)
00:00:00.333684   OSXSAVE - OSXSAVE instruction                           = 0 (1)
00:00:00.333685   AVX - AVX support                                       = 1 (1)
00:00:00.333686   F16C - 16-bit floating point conversion instructions    = 0 (1)
00:00:00.333687   RDRAND - RDRAND instruction                             = 1 (1)
00:00:00.333688   HVP - Hypervisor Present (we're a guest)                = 1 (0)
00:00:00.333689 Structured Extended Feature Flags Enumeration (leaf 7):
00:00:00.333689   Mnemonic - Description                                  = guest (host)
00:00:00.333690   FSGSBASE - RDFSBASE/RDGSBASE/WRFSBASE/WRGSBASE instr.   = 1 (1)
00:00:00.333690   TSCADJUST - Supports MSR_IA32_TSC_ADJUST                = 0 (0)
00:00:00.333691   SGX - Supports Software Guard Extensions                = 0 (0)
00:00:00.333692   BMI1 - Advanced Bit Manipulation extension 1            = 1 (1)
00:00:00.333693   HLE - Hardware Lock Elision                             = 0 (0)
00:00:00.333693   AVX2 - Advanced Vector Extensions 2                     = 1 (1)
00:00:00.333694   FDP_EXCPTN_ONLY - FPU DP only updated on exceptions     = 0 (0)
00:00:00.333695   SMEP - Supervisor Mode Execution Prevention             = 0 (1)
00:00:00.333696   BMI2 - Advanced Bit Manipulation extension 2            = 1 (1)
00:00:00.333696   ERMS - Enhanced REP MOVSB/STOSB instructions            = 0 (0)
00:00:00.333697   INVPCID - INVPCID instruction                           = 0 (0)
00:00:00.333698   RTM - Restricted Transactional Memory                   = 0 (0)
00:00:00.333699   PQM - Platform Quality of Service Monitoring            = 0 (0)
00:00:00.333700   DEPFPU_CS_DS - Deprecates FPU CS, FPU DS values if set  = 0 (0)
00:00:00.333700   MPE - Intel Memory Protection Extensions                = 0 (0)
00:00:00.333701   PQE - Platform Quality of Service Enforcement           = 0 (0)
00:00:00.333702   AVX512F - AVX512 Foundation instructions                = 0 (0)
00:00:00.333702   RDSEED - RDSEED instruction                             = 1 (1)
00:00:00.333703   ADX - ADCX/ADOX instructions                            = 0 (1)
00:00:00.333704   SMAP - Supervisor Mode Access Prevention                = 0 (1)
00:00:00.333705   CLFLUSHOPT - CLFLUSHOPT (Cache Line Flush) instruction  = 1 (1)
00:00:00.333706   CLWB - CLWB instruction                                 = 0 (0)
00:00:00.333707   INTEL_PT - Intel Processor Trace                        = 0 (0)
00:00:00.333707   AVX512PF - AVX512 Prefetch instructions                 = 0 (0)
00:00:00.333708   AVX512ER - AVX512 Exponential & Reciprocal instructions = 0 (0)
00:00:00.333709   AVX512CD - AVX512 Conflict Detection instructions       = 0 (0)
00:00:00.333709   SHA - Secure Hash Algorithm extensions                  = 0 (1)
00:00:00.333710   PREFETCHWT1 - PREFETCHWT1 instruction                   = 0 (0)
00:00:00.333711   UMIP - User mode insturction prevention                 = 0 (0)
00:00:00.333712   PKU - Protection Key for Usermode pages                 = 0 (0)
00:00:00.333713   OSPKE - CR4.PKU mirror                                  = 0 (0)
00:00:00.333714   MAWAU - Value used by BNDLDX & BNDSTX                   = 0x0 (0x0)
00:00:00.333715   RDPID - Read processor ID support                       = 0 (0)
00:00:00.333716   SGX_LC - Supports SGX Launch Configuration              = 0 (0)
00:00:00.333717 Processor Extended State Enumeration (leaf 0xd):
00:00:00.333717    XSAVE area cur/max size by XCR0, guest: 0x340/0x340
00:00:00.333718     XSAVE area cur/max size by XCR0, host: 0x340/0x340
00:00:00.333719                    Valid XCR0 bits, guest: 0x00000000`00000007 ( x87 SSE YMM_Hi128 )
00:00:00.333721                     Valid XCR0 bits, host: 0x00000000`00000007 ( x87 SSE YMM_Hi128 )
00:00:00.333722                     XSAVE features, guest:
00:00:00.333723                      XSAVE features, host: XSAVEOPT XSAVEC XGETBC1 XSAVES
00:00:00.333725       XSAVE area cur size XCR0|XSS, guest: 0x340
00:00:00.333726        XSAVE area cur size XCR0|XSS, host: 0x340
00:00:00.333727                Valid IA32_XSS bits, guest: 0x00000000`00000000
00:00:00.333728                 Valid IA32_XSS bits, host: 0x00000000`00000000
00:00:00.333729   State #2, guest: off=0x0240, cb=0x0100 IA32_XSS-bit -- YMM_Hi128
00:00:00.333730   State #2, host:  off=0x0240, cb=0x0100 IA32_XSS-bit -- YMM_Hi128
00:00:00.333735          Raw Hypervisor CPUID Leaves
00:00:00.333735      Leaf/sub-leaf  eax      ebx      ecx      edx
00:00:00.333735 Gst: 40000000/0000  40000001 4b4d564b 564b4d56 0000004d
00:00:00.333736 Hst:                00000000 00000000 00000000 00000000
00:00:00.333737 Gst: 40000001/0000  01000089 00000000 00000000 00000000
00:00:00.333738 Hst:                00000000 00000000 00000000 00000000
00:00:00.333738          Raw Extended CPUID Leaves
00:00:00.333739      Leaf/sub-leaf  eax      ebx      ecx      edx
00:00:00.333739 Gst: 80000000/0000  8000001e 68747541 444d4163 69746e65
00:00:00.333740 Hst:                8000001f 68747541 444d4163 69746e65
00:00:00.333741 Gst: 80000001/0000  00800f11 20000000 000001f3 2bd3fb7f
00:00:00.333742 Hst:                00800f11 20000000 35c233ff 2fd3fbff
00:00:00.333743 Gst: 80000002/0000  20444d41 657a7952 2035206e 30303431
00:00:00.333743 Hst:                20444d41 657a7952 2035206e 30303431
00:00:00.333744 Gst: 80000003/0000  61755120 6f432d64 50206572 65636f72
00:00:00.333745 Hst:                61755120 6f432d64 50206572 65636f72
00:00:00.333746 Gst: 80000004/0000  726f7373 20202020 20202020 00202020
00:00:00.333747 Hst:                726f7373 20202020 20202020 00202020
00:00:00.333748 Gst: 80000005/0000  ff40ff40 ff40ff40 20080140 40040140
00:00:00.333748 Hst:                ff40ff40 ff40ff40 20080140 40040140
00:00:00.333749 Gst: 80000006/0000  26006400 66006400 02006140 00408140
00:00:00.333750 Hst:                26006400 66006400 02006140 00408140
00:00:00.333751 Gst: 80000007/0000  00000000 00000000 00000000 00000100
00:00:00.333752 Hst:                00000000 0000001b 00000000 00006599
00:00:00.333752 Gst: 80000008/0000  00003030 04000000 00000001 00000000
00:00:00.333753 Hst:                00003030 00001007 00004007 00000000
00:00:00.333754 Gst: 80000009/0000  00000000 00000000 00000000 00000000
00:00:00.333755 Hst:                00000000 00000000 00000000 00000000
00:00:00.333755 Gst: 8000000a/0000  00000000 00000000 00000000 00000000
00:00:00.333756 Hst:                00000001 00008000 00000000 0001bcff
00:00:00.333756 Gst: 8000000b/0000  00000000 00000000 00000000 00000000
00:00:00.333757 Hst:                00000000 00000000 00000000 00000000
00:00:00.333758 Gst: 8000000c/0000  00000000 00000000 00000000 00000000
00:00:00.333758 Hst:                00000000 00000000 00000000 00000000
00:00:00.333759 Gst: 8000000d/0000  00000000 00000000 00000000 00000000
00:00:00.333759 Hst:                00000000 00000000 00000000 00000000
00:00:00.333760 Gst: 8000000e/0000  00000000 00000000 00000000 00000000
00:00:00.333760 Hst:                00000000 00000000 00000000 00000000
00:00:00.333761 Gst: 8000000f/0000  00000000 00000000 00000000 00000000
00:00:00.333762 Hst:                00000000 00000000 00000000 00000000
00:00:00.333762 Gst: 80000010/0000  00000000 00000000 00000000 00000000
00:00:00.333763 Hst:                00000000 00000000 00000000 00000000
00:00:00.333763 Gst: 80000011/0000  00000000 00000000 00000000 00000000
00:00:00.333764 Hst:                00000000 00000000 00000000 00000000
00:00:00.333764 Gst: 80000012/0000  00000000 00000000 00000000 00000000
00:00:00.333765 Hst:                00000000 00000000 00000000 00000000
00:00:00.333766 Gst: 80000013/0000  00000000 00000000 00000000 00000000
00:00:00.333766 Hst:                00000000 00000000 00000000 00000000
00:00:00.333767 Gst: 80000014/0000  00000000 00000000 00000000 00000000
00:00:00.333767 Hst:                00000000 00000000 00000000 00000000
00:00:00.333768 Gst: 80000015/0000  00000000 00000000 00000000 00000000
00:00:00.333769 Hst:                00000000 00000000 00000000 00000000
00:00:00.333769 Gst: 80000016/0000  00000000 00000000 00000000 00000000
00:00:00.333770 Hst:                00000000 00000000 00000000 00000000
00:00:00.333770 Gst: 80000017/0000  00000000 00000000 00000000 00000000
00:00:00.333771 Hst:                00000000 00000000 00000000 00000000
00:00:00.333771 Gst: 80000018/0000  00000000 00000000 00000000 00000000
00:00:00.333772 Hst:                00000000 00000000 00000000 00000000
00:00:00.333773 Gst: 80000019/0000  f040f040 00000000 00000000 00000000
00:00:00.333773 Hst:                f040f040 00000000 00000000 00000000
00:00:00.333774 Gst: 8000001a/0000  00000003 00000000 00000000 00000000
00:00:00.333775 Hst:                00000003 00000000 00000000 00000000
00:00:00.333775 Gst: 8000001b/0000  00000000 00000000 00000000 00000000
00:00:00.333776 Hst:                000003ff 00000000 00000000 00000000
00:00:00.333776 Gst: 8000001c/0000  00000000 00000000 00000000 00000000
00:00:00.333777 Hst:                00000000 00000000 00000000 00000000
00:00:00.333778 Gst: 8000001d/0000  00004121 01c0003f 0000003f 00000000
00:00:00.333778 Hst:                00004121 01c0003f 0000003f 00000000
00:00:00.333779 Gst: 8000001d/0001  00004122 00c0003f 000000ff 00000000
00:00:00.333780 Hst:                00004122 00c0003f 000000ff 00000000
00:00:00.333780 Gst: 8000001d/0002  00004143 01c0003f 000003ff 00000002
00:00:00.333781 Hst:                00004143 01c0003f 000003ff 00000002
00:00:00.333782 Gst: 8000001d/0003  00004163 03c0003f 00000fff 00000001
00:00:00.333783 Hst:                0000c163 03c0003f 00000fff 00000001
00:00:00.333783 Gst: 8000001d/0004  00000000 00000000 00000000 00000000
00:00:00.333784 Hst:                00000000 00000000 00000000 00000000
00:00:00.333784 Gst: 8000001e/0000  00000000 00000100 00000000 00000000
00:00:00.333786 Hst:                00000000 00000100 00000000 00000000
00:00:00.333787 Hst: 8000001f/0000  00000007 0000016f 0000000f 00000000
00:00:00.333788 Ext Name:                        AuthenticAMD
00:00:00.333788 Ext Supports:                    0x80000000-0x8000001e
00:00:00.333789 Family:                          15  	Extended: 8 	Effective: 23
00:00:00.333790 Model:                           1  	Extended: 0 	Effective: 1
00:00:00.333790 Stepping:                        1
00:00:00.333790 Brand ID:                        0x000
00:00:00.333791 Ext Features
00:00:00.333791   Mnemonic - Description                                  = guest (host)
00:00:00.333792   FPU - x87 FPU on Chip                                   = 1 (1)
00:00:00.333793   VME - Virtual 8086 Mode Enhancements                    = 1 (1)
00:00:00.333794   DE - Debugging extensions                               = 1 (1)
00:00:00.333795   PSE - Page Size Extension                               = 1 (1)
00:00:00.333796   TSC - Time Stamp Counter                                = 1 (1)
00:00:00.333796   MSR - K86 Model Specific Registers                      = 1 (1)
00:00:00.333797   PAE - Physical Address Extension                        = 1 (1)
00:00:00.333798   MCE - Machine Check Exception                           = 0 (1)
00:00:00.333799   CX8 - CMPXCHG8B instruction                             = 1 (1)
00:00:00.333800   APIC - APIC On-Chip                                     = 1 (1)
00:00:00.333801   SEP - SYSCALL/SYSRET                                    = 1 (1)
00:00:00.333802   MTRR - Memory Type Range Registers                      = 1 (1)
00:00:00.333803   PGE - PTE Global Bit                                    = 1 (1)
00:00:00.333804   MCA - Machine Check Architecture                        = 1 (1)
00:00:00.333805   CMOV - Conditional Move instructions                    = 1 (1)
00:00:00.333805   PAT - Page Attribute Table                              = 1 (1)
00:00:00.333806   PSE-36 - 36-bit Page Size Extension                     = 1 (1)
00:00:00.333807   NX - No-Execute/Execute-Disable                         = 1 (1)
00:00:00.333808   AXMMX - AMD Extensions to MMX instructions              = 1 (1)
00:00:00.333809   MMX - Intel MMX Technology                              = 1 (1)
00:00:00.333810   FXSR - FXSAVE and FXRSTOR Instructions                  = 1 (1)
00:00:00.333810   FFXSR - AMD fast FXSAVE and FXRSTOR instructions        = 1 (1)
00:00:00.333811   Page1GB - 1 GB large page                               = 0 (1)
00:00:00.333812   RDTSCP - RDTSCP instruction                             = 1 (1)
00:00:00.333813   LM - AMD64 Long Mode                                    = 1 (1)
00:00:00.333814   3DNOWEXT - AMD Extensions to 3DNow                      = 0 (0)
00:00:00.333815   3DNOW - AMD 3DNow                                       = 0 (0)
00:00:00.333816   LahfSahf - LAHF/SAHF support in 64-bit mode             = 1 (1)
00:00:00.333817   CmpLegacy - Core multi-processing legacy mode           = 1 (1)
00:00:00.333818   SVM - AMD Secure Virtual Machine extensions             = 0 (1)
00:00:00.333818   EXTAPIC - AMD Extended APIC registers                   = 0 (1)
00:00:00.333819   CR8L - AMD LOCK MOV CR0 means MOV CR8                   = 1 (1)
00:00:00.333820   ABM - AMD Advanced Bit Manipulation                     = 1 (1)
00:00:00.333821   SSE4A - SSE4A instructions                              = 1 (1)
00:00:00.333822   MISALIGNSSE - AMD Misaligned SSE mode                   = 1 (1)
00:00:00.333823   3DNOWPRF - AMD PREFETCH and PREFETCHW instructions      = 1 (1)
00:00:00.333823   OSVW - AMD OS Visible Workaround                        = 0 (1)
00:00:00.333824   IBS - Instruct Based Sampling                           = 0 (0)
00:00:00.333825   XOP - Extended Operation support                        = 0 (0)
00:00:00.333826   SKINIT - SKINIT, STGI, and DEV support                  = 0 (1)
00:00:00.333827   WDT - AMD Watchdog Timer support                        = 0 (1)
00:00:00.333827   LWP - Lightweight Profiling support                     = 0 (0)
00:00:00.333828   FMA4 - Four operand FMA instruction support             = 0 (0)
00:00:00.333829   TCE - Translation Cache Extension support               = 0 (1)
00:00:00.333830   NodeId - NodeId in MSR C001_100C                        = 0 (0)
00:00:00.333831   TBM - Trailing Bit Manipulation instructions            = 0 (0)
00:00:00.333831   TOPOEXT - Topology Extensions                           = 0 (1)
00:00:00.333832   PRFEXTCORE - Performance Counter Extensions support     = 0 (1)
00:00:00.333833   PRFEXTNB - NB Performance Counter Extensions support    = 0 (1)
00:00:00.333833   DATABPEXT - Data-access Breakpoint Extension            = 0 (1)
00:00:00.333834   PERFTSC - Performance Time Stamp Counter                = 0 (0)
00:00:00.333835   PCX_L2I - L2I/L3 Performance Counter Extensions         = 0 (1)
00:00:00.333836   MONITORX - MWAITX and MONITORX instructions             = 0 (1)
00:00:00.333836   AddrMaskExt - BP Addressing masking extended to bit 31  = 0 (0)
00:00:00.333837 SVM Feature Identification (leaf A):
00:00:00.333837   NP - Nested Paging                                      = 0 (1)
00:00:00.333839   LbrVirt - Last Branch Record Virtualization             = 0 (1)
00:00:00.333839   SVML - SVM Lock                                         = 0 (1)
00:00:00.333840   NRIPS - NextRIP Save                                    = 0 (1)
00:00:00.333841   TscRateMsr - MSR based TSC rate control                 = 0 (1)
00:00:00.333842   VmcbClean - VMCB clean bits                             = 0 (1)
00:00:00.333843   FlushByASID - Flush by ASID                             = 0 (1)
00:00:00.333844   DecodeAssists - Decode Assists                          = 0 (1)
00:00:00.333845   PauseFilter - Pause intercept filter                    = 0 (1)
00:00:00.333846   11 - Reserved                                           = 0 (1)
00:00:00.333848   PauseFilterThreshold - Pause filter threshold           = 0 (1)
00:00:00.333849   AVIC - Advanced Virtual Interrupt Controller            = 0 (1)
00:00:00.333850   VMSAVEVirt - VMSAVE and VMLOAD Virtualization           = 0 (1)
00:00:00.333851   VGIF - Virtual Global-Interrupt Flag                    = 0 (1)
00:00:00.333851   GMET - Guest Mode Execute Trap Extension                = 0 (0)
00:00:00.333852   x2AVIC - AVIC support for x2APIC mode                   = 0 (0)
00:00:00.333853   SSSCheck - SVM supervisor shadow stack restrictions     = 0 (0)
00:00:00.333853   SpecCtrl - SPEC_CTRL virtualization                     = 0 (0)
00:00:00.333854   ROGPT - Read-Only Guest Page Table feature support      = 0 (0)
00:00:00.333855   HOST_MCE_OVERRIDE - Guest #MC can be intercepted        = 0 (0)
00:00:00.333856   TlbiCtl - INVLPGB/TLBSYNC enable and intercept          = 0 (0)
00:00:00.333856   VNMI - NMI Virtualization                               = 0 (0)
00:00:00.333857   IbsVirt - IBS Virtualization                            = 0 (0)
00:00:00.333858   ExtLvtAvicAccessChg - Extended LVT access changes       = 0 (0)
00:00:00.333859   NestedVirtVmcbAddrChk - Guest VMCB address check        = 0 (0)
00:00:00.333859   BusLockThreshold - Bus Lock Threshold                   = 0 (0)
00:00:00.333860 Full Name:                       "AMD Ryzen 5 1400 Quad-Core Processor           "
00:00:00.333861 TLB 2/4M Instr/Uni:              fully  64 entries
00:00:00.333861 TLB 2/4M Data:                   fully  64 entries
00:00:00.333862 TLB 4K Instr/Uni:                fully  64 entries
00:00:00.333862 TLB 4K Data:                     fully  64 entries
00:00:00.333863 L1 Instr Cache Line Size:        64 bytes
00:00:00.333863 L1 Instr Cache Lines Per Tag:    1
00:00:00.333864 L1 Instr Cache Associativity:    4 way
00:00:00.333864 L1 Instr Cache Size:             64 KB
00:00:00.333864 L1 Data Cache Line Size:         64 bytes
00:00:00.333865 L1 Data Cache Lines Per Tag:     1
00:00:00.333865 L1 Data Cache Associativity:     8 way
00:00:00.333865 L1 Data Cache Size:              32 KB
00:00:00.333866 L2 TLB 2/4M Instr/Uni:           8 way  1024 entries
00:00:00.333866 L2 TLB 2/4M Data:                2 way  1536 entries
00:00:00.333867 L2 TLB 4K Instr/Uni:             8 way  1024 entries
00:00:00.333867 L2 TLB 4K Data:                  8 way  1536 entries
00:00:00.333868 L2 Cache Line Size:              64 bytes
00:00:00.333868 L2 Cache Lines Per Tag:          1
00:00:00.333868 L2 Cache Associativity:          16 way
00:00:00.333869 L2 Cache Size:                   64 KB
00:00:00.333869   TS - Temperature Sensor                                 = 0 (1)
00:00:00.333870   FID - Frequency ID control                              = 0 (0)
00:00:00.333871   VID - Voltage ID control                                = 0 (0)
00:00:00.333872   TTP - Thermal Trip                                      = 0 (1)
00:00:00.333873   TM - Hardware Thermal Control (HTC)                     = 0 (1)
00:00:00.333874   100MHzSteps - 100 MHz Multiplier control                = 0 (0)
00:00:00.333875   HwPstate - Hardware P-state control                     = 0 (1)
00:00:00.333876   TscInvariant - Invariant Time Stamp Counter             = 1 (1)
00:00:00.333877   CPB - Core Performance Boost                            = 0 (0)
00:00:00.333877   EffFreqRO - Read-only Effective Frequency Interface     = 0 (1)
00:00:00.333878   ProcFdbkIf - Processor Feedback Interface               = 0 (0)
00:00:00.333879   ProcPwrRep - Core power reporting interface support     = 0 (0)
00:00:00.333879   ConnectedStandby - Connected Standby                    = 0 (1)
00:00:00.333880   RAPL - Running average power limit                      = 0 (1)
00:00:00.333881   CLZERO - Clear zero instruction (cacheline)             = 0 (1)
00:00:00.333882   IRPerf - Instructions retired count support             = 0 (1)
00:00:00.333883   XSaveErPtr - Save/restore error pointers (FXSAVE/RSTOR*) = 0 (1)
00:00:00.333884   INVLPGB - INVLPGB and TLBSYNC instructions              = 0 (0)
00:00:00.333884   RDPRU - RDPRU instruction                               = 0 (0)
00:00:00.333885   BE - Bandwidth Enforcement extension                    = 0 (0)
00:00:00.333886   MCOMMIT - MCOMMIT instruction                           = 0 (0)
00:00:00.333887   WBNOINVD - WBNOINVD instruction                         = 0 (0)
00:00:00.333888   IBPB - Supports the IBPB command in IA32_PRED_CMD       = 0 (1)
00:00:00.333888   INT_WBINVD - WBINVD/WBNOINVD interruptible              = 0 (0)
00:00:00.333889   IBRS - Indirect Branch Restricted Speculation           = 0 (0)
00:00:00.333890   STIBP - Single Thread Indirect Branch Prediction        = 0 (0)
00:00:00.333890   IbrsAlwaysOn - Processor prefers that IBRS be left on   = 0 (0)
00:00:00.333891   StibpAlwaysOn - Processor prefers that STIBP be left on = 0 (0)
00:00:00.333892   IbrsPreferred - IBRS preferred over software solution   = 0 (0)
00:00:00.333892   IbrsSameMode - IBRS limits same mode speculation        = 0 (0)
00:00:00.333893   EferLmsleUnsupported - EFER.LMSLE is unsupported        = 0 (0)
00:00:00.333893   INVLPGBnestedPages - INVLPGB for nested translation     = 0 (0)
00:00:00.333894   SSBD - Speculative Store Bypass Disable                 = 0 (0)
00:00:00.333895   SsbdVirtSpecCtrl - Use VIRT_SPEC_CTL for SSBD           = 0 (0)
00:00:00.333896   SsbdNotRequired - SSBD not needed on this processor     = 1 (0)
00:00:00.333896   CPPC - Collaborative Processor Performance Control      = 0 (0)
00:00:00.333897   PSFD - Predictive Store Forward Disable                 = 0 (0)
00:00:00.333898   BTC_NO - Unaffected by branch type confusion            = 0 (0)
00:00:00.333898   IBPB_RET - Clears RA predictor when PRED_CMD.IBPB set   = 0 (0)
00:00:00.333899 Physical Address Width:          48 bits
00:00:00.333899 Virtual Address Width:           48 bits
00:00:00.333899 Guest Physical Address Width:    0 bits
00:00:00.333900 Physical Core Count:             2
00:00:00.333901 
00:00:00.333901 ******************** End of CPUID dump **********************
00:00:00.329559 HM: fUsePauseFilter=false fUseLbrVirt=false fUseVGif=true fUseVirtVmsaveVmload=true
00:00:00.334027 VMEmt: Halt method global1 (5)
00:00:00.334058 VMEmt: HaltedGlobal1 config: cNsSpinBlockThresholdCfg=2000
00:00:00.334080 Changing the VM state from 'CREATING' to 'CREATED'
00:00:00.338489 SharedFolders host service: Adding host mapping
00:00:00.338501     Host path '/mnt/goldenfir/vbox/vagr_ub2', map name 'vagrant', writable, automount=false, automntpnt=, create_symlinks=true, missing=false
00:00:00.338743 SharedFolders host service: Adding host mapping
00:00:00.338747     Host path '/mnt/goldenfir/vbox/sync_f', map name 'vagrant_data', writable, automount=false, automntpnt=, create_symlinks=true, missing=false
00:00:00.339350 Changing the VM state from 'CREATED' to 'POWERING_ON'
00:00:00.339436 AIOMgr: Endpoints without assigned bandwidth groups:
00:00:00.339442 AIOMgr:     /mnt/goldenfir/vbox/virtualboxes/vagr_ub2/ubuntu-jammy-22.04-cloudimg-configdrive.vmdk
00:00:00.339458 AIOMgr:     /mnt/goldenfir/vbox/virtualboxes/vagr_ub2/ubuntu-jammy-22.04-cloudimg.vmdk
00:00:00.339674 Changing the VM state from 'POWERING_ON' to 'RUNNING'
00:00:00.339682 Console: Machine state changed to 'Running'
00:00:00.340048 VBoxHeadless: starting event loop
00:00:00.341085 VMMDev: Guest Log: BIOS: VirtualBox 7.0.16
00:00:00.341197 PCI: Setting up resources and interrupts
00:00:00.341627 PIT: mode=2 count=0x10000 (65536) - 18.20 Hz (ch=0)
00:00:00.367478 Display::i_handleDisplayResize: uScreenId=0 pvVRAM=0000000000000000 w=720 h=400 bpp=0 cbLine=0x0 flags=0x0 origin=0,0
00:00:00.367695 VMMDev: Guest Log: CPUID EDX: 0x178bfbff
00:00:00.368496 VMMDev: Guest Log: BIOS: SCSI 0-ID#0: LCHS=5220/255/63 0x0000000005000000 sectors
00:00:00.368718 VMMDev: Guest Log: BIOS: SCSI 1-ID#1: LCHS=10/64/32 0x0000000000005000 sectors
00:00:00.368734 LsiLogic#0: 2/0/6 (Bus/Target/CDBLength) doesn't exist
00:00:00.368739 LsiLogic#0: Guest issued CDB {0x12, 0x0, 0x0, 0x0, 0x5, 0x0}
00:00:00.368766 LsiLogic#0: 3/0/6 (Bus/Target/CDBLength) doesn't exist
00:00:00.368768 LsiLogic#0: Guest issued CDB {0x12, 0x0, 0x0, 0x0, 0x5, 0x0}
00:00:00.368794 LsiLogic#0: 4/0/6 (Bus/Target/CDBLength) doesn't exist
00:00:00.368797 LsiLogic#0: Guest issued CDB {0x12, 0x0, 0x0, 0x0, 0x5, 0x0}
00:00:00.368826 LsiLogic#0: 5/0/6 (Bus/Target/CDBLength) doesn't exist
00:00:00.368829 LsiLogic#0: Guest issued CDB {0x12, 0x0, 0x0, 0x0, 0x5, 0x0}
00:00:00.368862 LsiLogic#0: 6/0/6 (Bus/Target/CDBLength) doesn't exist
00:00:00.368870 LsiLogic#0: Guest issued CDB {0x12, 0x0, 0x0, 0x0, 0x5, 0x0}
00:00:00.368905 LsiLogic#0: 7/0/6 (Bus/Target/CDBLength) doesn't exist
00:00:00.368908 LsiLogic#0: Guest issued CDB {0x12, 0x0, 0x0, 0x0, 0x5, 0x0}
00:00:00.368938 LsiLogic#0: 8/0/6 (Bus/Target/CDBLength) doesn't exist
00:00:00.368941 LsiLogic#0: Guest issued CDB {0x12, 0x0, 0x0, 0x0, 0x5, 0x0}
00:00:00.368974 LsiLogic#0: 9/0/6 (Bus/Target/CDBLength) doesn't exist
00:00:00.368977 LsiLogic#0: Guest issued CDB {0x12, 0x0, 0x0, 0x0, 0x5, 0x0}
00:00:00.369016 LsiLogic#0: 10/0/6 (Bus/Target/CDBLength) doesn't exist
00:00:00.369019 LsiLogic#0: Guest issued CDB {0x12, 0x0, 0x0, 0x0, 0x5, 0x0}
00:00:00.369045 LsiLogic#0: 11/0/6 (Bus/Target/CDBLength) doesn't exist
00:00:00.369048 LsiLogic#0: Guest issued CDB {0x12, 0x0, 0x0, 0x0, 0x5, 0x0}
00:00:00.369076 LsiLogic#0: 12/0/6 (Bus/Target/CDBLength) doesn't exist
00:00:00.369078 LsiLogic#0: Guest issued CDB {0x12, 0x0, 0x0, 0x0, 0x5, 0x0}
00:00:00.369103 LsiLogic#0: 13/0/6 (Bus/Target/CDBLength) doesn't exist
00:00:00.369105 LsiLogic#0: Guest issued CDB {0x12, 0x0, 0x0, 0x0, 0x5, 0x0}
00:00:00.369132 LsiLogic#0: 14/0/6 (Bus/Target/CDBLength) doesn't exist
00:00:00.369134 LsiLogic#0: Guest issued CDB {0x12, 0x0, 0x0, 0x0, 0x5, 0x0}
00:00:00.369162 LsiLogic#0: 15/0/6 (Bus/Target/CDBLength) doesn't exist
00:00:00.369164 LsiLogic#0: Guest issued CDB {0x12, 0x0, 0x0, 0x0, 0x5, 0x0}
00:00:00.371354 PIT: mode=2 count=0x48d3 (18643) - 64.00 Hz (ch=0)
00:00:00.396602 Display::i_handleDisplayResize: uScreenId=0 pvVRAM=00007c9437000000 w=640 h=480 bpp=32 cbLine=0xA00 flags=0x0 origin=0,0
00:00:00.978190 NAT: Old socket recv size: 128KB
00:00:00.978230 NAT: Old socket send size: 128KB
00:00:02.856310 Display::i_handleDisplayResize: uScreenId=0 pvVRAM=0000000000000000 w=720 h=400 bpp=0 cbLine=0x0 flags=0x0 origin=0,0
00:00:02.857454 PIT: mode=2 count=0x10000 (65536) - 18.20 Hz (ch=0)
00:00:02.857593 VMMDev: Guest Log: BIOS: Boot : bseqnr=1, bootseq=0231
00:00:02.857694 VMMDev: Guest Log: BIOS: Boot from Floppy 0 failed
00:00:02.857805 VMMDev: Guest Log: BIOS: Boot : bseqnr=2, bootseq=0023
00:00:02.857914 VMMDev: Guest Log: BIOS: CDROM boot failure code : 0002
00:00:02.858002 VMMDev: Guest Log: BIOS: Boot from CD-ROM failed
00:00:02.858109 VMMDev: Guest Log: BIOS: Boot : bseqnr=3, bootseq=0002
00:00:02.859735 VMMDev: Guest Log: BIOS: Booting from Hard Disk...
00:00:03.949791 GIM: KVM: VCPU  0: Enabled system-time struct. at 0x000000003f001000 - u32TscScale=0xa04cf679 i8TscShift=-1 uVersion=2 fFlags=0x1 uTsc=0x2af2c7ad2 uVirtNanoTS=0xd72531c9 TscKHz=3193998
00:00:03.949878 TM: Switching TSC mode from 'VirtTSCEmulated' to 'RealTSCOffset'
00:00:04.001030 GIM: KVM: Enabled wall-clock struct. at 0x000000003f000000 - u32Sec=1739219545 u32Nano=639038592 uVersion=2
00:00:04.152507 PIT: mode=2 count=0x12a5 (4773) - 249.98 Hz (ch=0)
00:00:04.154023 APIC0: Switched mode to x2APIC
00:00:04.343553 PIT: mode=0 count=0x10000 (65536) - 18.20 Hz (ch=0)
00:00:04.355536 APIC1: Switched mode to x2APIC
00:00:04.355599 GIM: KVM: VCPU  1: Enabled system-time struct. at 0x000000003f001040 - u32TscScale=0xa04cf679 i8TscShift=-1 uVersion=2 fFlags=0x1 uTsc=0x2fc7a0cb2 uVirtNanoTS=0xef590e1a TscKHz=3193998
00:00:05.412886 Display::i_handleDisplayResize: uScreenId=0 pvVRAM=00007c9437000000 w=1024 h=768 bpp=32 cbLine=0x1000 flags=0x1 origin=0,0
00:00:06.030681 LsiLogic#0: 2/0/6 (Bus/Target/CDBLength) doesn't exist
00:00:06.030713 LsiLogic#0: Guest issued CDB {0x12, 0x0, 0x0, 0x0, 0x24, 0x0}
00:00:06.030923 LsiLogic#0: 3/0/6 (Bus/Target/CDBLength) doesn't exist
00:00:06.030928 LsiLogic#0: Guest issued CDB {0x12, 0x0, 0x0, 0x0, 0x24, 0x0}
00:00:06.031129 LsiLogic#0: 4/0/6 (Bus/Target/CDBLength) doesn't exist
00:00:06.031134 LsiLogic#0: Guest issued CDB {0x12, 0x0, 0x0, 0x0, 0x24, 0x0}
00:00:06.031339 LsiLogic#0: 5/0/6 (Bus/Target/CDBLength) doesn't exist
00:00:06.031343 LsiLogic#0: Guest issued CDB {0x12, 0x0, 0x0, 0x0, 0x24, 0x0}
00:00:06.031558 LsiLogic#0: 6/0/6 (Bus/Target/CDBLength) doesn't exist
00:00:06.031565 LsiLogic#0: Guest issued CDB {0x12, 0x0, 0x0, 0x0, 0x24, 0x0}
00:00:06.031786 LsiLogic#0: 8/0/6 (Bus/Target/CDBLength) doesn't exist
00:00:06.031793 LsiLogic#0: Guest issued CDB {0x12, 0x0, 0x0, 0x0, 0x24, 0x0}
00:00:06.031992 LsiLogic#0: 9/0/6 (Bus/Target/CDBLength) doesn't exist
00:00:06.031996 LsiLogic#0: Guest issued CDB {0x12, 0x0, 0x0, 0x0, 0x24, 0x0}
00:00:06.032192 LsiLogic#0: 10/0/6 (Bus/Target/CDBLength) doesn't exist
00:00:06.032196 LsiLogic#0: Guest issued CDB {0x12, 0x0, 0x0, 0x0, 0x24, 0x0}
00:00:06.032392 LsiLogic#0: 11/0/6 (Bus/Target/CDBLength) doesn't exist
00:00:06.032397 LsiLogic#0: Guest issued CDB {0x12, 0x0, 0x0, 0x0, 0x24, 0x0}
00:00:06.032623 LsiLogic#0: 12/0/6 (Bus/Target/CDBLength) doesn't exist
00:00:06.032629 LsiLogic#0: Guest issued CDB {0x12, 0x0, 0x0, 0x0, 0x24, 0x0}
00:00:06.032857 LsiLogic#0: 13/0/6 (Bus/Target/CDBLength) doesn't exist
00:00:06.032862 LsiLogic#0: Guest issued CDB {0x12, 0x0, 0x0, 0x0, 0x24, 0x0}
00:00:06.033080 LsiLogic#0: 14/0/6 (Bus/Target/CDBLength) doesn't exist
00:00:06.033084 LsiLogic#0: Guest issued CDB {0x12, 0x0, 0x0, 0x0, 0x24, 0x0}
00:00:06.033283 LsiLogic#0: 15/0/6 (Bus/Target/CDBLength) doesn't exist
00:00:06.033287 LsiLogic#0: Guest issued CDB {0x12, 0x0, 0x0, 0x0, 0x24, 0x0}
00:00:07.715868 NAT: Link up
00:00:09.711742 VMMDev: Guest Log: vboxguest: host-version: 7.0.16r162802 0x8000000f
00:00:09.711797 VMMDev: Guest Additions information report: Version 6.0.0 r127566 '6.0.0'
00:00:09.711823 VMMDev: Guest Additions information report: Interface = 0x00010004 osType = 0x00053100 (Linux >= 2.6, 64-bit)
00:00:09.711897 VMMDev: Guest Additions capability report: (0x0 -> 0x0) seamless: no, hostWindowMapping: no, graphics: no
00:00:09.711964 VMMDev: vmmDevReqHandler_HeartbeatConfigure: No change (fHeartbeatActive=false)
00:00:09.711994 VMMDev: Heartbeat flatline timer set to trigger after 4 000 000 000 ns
00:00:09.712262 VMMDev: Guest Log: vbg_heartbeat_init: Setting up heartbeat to trigger every 2000 milliseconds
00:00:09.721211 VMMDev: Guest Log: vboxguest: misc device minor 123, IRQ 20, I/O port d020, MMIO at 0x00000000f0400000 (size 0x0000000000400000)
00:00:11.549227 NAT: IPv6 not supported
00:00:11.558851 NAT: resolv.conf: nameserver 127.0.0.53
00:00:11.558888 NAT: resolv.conf: ignoring "options edns0 trust-ad"
00:00:11.558902 NAT: Adding domain name .
00:00:11.558907 NAT: DNS#0: 127.0.0.53
00:00:11.558915 NAT: DHCP offered IP address 10.0.2.15
00:00:11.559975 NAT: DHCP offered IP address 10.0.2.15
00:00:35.097479 NAT: DHCP released IP address 10.0.2.15
00:00:35.154031 NAT: DHCP offered IP address 10.0.2.15
00:00:35.221003 NAT: DHCP offered IP address 10.0.2.15
00:00:35.357978 NAT: DHCP offered IP address 10.0.2.15
00:00:35.358454 NAT: DHCP offered IP address 10.0.2.15
00:02:24.595420 TM: Giving up catch-up attempt at a 60 017 549 618 ns lag; new total: 60 017 549 618 ns
00:03:32.720754 TM: Giving up catch-up attempt at a 60 036 003 650 ns lag; new total: 120 053 553 268 ns
00:04:44.647138 TM: Giving up catch-up attempt at a 60 006 130 453 ns lag; new total: 180 059 683 721 ns
00:05:55.554343 TM: Giving up catch-up attempt at a 60 022 684 853 ns lag; new total: 240 082 368 574 ns
00:07:05.227655 TM: Giving up catch-up attempt at a 60 019 211 808 ns lag; new total: 300 101 580 382 ns
00:08:13.927320 TM: Giving up catch-up attempt at a 60 000 861 756 ns lag; new total: 360 102 442 138 ns
00:09:23.446956 TM: Giving up catch-up attempt at a 60 005 237 978 ns lag; new total: 420 107 680 116 ns
00:10:32.013663 TM: Giving up catch-up attempt at a 60 018 687 104 ns lag; new total: 480 126 367 220 ns
00:11:40.793213 TM: Giving up catch-up attempt at a 60 037 946 646 ns lag; new total: 540 164 313 866 ns
00:12:50.225077 TM: Giving up catch-up attempt at a 60 012 662 770 ns lag; new total: 600 176 976 636 ns
00:13:58.849611 TM: Giving up catch-up attempt at a 60 000 894 994 ns lag; new total: 660 177 871 630 ns
00:15:07.102318 TM: Giving up catch-up attempt at a 60 017 834 834 ns lag; new total: 720 195 706 464 ns
00:16:37.713862 TM: Giving up catch-up attempt at a 60 010 887 152 ns lag; new total: 780 206 593 616 ns
00:17:49.062426 TM: Giving up catch-up attempt at a 60 001 878 313 ns lag; new total: 840 208 471 929 ns
00:18:58.569948 TM: Giving up catch-up attempt at a 60 024 186 473 ns lag; new total: 900 232 658 402 ns
00:20:07.961683 TM: Giving up catch-up attempt at a 60 041 495 589 ns lag; new total: 960 274 153 991 ns
00:21:17.056641 TM: Giving up catch-up attempt at a 60 000 892 499 ns lag; new total: 1 020 275 046 490 ns
00:22:25.793993 TM: Giving up catch-up attempt at a 60 075 546 172 ns lag; new total: 1 080 350 592 662 ns
00:23:35.236913 TM: Giving up catch-up attempt at a 60 000 464 470 ns lag; new total: 1 140 351 057 132 ns
00:24:43.976701 TM: Giving up catch-up attempt at a 60 050 710 860 ns lag; new total: 1 200 401 767 992 ns
00:25:52.045745 TM: Giving up catch-up attempt at a 60 010 583 787 ns lag; new total: 1 260 412 351 779 ns
00:26:59.506269 TM: Giving up catch-up attempt at a 60 009 819 601 ns lag; new total: 1 320 422 171 380 ns
00:28:05.566667 TM: Giving up catch-up attempt at a 60 021 911 783 ns lag; new total: 1 380 444 083 163 ns
00:29:15.155391 TM: Giving up catch-up attempt at a 60 030 520 727 ns lag; new total: 1 440 474 603 890 ns
00:30:23.120852 TM: Giving up catch-up attempt at a 60 008 715 550 ns lag; new total: 1 500 483 319 440 ns
00:31:32.920686 TM: Giving up catch-up attempt at a 60 011 609 131 ns lag; new total: 1 560 494 928 571 ns
00:32:42.085759 TM: Giving up catch-up attempt at a 60 000 787 076 ns lag; new total: 1 620 495 715 647 ns
00:33:49.168050 TM: Giving up catch-up attempt at a 60 000 070 247 ns lag; new total: 1 680 495 785 894 ns
00:35:04.726783 TM: Giving up catch-up attempt at a 60 006 327 178 ns lag; new total: 1 740 502 113 072 ns
00:36:22.528450 TM: Giving up catch-up attempt at a 60 003 606 071 ns lag; new total: 1 800 505 719 143 ns
00:37:32.604744 TM: Giving up catch-up attempt at a 60 000 525 365 ns lag; new total: 1 860 506 244 508 ns
00:38:42.874597 TM: Giving up catch-up attempt at a 60 010 228 031 ns lag; new total: 1 920 516 472 539 ns
00:39:50.631436 TM: Giving up catch-up attempt at a 60 041 248 477 ns lag; new total: 1 980 557 721 016 ns
00:40:59.437715 TM: Giving up catch-up attempt at a 60 002 637 495 ns lag; new total: 2 040 560 358 511 ns
00:42:06.605697 TM: Giving up catch-up attempt at a 60 004 298 450 ns lag; new total: 2 100 564 656 961 ns
00:43:13.937999 TM: Giving up catch-up attempt at a 60 004 927 951 ns lag; new total: 2 160 569 584 912 ns
00:44:30.658451 TM: Giving up catch-up attempt at a 60 009 574 356 ns lag; new total: 2 220 579 159 268 ns
00:45:40.046566 TM: Giving up catch-up attempt at a 60 001 215 684 ns lag; new total: 2 280 580 374 952 ns
00:46:49.018524 TM: Giving up catch-up attempt at a 60 006 415 717 ns lag; new total: 2 340 586 790 669 ns
00:47:57.038192 TM: Giving up catch-up attempt at a 60 016 297 083 ns lag; new total: 2 400 603 087 752 ns
00:49:05.570133 TM: Giving up catch-up attempt at a 60 009 163 728 ns lag; new total: 2 460 612 251 480 ns
00:50:15.541850 TM: Giving up catch-up attempt at a 60 025 072 001 ns lag; new total: 2 520 637 323 481 ns
00:51:23.608906 TM: Giving up catch-up attempt at a 60 001 268 892 ns lag; new total: 2 580 638 592 373 ns
00:52:32.702200 TM: Giving up catch-up attempt at a 60 001 581 872 ns lag; new total: 2 640 640 174 245 ns
00:53:40.445713 TM: Giving up catch-up attempt at a 60 003 897 863 ns lag; new total: 2 700 644 072 108 ns
00:54:49.451249 TM: Giving up catch-up attempt at a 60 003 148 201 ns lag; new total: 2 760 647 220 309 ns
00:55:58.345064 TM: Giving up catch-up attempt at a 60 016 438 133 ns lag; new total: 2 820 663 658 442 ns
00:57:05.385414 TM: Giving up catch-up attempt at a 60 000 219 870 ns lag; new total: 2 880 663 878 312 ns
00:58:12.503393 TM: Giving up catch-up attempt at a 60 004 264 276 ns lag; new total: 2 940 668 142 588 ns
00:59:19.886962 TM: Giving up catch-up attempt at a 60 001 322 943 ns lag; new total: 3 000 669 465 531 ns
01:00:28.351831 TM: Giving up catch-up attempt at a 60 002 286 029 ns lag; new total: 3 060 671 751 560 ns
01:01:36.083206 TM: Giving up catch-up attempt at a 60 003 089 839 ns lag; new total: 3 120 674 841 399 ns
01:02:43.591661 TM: Giving up catch-up attempt at a 60 010 611 762 ns lag; new total: 3 180 685 453 161 ns
01:03:51.652662 TM: Giving up catch-up attempt at a 60 051 745 476 ns lag; new total: 3 240 737 198 637 ns
01:04:58.729950 TM: Giving up catch-up attempt at a 60 004 229 012 ns lag; new total: 3 300 741 427 649 ns
01:06:07.820874 TM: Giving up catch-up attempt at a 60 028 603 427 ns lag; new total: 3 360 770 031 076 ns
01:07:14.571087 TM: Giving up catch-up attempt at a 60 027 168 941 ns lag; new total: 3 420 797 200 017 ns
01:08:21.455545 TM: Giving up catch-up attempt at a 60 025 870 421 ns lag; new total: 3 480 823 070 438 ns
01:09:29.708219 TM: Giving up catch-up attempt at a 60 025 499 665 ns lag; new total: 3 540 848 570 103 ns
01:10:38.297485 TM: Giving up catch-up attempt at a 60 023 108 631 ns lag; new total: 3 600 871 678 734 ns
01:10:48.826924 Pausing VM execution, reason 'HostSuspend'
01:10:48.827058 Changing the VM state from 'RUNNING' to 'SUSPENDING'
01:10:48.880639 AIOMgr: Endpoint for file '/mnt/goldenfir/vbox/virtualboxes/vagr_ub2/ubuntu-jammy-22.04-cloudimg.vmdk' (flags 000c0781) created successfully
01:10:48.923358 AIOMgr: Endpoint for file '/mnt/goldenfir/vbox/virtualboxes/vagr_ub2/ubuntu-jammy-22.04-cloudimg-configdrive.vmdk' (flags 000c0781) created successfully
01:10:48.926120 PDMR3Suspend: 99 036 776 ns run time
01:10:48.926151 Changing the VM state from 'SUSPENDING' to 'SUSPENDED'
01:10:48.926164 Console: Machine state changed to 'Paused'
01:10:51.797051 Resuming VM execution, reason 'HostResume'
01:10:51.797129 Changing the VM state from 'SUSPENDED' to 'RESUMING'
01:10:51.797329 AIOMgr: Endpoint for file '/mnt/goldenfir/vbox/virtualboxes/vagr_ub2/ubuntu-jammy-22.04-cloudimg.vmdk' (flags 000c0723) created successfully
01:10:51.820771 AIOMgr: Endpoint for file '/mnt/goldenfir/vbox/virtualboxes/vagr_ub2/ubuntu-jammy-22.04-cloudimg-configdrive.vmdk' (flags 000c0723) created successfully
01:10:51.830842 NAT: resolv.conf: nameserver 127.0.0.53
01:10:51.830870 NAT: resolv.conf: ignoring "options edns0 trust-ad"
01:10:51.830882 NAT: Adding domain name .
01:10:51.830884 NAT: DNS#0: 127.0.0.53
01:10:51.830953 Changing the VM state from 'RESUMING' to 'RUNNING'
01:10:51.830968 Console: Machine state changed to 'Running'
01:11:50.608887 TM: Giving up catch-up attempt at a 60 087 556 347 ns lag; new total: 3 660 959 235 081 ns
01:12:58.700263 TM: Giving up catch-up attempt at a 60 008 905 097 ns lag; new total: 3 720 968 140 178 ns
01:14:09.066857 TM: Giving up catch-up attempt at a 60 011 737 907 ns lag; new total: 3 780 979 878 085 ns
01:15:19.473532 TM: Giving up catch-up attempt at a 60 019 605 843 ns lag; new total: 3 840 999 483 928 ns
01:16:29.046719 TM: Giving up catch-up attempt at a 60 004 784 340 ns lag; new total: 3 901 004 268 268 ns
01:17:38.794715 TM: Giving up catch-up attempt at a 60 010 286 830 ns lag; new total: 3 961 014 555 098 ns
01:18:48.577217 TM: Giving up catch-up attempt at a 60 012 013 388 ns lag; new total: 4 021 026 568 486 ns
01:19:57.510403 TM: Giving up catch-up attempt at a 60 041 474 986 ns lag; new total: 4 081 068 043 472 ns
01:21:08.179162 TM: Giving up catch-up attempt at a 60 012 931 416 ns lag; new total: 4 141 080 974 888 ns
01:22:19.125216 TM: Giving up catch-up attempt at a 60 008 349 181 ns lag; new total: 4 201 089 324 069 ns
01:23:27.542883 TM: Giving up catch-up attempt at a 60 027 124 158 ns lag; new total: 4 261 116 448 227 ns
01:24:34.978957 TM: Giving up catch-up attempt at a 60 002 378 744 ns lag; new total: 4 321 118 826 971 ns
01:25:44.607796 TM: Giving up catch-up attempt at a 60 015 935 320 ns lag; new total: 4 381 134 762 291 ns
01:26:53.060434 TM: Giving up catch-up attempt at a 60 001 495 758 ns lag; new total: 4 441 136 258 049 ns
01:28:04.577146 TM: Giving up catch-up attempt at a 60 044 928 253 ns lag; new total: 4 501 181 186 302 ns
01:29:14.062339 TM: Giving up catch-up attempt at a 60 002 546 806 ns lag; new total: 4 561 183 733 108 ns
01:30:24.636493 TM: Giving up catch-up attempt at a 60 000 749 011 ns lag; new total: 4 621 184 482 119 ns
01:31:33.474308 TM: Giving up catch-up attempt at a 60 046 122 779 ns lag; new total: 4 681 230 604 898 ns
01:32:42.205544 TM: Giving up catch-up attempt at a 60 010 551 888 ns lag; new total: 4 741 241 156 786 ns
01:33:50.785685 TM: Giving up catch-up attempt at a 60 000 479 811 ns lag; new total: 4 801 241 636 597 ns
01:35:00.092505 TM: Giving up catch-up attempt at a 60 013 852 918 ns lag; new total: 4 861 255 489 515 ns
01:36:07.236707 TM: Giving up catch-up attempt at a 60 018 462 930 ns lag; new total: 4 921 273 952 445 ns
01:37:16.640749 TM: Giving up catch-up attempt at a 60 026 977 635 ns lag; new total: 4 981 300 930 080 ns
01:38:26.657585 TM: Giving up catch-up attempt at a 60 004 556 065 ns lag; new total: 5 041 305 486 145 ns
01:39:36.698910 TM: Giving up catch-up attempt at a 60 015 086 472 ns lag; new total: 5 101 320 572 617 ns
01:40:45.719042 TM: Giving up catch-up attempt at a 60 006 120 363 ns lag; new total: 5 161 326 692 980 ns
01:41:53.918315 TM: Giving up catch-up attempt at a 60 015 246 934 ns lag; new total: 5 221 341 939 914 ns
01:43:39.310512 TM: Giving up catch-up attempt at a 60 000 729 752 ns lag; new total: 5 281 342 669 666 ns
01:44:50.421920 TM: Giving up catch-up attempt at a 60 013 116 711 ns lag; new total: 5 341 355 786 377 ns
01:45:59.273755 TM: Giving up catch-up attempt at a 60 016 594 402 ns lag; new total: 5 401 372 380 779 ns
01:47:09.988124 TM: Giving up catch-up attempt at a 60 008 777 014 ns lag; new total: 5 461 381 157 793 ns
01:48:19.155832 TM: Giving up catch-up attempt at a 60 007 294 237 ns lag; new total: 5 521 388 452 030 ns
01:49:28.481239 TM: Giving up catch-up attempt at a 60 023 756 522 ns lag; new total: 5 581 412 208 552 ns
01:50:36.958059 TM: Giving up catch-up attempt at a 60 011 275 928 ns lag; new total: 5 641 423 484 480 ns
01:51:46.586078 TM: Giving up catch-up attempt at a 60 005 590 397 ns lag; new total: 5 701 429 074 877 ns
01:52:56.381250 TM: Giving up catch-up attempt at a 60 035 957 564 ns lag; new total: 5 761 465 032 441 ns
01:54:05.588403 TM: Giving up catch-up attempt at a 60 002 028 339 ns lag; new total: 5 821 467 060 780 ns
01:55:16.213677 TM: Giving up catch-up attempt at a 60 006 544 959 ns lag; new total: 5 881 473 605 739 ns
01:56:25.893395 TM: Giving up catch-up attempt at a 60 020 290 547 ns lag; new total: 5 941 493 896 286 ns
01:57:35.291703 TM: Giving up catch-up attempt at a 60 008 248 324 ns lag; new total: 6 001 502 144 610 ns
01:58:42.012419 TM: Giving up catch-up attempt at a 60 001 084 543 ns lag; new total: 6 061 503 229 153 ns
01:59:51.212364 TM: Giving up catch-up attempt at a 60 043 110 511 ns lag; new total: 6 121 546 339 664 ns
02:01:11.154587 TM: Giving up catch-up attempt at a 60 012 197 488 ns lag; new total: 6 181 558 537 152 ns
02:02:19.310167 TM: Giving up catch-up attempt at a 60 010 619 668 ns lag; new total: 6 241 569 156 820 ns
02:03:28.543099 TM: Giving up catch-up attempt at a 60 010 910 520 ns lag; new total: 6 301 580 067 340 ns
02:04:37.614887 TM: Giving up catch-up attempt at a 60 009 661 138 ns lag; new total: 6 361 589 728 478 ns
02:05:47.590058 TM: Giving up catch-up attempt at a 60 003 094 354 ns lag; new total: 6 421 592 822 832 ns
02:06:57.370167 TM: Giving up catch-up attempt at a 60 013 241 193 ns lag; new total: 6 481 606 064 025 ns
02:08:07.233764 TM: Giving up catch-up attempt at a 60 003 959 862 ns lag; new total: 6 541 610 023 887 ns
02:09:13.988492 TM: Giving up catch-up attempt at a 60 040 210 432 ns lag; new total: 6 601 650 234 319 ns
02:10:23.673671 TM: Giving up catch-up attempt at a 60 023 235 351 ns lag; new total: 6 661 673 469 670 ns
02:11:29.763608 TM: Giving up catch-up attempt at a 60 022 204 979 ns lag; new total: 6 721 695 674 649 ns
02:12:38.670035 TM: Giving up catch-up attempt at a 60 003 270 157 ns lag; new total: 6 781 698 944 806 ns
02:13:48.268287 TM: Giving up catch-up attempt at a 60 007 490 910 ns lag; new total: 6 841 706 435 716 ns
02:14:56.911108 TM: Giving up catch-up attempt at a 60 000 911 530 ns lag; new total: 6 901 707 347 246 ns
02:16:03.447378 TM: Giving up catch-up attempt at a 60 000 337 180 ns lag; new total: 6 961 707 684 426 ns
02:17:11.759164 TM: Giving up catch-up attempt at a 60 017 452 384 ns lag; new total: 7 021 725 136 810 ns
02:18:20.540467 TM: Giving up catch-up attempt at a 60 000 643 794 ns lag; new total: 7 081 725 780 604 ns
02:19:29.226776 TM: Giving up catch-up attempt at a 60 017 676 757 ns lag; new total: 7 141 743 457 361 ns
02:20:35.880047 TM: Giving up catch-up attempt at a 60 011 908 160 ns lag; new total: 7 201 755 365 521 ns
02:21:45.139311 TM: Giving up catch-up attempt at a 60 004 564 381 ns lag; new total: 7 261 759 929 902 ns
02:22:52.718920 TM: Giving up catch-up attempt at a 60 013 175 246 ns lag; new total: 7 321 773 105 148 ns
02:23:58.105227 TM: Giving up catch-up attempt at a 60 010 208 294 ns lag; new total: 7 381 783 313 442 ns
02:25:05.822816 TM: Giving up catch-up attempt at a 60 010 486 150 ns lag; new total: 7 441 793 799 592 ns
02:26:15.066805 TM: Giving up catch-up attempt at a 60 020 994 303 ns lag; new total: 7 501 814 793 895 ns
02:27:23.345853 TM: Giving up catch-up attempt at a 60 012 874 156 ns lag; new total: 7 561 827 668 051 ns
02:28:31.849335 TM: Giving up catch-up attempt at a 60 003 621 539 ns lag; new total: 7 621 831 289 590 ns
02:29:39.337107 TM: Giving up catch-up attempt at a 60 001 299 499 ns lag; new total: 7 681 832 589 089 ns
02:30:44.992130 TM: Giving up catch-up attempt at a 60 001 566 636 ns lag; new total: 7 741 834 155 725 ns
02:31:52.670917 TM: Giving up catch-up attempt at a 60 003 819 335 ns lag; new total: 7 801 837 975 060 ns
02:33:00.204454 TM: Giving up catch-up attempt at a 60 002 833 937 ns lag; new total: 7 861 840 808 997 ns
02:34:08.189647 TM: Giving up catch-up attempt at a 60 009 027 066 ns lag; new total: 7 921 849 836 063 ns
02:35:15.973961 TM: Giving up catch-up attempt at a 60 015 316 799 ns lag; new total: 7 981 865 152 862 ns
02:36:22.948540 TM: Giving up catch-up attempt at a 60 023 291 816 ns lag; new total: 8 041 888 444 678 ns
02:37:29.439682 TM: Giving up catch-up attempt at a 60 040 427 306 ns lag; new total: 8 101 928 871 984 ns
02:38:36.948198 TM: Giving up catch-up attempt at a 60 004 687 492 ns lag; new total: 8 161 933 559 476 ns
02:39:43.954191 TM: Giving up catch-up attempt at a 60 001 608 987 ns lag; new total: 8 221 935 168 463 ns
02:40:52.712688 TM: Giving up catch-up attempt at a 60 006 797 408 ns lag; new total: 8 281 941 965 871 ns
02:42:02.011552 TM: Giving up catch-up attempt at a 60 010 203 641 ns lag; new total: 8 341 952 169 512 ns
02:43:08.112560 TM: Giving up catch-up attempt at a 60 000 942 078 ns lag; new total: 8 401 953 111 590 ns
02:44:15.615594 TM: Giving up catch-up attempt at a 60 013 914 707 ns lag; new total: 8 461 967 026 297 ns
02:45:22.992674 TM: Giving up catch-up attempt at a 60 014 958 389 ns lag; new total: 8 521 981 984 686 ns
02:46:29.673145 TM: Giving up catch-up attempt at a 60 017 869 191 ns lag; new total: 8 581 999 853 877 ns
02:47:37.607487 TM: Giving up catch-up attempt at a 60 059 514 785 ns lag; new total: 8 642 059 368 662 ns
02:48:46.917652 TM: Giving up catch-up attempt at a 60 038 698 743 ns lag; new total: 8 702 098 067 405 ns
02:49:54.421493 TM: Giving up catch-up attempt at a 60 081 641 871 ns lag; new total: 8 762 179 709 276 ns
02:51:01.624607 TM: Giving up catch-up attempt at a 60 005 327 611 ns lag; new total: 8 822 185 036 887 ns
02:52:09.984025 TM: Giving up catch-up attempt at a 60 028 151 048 ns lag; new total: 8 882 213 187 935 ns
02:53:18.564736 TM: Giving up catch-up attempt at a 60 001 289 788 ns lag; new total: 8 942 214 477 723 ns
02:54:26.868747 TM: Giving up catch-up attempt at a 60 019 561 944 ns lag; new total: 9 002 234 039 667 ns
02:55:33.351856 TM: Giving up catch-up attempt at a 60 019 607 019 ns lag; new total: 9 062 253 646 686 ns
02:56:40.317141 TM: Giving up catch-up attempt at a 60 012 703 662 ns lag; new total: 9 122 266 350 348 ns
02:57:44.977089 TM: Giving up catch-up attempt at a 60 011 089 167 ns lag; new total: 9 182 277 439 515 ns
02:58:53.358787 TM: Giving up catch-up attempt at a 60 009 399 687 ns lag; new total: 9 242 286 839 202 ns
03:00:00.057668 TM: Giving up catch-up attempt at a 60 017 276 009 ns lag; new total: 9 302 304 115 211 ns
03:01:07.107728 TM: Giving up catch-up attempt at a 60 003 388 046 ns lag; new total: 9 362 307 503 257 ns
03:02:15.712867 TM: Giving up catch-up attempt at a 60 000 077 116 ns lag; new total: 9 422 307 580 373 ns
03:03:24.111146 TM: Giving up catch-up attempt at a 60 007 679 586 ns lag; new total: 9 482 315 259 959 ns
03:04:30.624420 TM: Giving up catch-up attempt at a 60 071 153 285 ns lag; new total: 9 542 386 413 244 ns
03:05:38.088658 TM: Giving up catch-up attempt at a 60 039 641 653 ns lag; new total: 9 602 426 054 897 ns
03:06:45.905944 TM: Giving up catch-up attempt at a 60 016 950 092 ns lag; new total: 9 662 443 004 989 ns
03:07:53.684975 TM: Giving up catch-up attempt at a 60 004 190 861 ns lag; new total: 9 722 447 195 850 ns
03:09:00.455885 TM: Giving up catch-up attempt at a 60 019 883 931 ns lag; new total: 9 782 467 079 781 ns
03:10:08.858124 TM: Giving up catch-up attempt at a 60 005 945 163 ns lag; new total: 9 842 473 024 944 ns
03:11:16.817874 TM: Giving up catch-up attempt at a 60 020 360 115 ns lag; new total: 9 902 493 385 059 ns
03:12:26.055433 TM: Giving up catch-up attempt at a 60 007 074 421 ns lag; new total: 9 962 500 459 480 ns
03:13:33.918765 TM: Giving up catch-up attempt at a 60 003 993 360 ns lag; new total: 10 022 504 452 840 ns
03:14:39.346656 TM: Giving up catch-up attempt at a 60 017 191 300 ns lag; new total: 10 082 521 644 140 ns
03:15:45.503866 TM: Giving up catch-up attempt at a 60 003 143 413 ns lag; new total: 10 142 524 787 553 ns
03:16:53.945312 TM: Giving up catch-up attempt at a 60 008 454 767 ns lag; new total: 10 202 533 242 320 ns
03:18:02.304596 TM: Giving up catch-up attempt at a 60 014 155 315 ns lag; new total: 10 262 547 397 635 ns
03:19:10.455655 TM: Giving up catch-up attempt at a 60 006 291 080 ns lag; new total: 10 322 553 688 715 ns
03:20:15.467366 TM: Giving up catch-up attempt at a 60 043 738 078 ns lag; new total: 10 382 597 426 793 ns
03:21:24.861944 TM: Giving up catch-up attempt at a 60 017 457 701 ns lag; new total: 10 442 614 884 494 ns
03:22:34.011950 TM: Giving up catch-up attempt at a 60 055 225 700 ns lag; new total: 10 502 670 110 194 ns
03:23:41.964094 TM: Giving up catch-up attempt at a 60 022 288 190 ns lag; new total: 10 562 692 398 384 ns
03:24:50.520600 TM: Giving up catch-up attempt at a 60 008 501 277 ns lag; new total: 10 622 700 899 661 ns
03:25:58.396269 TM: Giving up catch-up attempt at a 60 027 246 081 ns lag; new total: 10 682 728 145 742 ns
03:27:07.077154 TM: Giving up catch-up attempt at a 60 012 497 218 ns lag; new total: 10 742 740 642 960 ns
03:28:15.139206 TM: Giving up catch-up attempt at a 60 015 073 511 ns lag; new total: 10 802 755 716 471 ns
03:29:23.484602 TM: Giving up catch-up attempt at a 60 000 371 618 ns lag; new total: 10 862 756 088 089 ns
03:30:32.227776 TM: Giving up catch-up attempt at a 60 017 172 139 ns lag; new total: 10 922 773 260 228 ns
03:31:38.740271 TM: Giving up catch-up attempt at a 60 003 098 453 ns lag; new total: 10 982 776 358 681 ns
03:32:47.145621 TM: Giving up catch-up attempt at a 60 014 027 007 ns lag; new total: 11 042 790 385 688 ns
03:33:55.198685 TM: Giving up catch-up attempt at a 60 014 799 386 ns lag; new total: 11 102 805 185 074 ns
03:35:04.461790 TM: Giving up catch-up attempt at a 60 021 161 308 ns lag; new total: 11 162 826 346 382 ns
03:36:10.853202 TM: Giving up catch-up attempt at a 60 006 659 373 ns lag; new total: 11 222 833 005 755 ns
03:37:19.730925 TM: Giving up catch-up attempt at a 60 008 263 347 ns lag; new total: 11 282 841 269 102 ns
03:38:28.513964 TM: Giving up catch-up attempt at a 60 014 357 068 ns lag; new total: 11 342 855 626 170 ns
03:39:38.155840 TM: Giving up catch-up attempt at a 60 051 913 348 ns lag; new total: 11 402 907 539 518 ns
03:40:45.418323 TM: Giving up catch-up attempt at a 60 019 886 470 ns lag; new total: 11 462 927 425 988 ns
03:41:53.798716 TM: Giving up catch-up attempt at a 60 045 175 275 ns lag; new total: 11 522 972 601 263 ns
03:43:00.527189 TM: Giving up catch-up attempt at a 60 000 937 110 ns lag; new total: 11 582 973 538 373 ns
03:44:09.802153 TM: Giving up catch-up attempt at a 60 011 224 818 ns lag; new total: 11 642 984 763 191 ns
03:45:17.825798 TM: Giving up catch-up attempt at a 60 002 217 135 ns lag; new total: 11 702 986 980 326 ns
03:46:27.142183 TM: Giving up catch-up attempt at a 60 007 558 958 ns lag; new total: 11 762 994 539 284 ns
03:47:34.541057 TM: Giving up catch-up attempt at a 60 012 971 967 ns lag; new total: 11 823 007 511 251 ns
03:48:43.130439 TM: Giving up catch-up attempt at a 60 014 116 808 ns lag; new total: 11 883 021 628 059 ns
03:50:06.510762 TM: Giving up catch-up attempt at a 60 009 349 743 ns lag; new total: 11 943 030 977 802 ns
03:51:14.798763 TM: Giving up catch-up attempt at a 60 013 606 594 ns lag; new total: 12 003 044 584 396 ns
03:52:23.064984 TM: Giving up catch-up attempt at a 60 021 570 532 ns lag; new total: 12 063 066 154 928 ns
03:53:31.069568 TM: Giving up catch-up attempt at a 60 001 416 881 ns lag; new total: 12 123 067 571 809 ns
03:54:38.324037 TM: Giving up catch-up attempt at a 60 002 644 602 ns lag; new total: 12 183 070 216 411 ns
03:55:46.530460 TM: Giving up catch-up attempt at a 60 024 920 288 ns lag; new total: 12 243 095 136 699 ns
03:56:53.908230 TM: Giving up catch-up attempt at a 60 004 244 097 ns lag; new total: 12 303 099 380 796 ns
03:58:02.083515 TM: Giving up catch-up attempt at a 60 000 246 574 ns lag; new total: 12 363 099 627 370 ns
03:59:10.488340 TM: Giving up catch-up attempt at a 60 001 647 253 ns lag; new total: 12 423 101 274 623 ns
04:00:18.269163 TM: Giving up catch-up attempt at a 60 006 109 014 ns lag; new total: 12 483 107 383 637 ns
04:01:25.234518 TM: Giving up catch-up attempt at a 60 006 429 565 ns lag; new total: 12 543 113 813 202 ns
04:02:33.225957 TM: Giving up catch-up attempt at a 60 012 782 643 ns lag; new total: 12 603 126 595 845 ns
04:03:41.749154 TM: Giving up catch-up attempt at a 60 004 081 717 ns lag; new total: 12 663 130 677 562 ns
04:04:49.504194 TM: Giving up catch-up attempt at a 60 017 613 858 ns lag; new total: 12 723 148 291 420 ns
04:05:56.774209 TM: Giving up catch-up attempt at a 60 038 425 876 ns lag; new total: 12 783 186 717 296 ns
04:07:04.187274 TM: Giving up catch-up attempt at a 60 030 103 080 ns lag; new total: 12 843 216 820 376 ns
04:08:12.842136 TM: Giving up catch-up attempt at a 60 018 489 751 ns lag; new total: 12 903 235 310 127 ns
04:09:19.348460 TM: Giving up catch-up attempt at a 60 011 450 181 ns lag; new total: 12 963 246 760 308 ns
04:10:25.943980 TM: Giving up catch-up attempt at a 60 001 458 908 ns lag; new total: 13 023 248 219 216 ns
04:11:34.245486 TM: Giving up catch-up attempt at a 60 024 205 738 ns lag; new total: 13 083 272 424 954 ns
04:12:42.112790 TM: Giving up catch-up attempt at a 60 001 021 784 ns lag; new total: 13 143 273 446 738 ns
04:13:50.777329 TM: Giving up catch-up attempt at a 60 022 447 514 ns lag; new total: 13 203 295 894 252 ns
04:15:00.693094 TM: Giving up catch-up attempt at a 60 048 579 268 ns lag; new total: 13 263 344 473 520 ns
04:16:06.806284 TM: Giving up catch-up attempt at a 60 004 825 754 ns lag; new total: 13 323 349 299 274 ns
04:17:14.699766 TM: Giving up catch-up attempt at a 60 012 608 053 ns lag; new total: 13 383 361 907 327 ns
04:18:21.978750 TM: Giving up catch-up attempt at a 60 011 229 511 ns lag; new total: 13 443 373 136 838 ns
04:19:29.364215 TM: Giving up catch-up attempt at a 60 020 898 867 ns lag; new total: 13 503 394 035 705 ns
04:20:37.583047 TM: Giving up catch-up attempt at a 60 002 814 843 ns lag; new total: 13 563 396 850 548 ns
04:21:46.831755 TM: Giving up catch-up attempt at a 60 012 430 976 ns lag; new total: 13 623 409 281 524 ns
04:22:54.957812 TM: Giving up catch-up attempt at a 60 008 479 610 ns lag; new total: 13 683 417 761 134 ns
04:24:02.971590 TM: Giving up catch-up attempt at a 60 004 256 203 ns lag; new total: 13 743 422 017 337 ns
04:25:11.927424 TM: Giving up catch-up attempt at a 60 008 572 498 ns lag; new total: 13 803 430 589 835 ns
04:26:20.972367 TM: Giving up catch-up attempt at a 60 002 463 509 ns lag; new total: 13 863 433 053 344 ns
04:27:29.986654 TM: Giving up catch-up attempt at a 60 003 553 741 ns lag; new total: 13 923 436 607 085 ns
04:28:39.561138 TM: Giving up catch-up attempt at a 60 001 484 712 ns lag; new total: 13 983 438 091 797 ns
04:29:48.415888 TM: Giving up catch-up attempt at a 60 023 578 964 ns lag; new total: 14 043 461 670 761 ns
04:30:56.436102 TM: Giving up catch-up attempt at a 60 006 765 379 ns lag; new total: 14 103 468 436 140 ns
04:32:05.298418 TM: Giving up catch-up attempt at a 60 001 662 727 ns lag; new total: 14 163 470 098 867 ns
04:33:16.022506 TM: Giving up catch-up attempt at a 60 000 257 687 ns lag; new total: 14 223 470 356 554 ns
04:34:24.783889 TM: Giving up catch-up attempt at a 60 009 483 912 ns lag; new total: 14 283 479 840 466 ns
04:35:33.209970 TM: Giving up catch-up attempt at a 60 010 951 859 ns lag; new total: 14 343 490 792 325 ns
04:36:41.052764 TM: Giving up catch-up attempt at a 60 021 846 770 ns lag; new total: 14 403 512 639 095 ns
04:37:50.303304 TM: Giving up catch-up attempt at a 60 032 598 212 ns lag; new total: 14 463 545 237 307 ns
04:38:57.639987 TM: Giving up catch-up attempt at a 60 007 927 604 ns lag; new total: 14 523 553 164 911 ns
04:40:06.302547 TM: Giving up catch-up attempt at a 60 008 206 071 ns lag; new total: 14 583 561 370 982 ns
04:40:52.771489 Pausing VM execution, reason 'HostSuspend'
04:40:52.772505 Changing the VM state from 'RUNNING' to 'SUSPENDING'
04:40:52.803074 AIOMgr: Endpoint for file '/mnt/goldenfir/vbox/virtualboxes/vagr_ub2/ubuntu-jammy-22.04-cloudimg.vmdk' (flags 000c0781) created successfully
04:40:52.849635 AIOMgr: Endpoint for file '/mnt/goldenfir/vbox/virtualboxes/vagr_ub2/ubuntu-jammy-22.04-cloudimg-configdrive.vmdk' (flags 000c0781) created successfully
04:40:52.854536 PDMR3Suspend: 81 944 555 ns run time
04:40:52.854561 Changing the VM state from 'SUSPENDING' to 'SUSPENDED'
04:40:52.854581 Console: Machine state changed to 'Paused'
04:41:00.308450 Resuming VM execution, reason 'HostResume'
04:41:00.308450 Changing the VM state from 'SUSPENDED' to 'RESUMING'
04:41:00.308450 AIOMgr: Endpoint for file '/mnt/goldenfir/vbox/virtualboxes/vagr_ub2/ubuntu-jammy-22.04-cloudimg.vmdk' (flags 000c0723) created successfully
04:41:00.333347 AIOMgr: Endpoint for file '/mnt/goldenfir/vbox/virtualboxes/vagr_ub2/ubuntu-jammy-22.04-cloudimg-configdrive.vmdk' (flags 000c0723) created successfully
04:41:00.343460 NAT: resolv.conf: nameserver 127.0.0.53
04:41:00.343495 NAT: resolv.conf: ignoring "options edns0 trust-ad"
04:41:00.343509 NAT: Adding domain name .
04:41:00.343514 NAT: DNS#0: 127.0.0.53
04:41:00.343553 Changing the VM state from 'RESUMING' to 'RUNNING'
04:41:00.343568 Console: Machine state changed to 'Running'
04:41:24.388483 TM: Giving up catch-up attempt at a 60 001 961 905 ns lag; new total: 14 643 563 332 887 ns
04:42:33.664906 TM: Giving up catch-up attempt at a 60 032 934 765 ns lag; new total: 14 703 596 267 652 ns
04:43:42.559840 TM: Giving up catch-up attempt at a 60 004 209 363 ns lag; new total: 14 763 600 477 015 ns
04:44:49.556376 TM: Giving up catch-up attempt at a 60 014 117 909 ns lag; new total: 14 823 614 594 924 ns
04:45:56.711424 TM: Giving up catch-up attempt at a 60 008 405 345 ns lag; new total: 14 883 623 000 269 ns
04:47:04.447498 TM: Giving up catch-up attempt at a 60 009 146 463 ns lag; new total: 14 943 632 146 732 ns
04:48:11.521554 TM: Giving up catch-up attempt at a 60 009 025 414 ns lag; new total: 15 003 641 172 146 ns
04:49:19.450615 TM: Giving up catch-up attempt at a 60 004 375 438 ns lag; new total: 15 063 645 547 584 ns
04:50:28.596275 TM: Giving up catch-up attempt at a 60 004 847 980 ns lag; new total: 15 123 650 395 564 ns
04:51:36.116919 TM: Giving up catch-up attempt at a 60 035 025 373 ns lag; new total: 15 183 685 420 937 ns
04:52:45.244114 TM: Giving up catch-up attempt at a 60 012 277 448 ns lag; new total: 15 243 697 698 385 ns
04:53:54.926315 TM: Giving up catch-up attempt at a 60 039 451 158 ns lag; new total: 15 303 737 149 543 ns
04:55:03.996839 TM: Giving up catch-up attempt at a 60 035 763 080 ns lag; new total: 15 363 772 912 623 ns
04:56:11.898612 TM: Giving up catch-up attempt at a 60 002 881 215 ns lag; new total: 15 423 775 793 838 ns
04:57:20.361505 TM: Giving up catch-up attempt at a 60 009 559 384 ns lag; new total: 15 483 785 353 222 ns
04:58:29.459818 TM: Giving up catch-up attempt at a 60 001 743 389 ns lag; new total: 15 543 787 096 611 ns
04:59:39.655958 TM: Giving up catch-up attempt at a 60 011 644 685 ns lag; new total: 15 603 798 741 296 ns
05:00:50.032309 TM: Giving up catch-up attempt at a 60 005 510 176 ns lag; new total: 15 663 804 251 472 ns
05:01:58.770866 TM: Giving up catch-up attempt at a 60 017 913 127 ns lag; new total: 15 723 822 164 599 ns
05:03:08.960679 TM: Giving up catch-up attempt at a 60 046 336 721 ns lag; new total: 15 783 868 501 320 ns
05:04:16.754532 TM: Giving up catch-up attempt at a 60 039 787 667 ns lag; new total: 15 843 908 288 987 ns
05:05:26.077547 TM: Giving up catch-up attempt at a 60 025 693 154 ns lag; new total: 15 903 933 982 141 ns
05:06:34.991906 TM: Giving up catch-up attempt at a 60 033 880 581 ns lag; new total: 15 963 967 862 722 ns
05:07:47.888455 TM: Giving up catch-up attempt at a 60 037 428 399 ns lag; new total: 16 024 005 291 121 ns
05:08:56.813925 TM: Giving up catch-up attempt at a 60 015 798 127 ns lag; new total: 16 084 021 089 248 ns
05:10:05.852478 TM: Giving up catch-up attempt at a 60 030 348 190 ns lag; new total: 16 144 051 437 438 ns
05:11:14.181307 TM: Giving up catch-up attempt at a 60 003 071 567 ns lag; new total: 16 204 054 509 005 ns
05:12:21.710332 TM: Giving up catch-up attempt at a 60 007 144 318 ns lag; new total: 16 264 061 653 323 ns
05:13:32.323177 TM: Giving up catch-up attempt at a 60 014 834 745 ns lag; new total: 16 324 076 488 068 ns
05:14:40.076654 TM: Giving up catch-up attempt at a 60 016 585 679 ns lag; new total: 16 384 093 073 747 ns
05:15:49.329423 TM: Giving up catch-up attempt at a 60 012 994 277 ns lag; new total: 16 444 106 068 024 ns
05:16:59.049235 TM: Giving up catch-up attempt at a 60 004 986 460 ns lag; new total: 16 504 111 054 484 ns
05:18:05.702592 TM: Giving up catch-up attempt at a 60 022 568 522 ns lag; new total: 16 564 133 623 006 ns
05:19:14.194519 TM: Giving up catch-up attempt at a 60 003 059 971 ns lag; new total: 16 624 136 682 977 ns
05:20:21.523707 TM: Giving up catch-up attempt at a 60 003 067 513 ns lag; new total: 16 684 139 750 490 ns
05:21:30.564131 TM: Giving up catch-up attempt at a 60 003 268 117 ns lag; new total: 16 744 143 018 607 ns
05:22:39.183783 TM: Giving up catch-up attempt at a 60 016 823 087 ns lag; new total: 16 804 159 841 694 ns
05:23:49.077400 TM: Giving up catch-up attempt at a 60 028 757 089 ns lag; new total: 16 864 188 598 783 ns
05:24:58.304872 TM: Giving up catch-up attempt at a 60 007 394 183 ns lag; new total: 16 924 195 992 966 ns
05:26:07.776310 TM: Giving up catch-up attempt at a 60 006 193 419 ns lag; new total: 16 984 202 186 385 ns
05:27:18.117337 TM: Giving up catch-up attempt at a 60 024 615 126 ns lag; new total: 17 044 226 801 511 ns
05:28:29.037024 TM: Giving up catch-up attempt at a 60 013 127 643 ns lag; new total: 17 104 239 929 154 ns
05:29:38.296850 TM: Giving up catch-up attempt at a 60 001 781 623 ns lag; new total: 17 164 241 710 777 ns
05:30:47.893609 TM: Giving up catch-up attempt at a 60 004 020 899 ns lag; new total: 17 224 245 731 676 ns
05:31:57.052005 TM: Giving up catch-up attempt at a 60 011 451 381 ns lag; new total: 17 284 257 183 057 ns
05:33:07.344579 TM: Giving up catch-up attempt at a 60 003 922 730 ns lag; new total: 17 344 261 105 787 ns
05:34:16.780136 TM: Giving up catch-up attempt at a 60 009 721 432 ns lag; new total: 17 404 270 827 219 ns
05:35:26.716116 TM: Giving up catch-up attempt at a 60 002 261 380 ns lag; new total: 17 464 273 088 599 ns
05:36:36.430602 TM: Giving up catch-up attempt at a 60 037 641 272 ns lag; new total: 17 524 310 729 871 ns
05:37:47.391280 TM: Giving up catch-up attempt at a 60 004 577 421 ns lag; new total: 17 584 315 307 292 ns
05:38:57.191989 TM: Giving up catch-up attempt at a 60 020 079 361 ns lag; new total: 17 644 335 386 653 ns
05:40:30.310984 TM: Giving up catch-up attempt at a 60 021 261 716 ns lag; new total: 17 704 356 648 369 ns
05:41:41.751794 TM: Giving up catch-up attempt at a 60 001 555 820 ns lag; new total: 17 764 358 204 189 ns
05:42:50.963138 TM: Giving up catch-up attempt at a 60 002 714 792 ns lag; new total: 17 824 360 918 981 ns
05:44:01.203552 TM: Giving up catch-up attempt at a 60 011 389 076 ns lag; new total: 17 884 372 308 057 ns
05:45:11.707497 TM: Giving up catch-up attempt at a 60 011 190 601 ns lag; new total: 17 944 383 498 658 ns
05:46:20.818517 TM: Giving up catch-up attempt at a 60 039 086 452 ns lag; new total: 18 004 422 585 110 ns
05:47:31.236143 TM: Giving up catch-up attempt at a 60 003 474 827 ns lag; new total: 18 064 426 059 937 ns
05:48:40.692680 TM: Giving up catch-up attempt at a 60 019 188 982 ns lag; new total: 18 124 445 248 919 ns
05:49:50.626866 TM: Giving up catch-up attempt at a 60 004 116 376 ns lag; new total: 18 184 449 365 295 ns
05:50:59.985306 TM: Giving up catch-up attempt at a 60 001 798 162 ns lag; new total: 18 244 451 163 457 ns
05:52:09.259169 TM: Giving up catch-up attempt at a 60 007 442 604 ns lag; new total: 18 304 458 606 061 ns
05:53:18.237412 TM: Giving up catch-up attempt at a 60 006 016 557 ns lag; new total: 18 364 464 622 618 ns
05:54:26.054912 TM: Giving up catch-up attempt at a 60 011 173 134 ns lag; new total: 18 424 475 795 752 ns
05:55:36.328106 TM: Giving up catch-up attempt at a 60 014 748 255 ns lag; new total: 18 484 490 544 007 ns
05:56:46.661981 TM: Giving up catch-up attempt at a 60 001 640 484 ns lag; new total: 18 544 492 184 491 ns
05:57:58.183350 TM: Giving up catch-up attempt at a 60 003 700 809 ns lag; new total: 18 604 495 885 300 ns
05:59:09.294746 TM: Giving up catch-up attempt at a 60 047 268 158 ns lag; new total: 18 664 543 153 458 ns
06:00:17.751070 TM: Giving up catch-up attempt at a 60 065 278 610 ns lag; new total: 18 724 608 432 068 ns
06:01:28.097029 TM: Giving up catch-up attempt at a 60 024 731 086 ns lag; new total: 18 784 633 163 154 ns
06:02:38.325114 TM: Giving up catch-up attempt at a 60 001 833 660 ns lag; new total: 18 844 634 996 814 ns
06:03:47.670291 TM: Giving up catch-up attempt at a 60 027 379 049 ns lag; new total: 18 904 662 375 863 ns
06:04:56.581225 TM: Giving up catch-up attempt at a 60 006 793 614 ns lag; new total: 18 964 669 169 477 ns
06:06:06.549891 TM: Giving up catch-up attempt at a 60 020 191 845 ns lag; new total: 19 024 689 361 322 ns
06:07:16.417360 TM: Giving up catch-up attempt at a 60 001 129 875 ns lag; new total: 19 084 690 491 197 ns
06:08:26.994361 TM: Giving up catch-up attempt at a 60 006 981 180 ns lag; new total: 19 144 697 472 377 ns
06:09:37.042087 TM: Giving up catch-up attempt at a 60 004 884 623 ns lag; new total: 19 204 702 357 000 ns
06:10:47.173718 TM: Giving up catch-up attempt at a 60 003 072 009 ns lag; new total: 19 264 705 429 009 ns
06:11:57.634059 TM: Giving up catch-up attempt at a 60 004 189 917 ns lag; new total: 19 324 709 618 926 ns
06:13:08.484574 TM: Giving up catch-up attempt at a 60 028 200 961 ns lag; new total: 19 384 737 819 887 ns
06:14:18.036832 TM: Giving up catch-up attempt at a 60 044 300 494 ns lag; new total: 19 444 782 120 381 ns
06:15:27.899356 TM: Giving up catch-up attempt at a 60 000 492 120 ns lag; new total: 19 504 782 612 501 ns
06:16:37.721646 TM: Giving up catch-up attempt at a 60 001 056 712 ns lag; new total: 19 564 783 669 213 ns
06:17:47.775017 TM: Giving up catch-up attempt at a 60 012 541 199 ns lag; new total: 19 624 796 210 412 ns
06:18:56.191703 TM: Giving up catch-up attempt at a 60 004 585 548 ns lag; new total: 19 684 800 795 960 ns
06:20:06.982160 TM: Giving up catch-up attempt at a 60 019 526 628 ns lag; new total: 19 744 820 322 588 ns
06:21:15.916782 TM: Giving up catch-up attempt at a 60 019 568 129 ns lag; new total: 19 804 839 890 717 ns
06:22:24.483781 TM: Giving up catch-up attempt at a 60 002 765 108 ns lag; new total: 19 864 842 655 825 ns
06:23:33.243708 TM: Giving up catch-up attempt at a 60 009 407 720 ns lag; new total: 19 924 852 063 545 ns
06:25:21.735071 TM: Giving up catch-up attempt at a 60 218 260 982 ns lag; new total: 19 985 070 324 527 ns
06:26:58.239900 TM: Giving up catch-up attempt at a 60 036 720 390 ns lag; new total: 20 045 107 044 917 ns
06:28:23.268626 TM: Giving up catch-up attempt at a 60 000 589 800 ns lag; new total: 20 105 107 634 717 ns
06:29:59.282421 TM: Giving up catch-up attempt at a 60 001 956 967 ns lag; new total: 20 165 109 591 684 ns
06:32:00.803782 TM: Giving up catch-up attempt at a 60 001 120 872 ns lag; new total: 20 225 110 712 556 ns
06:32:34.165619 VMMDev: vmmDevHeartbeatFlatlinedTimer: Guest seems to be unresponsive. Last heartbeat received 26 seconds ago
06:32:34.223270 VMMDev: GuestHeartBeat: Guest is alive (gone 26 671 293 760 ns)
06:33:09.450674 TM: Giving up catch-up attempt at a 60 007 049 727 ns lag; new total: 20 285 117 762 283 ns
