00:00:01.416810 VirtualBox VM 7.0.16_Ubuntu r162802 linux.amd64 (Apr 26 2024 10:51:11) release log
00:00:01.416811 Log opened 2024-10-09T11:12:06.384479000Z
00:00:01.416812 Build Type: release
00:00:01.416815 OS Product: Linux
00:00:01.416815 OS Release: 6.8.0-45-generic
00:00:01.416816 OS Version: #45-Ubuntu SMP PREEMPT_DYNAMIC Fri Aug 30 12:02:04 UTC 2024
00:00:01.416844 DMI Product Name: To Be Filled By O.E.M.
00:00:01.416855 DMI Product Version: To Be Filled By O.E.M.
00:00:01.416862 Firmware type: UEFI
00:00:01.417607 Secure Boot: Disabled
00:00:01.417658 Host RAM: 15903MB (15.5GB) total, 13797MB (13.4GB) available
00:00:01.417662 Executable: /usr/lib/virtualbox/VirtualBoxVM
00:00:01.417663 Process ID: 10524
00:00:01.417663 Package type: LINUX_64BITS_GENERIC (OSE)
00:00:01.429892 Installed Extension Packs:
00:00:01.429956   VNC (Version: 7.0.16 r162802; VRDE Module: VBoxVNC; Crypto Module: )
00:00:01.431629 Console: Machine state changed to 'Starting'
00:00:01.431911 Qt version: 5.15.13
00:00:01.431918 X11 Window Manager code: 3
00:00:01.446381 GUI: UIMediumEnumerator: Medium-enumeration finished!
00:00:01.447637 X Server details: vendor: The X.Org Foundation, release: 12101011, protocol version: 11.0, display string: :0
00:00:01.447661 Using XKB for keycode to scan code conversion
00:00:01.448096 SUP: seg #0: R   0x00000000 LB 0x00061000
00:00:01.448106 SUP: seg #1: R X 0x00061000 LB 0x001b7000
00:00:01.448110 SUP: seg #2: R   0x00218000 LB 0x0006b000
00:00:01.448112 SUP: seg #3: RW  0x00283000 LB 0x0002eaf0
00:00:01.451632 SUP: Loaded VMMR0.r0 (/usr/lib/virtualbox/VMMR0.r0) at 0xXXXXXXXXXXXXXXXX - ModuleInit at XXXXXXXXXXXXXXXX and ModuleTerm at XXXXXXXXXXXXXXXX
00:00:01.451665 SUP: VMMR0EntryEx located at XXXXXXXXXXXXXXXX and VMMR0EntryFast at XXXXXXXXXXXXXXXX
00:00:01.457330 Guest OS type: 'Ubuntu_64'
00:00:01.461229 GUI: UIDesktopWidgetWatchdog::sltHandleHostScreenAvailableGeometryCalculated: Screen 0 work area is actually resized to: 0x32 x 1920x1048
00:00:01.461322 fHMForced=true - No raw-mode support in this build!
00:00:01.478442 File system of '/media/sssd/vbox/ubuntu/ubuntu.vdi' is ext4
00:00:01.507675 Audio: Detected default audio driver type is 'ALSAAudio'
00:00:01.526019 Shared Clipboard: Service loaded
00:00:01.526040 Shared Clipboard: Mode: Off
00:00:01.526125 Shared Clipboard: Service running in normal mode
00:00:01.527858 Drag and drop service loaded
00:00:01.527879 Drag and drop mode: Off
00:00:01.532065 ************************* CFGM dump *************************
00:00:01.532073 [/] (level 0)
00:00:01.532087   CpuExecutionCap   <integer> = 0x0000000000000064 (100)
00:00:01.532091   EnablePAE         <integer> = 0x0000000000000001 (1)
00:00:01.532093   HMEnabled         <integer> = 0x0000000000000001 (1)
00:00:01.532093   MemBalloonSize    <integer> = 0x0000000000000000 (0, 0 B)
00:00:01.532096   Name              <string>  = "ubuntu" (cb=7)
00:00:01.532097   NumCPUs           <integer> = 0x0000000000000001 (1)
00:00:01.532098   PageFusionAllowed <integer> = 0x0000000000000000 (0)
00:00:01.532099   RamHoleSize       <integer> = 0x0000000020000000 (536 870 912, 512.0 MiB)
00:00:01.532100   RamSize           <integer> = 0x00000000a4d00000 (2 765 094 912, 2.5 GiB)
00:00:01.532101   TimerMillies      <integer> = 0x000000000000000a (10)
00:00:01.532102   UUID              <bytes>   = "08 0a d4 59 53 66 b2 44 99 72 93 25 8b a6 19 7d" (cb=16)
00:00:01.532105 
00:00:01.532108 [/CPUM/] (level 1)
00:00:01.532109   Enable64bit        <integer> = 0x0000000000000001 (1)
00:00:01.532110   GuestCpuName       <string>  = "host" (cb=5)
00:00:01.532111   NestedHWVirt       <integer> = 0x0000000000000000 (0)
00:00:01.532111   PortableCpuIdLevel <integer> = 0x0000000000000000 (0)
00:00:01.532112   SpecCtrl           <integer> = 0x0000000000000000 (0)
00:00:01.532113 
00:00:01.532113 [/CPUM/IsaExts/] (level 2)
00:00:01.532114 
00:00:01.532117 [/DBGC/] (level 1)
00:00:01.532118   GlobalInitScript <string>  = "/home/delkabo/.config/VirtualBox/dbgc-init" (cb=43)
00:00:01.532119   HistoryFile      <string>  = "/home/delkabo/.config/VirtualBox/dbgc-history" (cb=46)
00:00:01.532120   LocalInitScript  <string>  = "/media/sssd/vbox/ubuntu/dbgc-init" (cb=34)
00:00:01.532120 
00:00:01.532121 [/DBGF/] (level 1)
00:00:01.532121   Path <string>  = "/media/sssd/vbox/ubuntu/debug/;/media/sssd/vbox/ubuntu/;cache*/media/sssd/vbox/ubuntu/dbgcache/;/home/delkabo/" (cb=111)
00:00:01.532122 
00:00:01.532122 [/Devices/] (level 1)
00:00:01.532123 
00:00:01.532123 [/Devices/3c501/] (level 2)
00:00:01.532124 
00:00:01.532124 [/Devices/8237A/] (level 2)
00:00:01.532125 
00:00:01.532125 [/Devices/8237A/0/] (level 3)
00:00:01.532126   Trusted <integer> = 0x0000000000000001 (1)
00:00:01.532127 
00:00:01.532127 [/Devices/GIMDev/] (level 2)
00:00:01.532128 
00:00:01.532128 [/Devices/GIMDev/0/] (level 3)
00:00:01.532129   Trusted <integer> = 0x0000000000000001 (1)
00:00:01.532130 
00:00:01.532130 [/Devices/VMMDev/] (level 2)
00:00:01.532131 
00:00:01.532131 [/Devices/VMMDev/0/] (level 3)
00:00:01.532132   PCIBusNo      <integer> = 0x0000000000000000 (0)
00:00:01.532133   PCIDeviceNo   <integer> = 0x0000000000000004 (4)
00:00:01.532134   PCIFunctionNo <integer> = 0x0000000000000000 (0)
00:00:01.532134   Trusted       <integer> = 0x0000000000000001 (1)
00:00:01.532135 
00:00:01.532135 [/Devices/VMMDev/0/Config/] (level 4)
00:00:01.532136   GuestCoreDumpDir <string>  = "/media/sssd/vbox/ubuntu/Snapshots" (cb=34)
00:00:01.532137 
00:00:01.532137 [/Devices/VMMDev/0/LUN#0/] (level 4)
00:00:01.532138   Driver <string>  = "HGCM" (cb=5)
00:00:01.532139 
00:00:01.532139 [/Devices/VMMDev/0/LUN#0/Config/] (level 5)
00:00:01.532140 
00:00:01.532140 [/Devices/VMMDev/0/LUN#999/] (level 4)
00:00:01.532141   Driver <string>  = "MainStatus" (cb=11)
00:00:01.532142 
00:00:01.532142 [/Devices/VMMDev/0/LUN#999/Config/] (level 5)
00:00:01.532143   First                <integer> = 0x0000000000000000 (0)
00:00:01.532144   HasMediumAttachments <integer> = 0x0000000000000000 (0)
00:00:01.532145   Last                 <integer> = 0x0000000000000000 (0)
00:00:01.532145   iLedSet              <integer> = 0x0000000000000006 (6)
00:00:01.532146 
00:00:01.532147 [/Devices/acpi/] (level 2)
00:00:01.532147 
00:00:01.532148 [/Devices/acpi/0/] (level 3)
00:00:01.532148   PCIBusNo      <integer> = 0x0000000000000000 (0)
00:00:01.532149   PCIDeviceNo   <integer> = 0x0000000000000007 (7)
00:00:01.532150   PCIFunctionNo <integer> = 0x0000000000000000 (0)
00:00:01.532150   Trusted       <integer> = 0x0000000000000001 (1)
00:00:01.532151 
00:00:01.532151 [/Devices/acpi/0/Config/] (level 4)
00:00:01.532153   CpuHotPlug          <integer> = 0x0000000000000000 (0)
00:00:01.532154   FdcEnabled          <integer> = 0x0000000000000000 (0)
00:00:01.532154   HostBusPciAddress   <integer> = 0x0000000000000000 (0)
00:00:01.532155   HpetEnabled         <integer> = 0x0000000000000000 (0)
00:00:01.532156   IOAPIC              <integer> = 0x0000000000000001 (1)
00:00:01.532157   IocPciAddress       <integer> = 0x0000000000010000 (65 536)
00:00:01.532157   NumCPUs             <integer> = 0x0000000000000001 (1)
00:00:01.532158   Parallel0IoPortBase <integer> = 0x0000000000000000 (0)
00:00:01.532159   Parallel0Irq        <integer> = 0x0000000000000000 (0)
00:00:01.532159   Parallel1IoPortBase <integer> = 0x0000000000000000 (0)
00:00:01.532160   Parallel1Irq        <integer> = 0x0000000000000000 (0)
00:00:01.532161   Serial0IoPortBase   <integer> = 0x0000000000000000 (0)
00:00:01.532161   Serial0Irq          <integer> = 0x0000000000000000 (0)
00:00:01.532162   Serial1IoPortBase   <integer> = 0x0000000000000000 (0)
00:00:01.532163   Serial1Irq          <integer> = 0x0000000000000000 (0)
00:00:01.532163   ShowCpu             <integer> = 0x0000000000000001 (1)
00:00:01.532164   ShowRtc             <integer> = 0x0000000000000000 (0)
00:00:01.532165   SmcEnabled          <integer> = 0x0000000000000000 (0)
00:00:01.532166 
00:00:01.532166 [/Devices/acpi/0/LUN#0/] (level 4)
00:00:01.532167   Driver <string>  = "ACPIHost" (cb=9)
00:00:01.532167 
00:00:01.532168 [/Devices/acpi/0/LUN#0/Config/] (level 5)
00:00:01.532169 
00:00:01.532169 [/Devices/ahci/] (level 2)
00:00:01.532170 
00:00:01.532170 [/Devices/ahci/0/] (level 3)
00:00:01.532171   PCIBusNo      <integer> = 0x0000000000000000 (0)
00:00:01.532172   PCIDeviceNo   <integer> = 0x000000000000000d (13)
00:00:01.532173   PCIFunctionNo <integer> = 0x0000000000000000 (0)
00:00:01.532173   Trusted       <integer> = 0x0000000000000001 (1)
00:00:01.532174 
00:00:01.532174 [/Devices/ahci/0/Config/] (level 4)
00:00:01.532175   Bootable  <integer> = 0x0000000000000001 (1)
00:00:01.532176   PortCount <integer> = 0x0000000000000001 (1)
00:00:01.532176 
00:00:01.532177 [/Devices/ahci/0/Config/Port0/] (level 5)
00:00:01.532178   Hotpluggable <integer> = 0x0000000000000000 (0)
00:00:01.532178 
00:00:01.532179 [/Devices/ahci/0/LUN#0/] (level 4)
00:00:01.532180   Driver <string>  = "VD" (cb=3)
00:00:01.532180 
00:00:01.532181 [/Devices/ahci/0/LUN#0/Config/] (level 5)
00:00:01.532182   BlockCache <integer> = 0x0000000000000001 (1)
00:00:01.532183   Format     <string>  = "VDI" (cb=4)
00:00:01.532183   Mountable  <integer> = 0x0000000000000000 (0)
00:00:01.532184   Path       <string>  = "/media/sssd/vbox/ubuntu/ubuntu.vdi" (cb=35)
00:00:01.532185   Type       <string>  = "HardDisk" (cb=9)
00:00:01.532185   UseNewIo   <integer> = 0x0000000000000001 (1)
00:00:01.532186 
00:00:01.532186 [/Devices/ahci/0/LUN#0/Config/VDConfig/] (level 6)
00:00:01.532187   AllocationBlockSize <string>  = "1048576" (cb=8)
00:00:01.532188 
00:00:01.532188 [/Devices/ahci/0/LUN#999/] (level 4)
00:00:01.532189   Driver <string>  = "MainStatus" (cb=11)
00:00:01.532190 
00:00:01.532190 [/Devices/ahci/0/LUN#999/Config/] (level 5)
00:00:01.532191   DeviceInstance       <string>  = "ahci/0" (cb=7)
00:00:01.532192   First                <integer> = 0x0000000000000000 (0)
00:00:01.532193   HasMediumAttachments <integer> = 0x0000000000000001 (1)
00:00:01.532193   Last                 <integer> = 0x0000000000000000 (0)
00:00:01.532194   iLedSet              <integer> = 0x0000000000000004 (4)
00:00:01.532195 
00:00:01.532195 [/Devices/apic/] (level 2)
00:00:01.532196 
00:00:01.532196 [/Devices/apic/0/] (level 3)
00:00:01.532197   Trusted <integer> = 0x0000000000000001 (1)
00:00:01.532198 
00:00:01.532198 [/Devices/apic/0/Config/] (level 4)
00:00:01.532199   IOAPIC  <integer> = 0x0000000000000001 (1)
00:00:01.532200   Mode    <integer> = 0x0000000000000003 (3)
00:00:01.532200   NumCPUs <integer> = 0x0000000000000001 (1)
00:00:01.532201 
00:00:01.532201 [/Devices/dp8390/] (level 2)
00:00:01.532202 
00:00:01.532202 [/Devices/e1000/] (level 2)
00:00:01.532203 
00:00:01.532203 [/Devices/e1000/0/] (level 3)
00:00:01.532204   PCIBusNo      <integer> = 0x0000000000000000 (0)
00:00:01.532205   PCIDeviceNo   <integer> = 0x0000000000000003 (3)
00:00:01.532205   PCIFunctionNo <integer> = 0x0000000000000000 (0)
00:00:01.532206   Trusted       <integer> = 0x0000000000000001 (1)
00:00:01.532207 
00:00:01.532207 [/Devices/e1000/0/Config/] (level 4)
00:00:01.532208   AdapterType    <integer> = 0x0000000000000000 (0)
00:00:01.532209   CableConnected <integer> = 0x0000000000000001 (1)
00:00:01.532209   LineSpeed      <integer> = 0x0000000000000000 (0)
00:00:01.532210   MAC            <bytes>   = "08 00 27 60 1c f2" (cb=6)
00:00:01.532211 
00:00:01.532211 [/Devices/e1000/0/LUN#0/] (level 4)
00:00:01.532213   Driver <string>  = "NAT" (cb=4)
00:00:01.532213 
00:00:01.532213 [/Devices/e1000/0/LUN#0/Config/] (level 5)
00:00:01.532215   AliasMode          <integer> = 0x0000000000000000 (0)
00:00:01.532216   BootFile           <string>  = "ubuntu.pxe" (cb=11)
00:00:01.532216   DNSProxy           <integer> = 0x0000000000000000 (0)
00:00:01.532217   LocalhostReachable <integer> = 0x0000000000000001 (1)
00:00:01.532218   Network            <string>  = "10.0.2.0/24" (cb=12)
00:00:01.532218   PassDomain         <integer> = 0x0000000000000001 (1)
00:00:01.532219   TFTPPrefix         <string>  = "/home/delkabo/.config/VirtualBox/TFTP" (cb=38)
00:00:01.532220   UseHostResolver    <integer> = 0x0000000000000000 (0)
00:00:01.532221 
00:00:01.532221 [/Devices/e1000/0/LUN#999/] (level 4)
00:00:01.532222   Driver <string>  = "MainStatus" (cb=11)
00:00:01.532222 
00:00:01.532223 [/Devices/e1000/0/LUN#999/Config/] (level 5)
00:00:01.532224   First                <integer> = 0x0000000000000000 (0)
00:00:01.532225   HasMediumAttachments <integer> = 0x0000000000000000 (0)
00:00:01.532225   Last                 <integer> = 0x0000000000000000 (0)
00:00:01.532226   iLedSet              <integer> = 0x0000000000000005 (5)
00:00:01.532227 
00:00:01.532227 [/Devices/i8254/] (level 2)
00:00:01.532228 
00:00:01.532228 [/Devices/i8254/0/] (level 3)
00:00:01.532229 
00:00:01.532230 [/Devices/i8254/0/Config/] (level 4)
00:00:01.532231 
00:00:01.532231 [/Devices/i8259/] (level 2)
00:00:01.532232 
00:00:01.532232 [/Devices/i8259/0/] (level 3)
00:00:01.532233   Trusted <integer> = 0x0000000000000001 (1)
00:00:01.532233 
00:00:01.532234 [/Devices/i8259/0/Config/] (level 4)
00:00:01.532235 
00:00:01.532235 [/Devices/ichac97/] (level 2)
00:00:01.532236 
00:00:01.532236 [/Devices/ichac97/0/] (level 3)
00:00:01.532237   PCIBusNo      <integer> = 0x0000000000000000 (0)
00:00:01.532237   PCIDeviceNo   <integer> = 0x0000000000000005 (5)
00:00:01.532238   PCIFunctionNo <integer> = 0x0000000000000000 (0)
00:00:01.532239   Trusted       <integer> = 0x0000000000000001 (1)
00:00:01.532239 
00:00:01.532240 [/Devices/ichac97/0/AudioConfig/] (level 4)
00:00:01.532241 
00:00:01.532241 [/Devices/ichac97/0/Config/] (level 4)
00:00:01.532242   Codec        <string>  = "AD1980" (cb=7)
00:00:01.532242   DebugEnabled <integer> = 0x0000000000000000 (0)
00:00:01.532243 
00:00:01.532243 [/Devices/ichac97/0/LUN#0/] (level 4)
00:00:01.532244   Driver <string>  = "AUDIO" (cb=6)
00:00:01.532245 
00:00:01.532245 [/Devices/ichac97/0/LUN#0/AttachedDriver/] (level 5)
00:00:01.532247   Driver <string>  = "ALSAAudio" (cb=10)
00:00:01.532247 
00:00:01.532247 [/Devices/ichac97/0/LUN#0/AttachedDriver/Config/] (level 6)
00:00:01.532249 
00:00:01.532249 [/Devices/ichac97/0/LUN#0/Config/] (level 5)
00:00:01.532250   DriverName    <string>  = "ALSAAudio" (cb=10)
00:00:01.532251   InputEnabled  <integer> = 0x0000000000000000 (0)
00:00:01.532251   OutputEnabled <integer> = 0x0000000000000001 (1)
00:00:01.532252 
00:00:01.532252 [/Devices/ichac97/0/LUN#1/] (level 4)
00:00:01.532253   Driver <string>  = "AUDIO" (cb=6)
00:00:01.532254 
00:00:01.532254 [/Devices/ioapic/] (level 2)
00:00:01.532255 
00:00:01.532255 [/Devices/ioapic/0/] (level 3)
00:00:01.532256   Trusted <integer> = 0x0000000000000001 (1)
00:00:01.532256 
00:00:01.532257 [/Devices/ioapic/0/Config/] (level 4)
00:00:01.532258   NumCPUs <integer> = 0x0000000000000001 (1)
00:00:01.532258 
00:00:01.532259 [/Devices/mc146818/] (level 2)
00:00:01.532259 
00:00:01.532260 [/Devices/mc146818/0/] (level 3)
00:00:01.532260 
00:00:01.532261 [/Devices/mc146818/0/Config/] (level 4)
00:00:01.532262   UseUTC <integer> = 0x0000000000000001 (1)
00:00:01.532262 
00:00:01.532263 [/Devices/parallel/] (level 2)
00:00:01.532263 
00:00:01.532264 [/Devices/pcarch/] (level 2)
00:00:01.532264 
00:00:01.532265 [/Devices/pcarch/0/] (level 3)
00:00:01.532265   Trusted <integer> = 0x0000000000000001 (1)
00:00:01.532266 
00:00:01.532266 [/Devices/pcarch/0/Config/] (level 4)
00:00:01.532267 
00:00:01.532267 [/Devices/pcbios/] (level 2)
00:00:01.532268 
00:00:01.532269 [/Devices/pcbios/0/] (level 3)
00:00:01.532270   Trusted <integer> = 0x0000000000000001 (1)
00:00:01.532270 
00:00:01.532270 [/Devices/pcbios/0/Config/] (level 4)
00:00:01.532272   APIC               <integer> = 0x0000000000000001 (1)
00:00:01.532273   BootDevice0        <string>  = "FLOPPY" (cb=7)
00:00:01.532274   BootDevice1        <string>  = "DVD" (cb=4)
00:00:01.532275   BootDevice2        <string>  = "IDE" (cb=4)
00:00:01.532275   BootDevice3        <string>  = "NONE" (cb=5)
00:00:01.532276   FloppyDevice       <string>  = "i82078" (cb=7)
00:00:01.532276   HardDiskDevice     <string>  = "piix3ide" (cb=9)
00:00:01.532277   IOAPIC             <integer> = 0x0000000000000001 (1)
00:00:01.532278   McfgBase           <integer> = 0x0000000000000000 (0)
00:00:01.532278   McfgLength         <integer> = 0x0000000000000000 (0)
00:00:01.532279   NumCPUs            <integer> = 0x0000000000000001 (1)
00:00:01.532280   PXEDebug           <integer> = 0x0000000000000000 (0)
00:00:01.532281   SataHardDiskDevice <string>  = "ahci" (cb=5)
00:00:01.532281   SataLUN1           <integer> = 0x0000000000000000 (0)
00:00:01.532282   UUID               <bytes>   = "08 0a d4 59 53 66 b2 44 99 72 93 25 8b a6 19 7d" (cb=16)
00:00:01.532284   UuidLe             <integer> = 0x0000000000000001 (1)
00:00:01.532285 
00:00:01.532285 [/Devices/pcbios/0/Config/NetBoot/] (level 5)
00:00:01.532286 
00:00:01.532286 [/Devices/pcbios/0/Config/NetBoot/0/] (level 6)
00:00:01.532288   NIC           <integer> = 0x0000000000000000 (0)
00:00:01.532288   PCIBusNo      <integer> = 0x0000000000000000 (0)
00:00:01.532289   PCIDeviceNo   <integer> = 0x0000000000000003 (3)
00:00:01.532290   PCIFunctionNo <integer> = 0x0000000000000000 (0)
00:00:01.532290 
00:00:01.532290 [/Devices/pci/] (level 2)
00:00:01.532291 
00:00:01.532292 [/Devices/pci/0/] (level 3)
00:00:01.532292   Trusted <integer> = 0x0000000000000001 (1)
00:00:01.532293 
00:00:01.532293 [/Devices/pci/0/Config/] (level 4)
00:00:01.532294   IOAPIC <integer> = 0x0000000000000001 (1)
00:00:01.532295 
00:00:01.532295 [/Devices/pcibridge/] (level 2)
00:00:01.532296 
00:00:01.532296 [/Devices/pckbd/] (level 2)
00:00:01.532297 
00:00:01.532297 [/Devices/pckbd/0/] (level 3)
00:00:01.532298   Trusted <integer> = 0x0000000000000001 (1)
00:00:01.532299 
00:00:01.532299 [/Devices/pckbd/0/Config/] (level 4)
00:00:01.532300 
00:00:01.532300 [/Devices/pckbd/0/LUN#0/] (level 4)
00:00:01.532301   Driver <string>  = "KeyboardQueue" (cb=14)
00:00:01.532302 
00:00:01.532302 [/Devices/pckbd/0/LUN#0/AttachedDriver/] (level 5)
00:00:01.532303   Driver <string>  = "MainKeyboard" (cb=13)
00:00:01.532304 
00:00:01.532304 [/Devices/pckbd/0/LUN#0/Config/] (level 5)
00:00:01.532305   QueueSize <integer> = 0x0000000000000040 (64, 64 B)
00:00:01.532306 
00:00:01.532306 [/Devices/pckbd/0/LUN#1/] (level 4)
00:00:01.532307   Driver <string>  = "MouseQueue" (cb=11)
00:00:01.532308 
00:00:01.532308 [/Devices/pckbd/0/LUN#1/AttachedDriver/] (level 5)
00:00:01.532309   Driver <string>  = "MainMouse" (cb=10)
00:00:01.532310 
00:00:01.532310 [/Devices/pckbd/0/LUN#1/Config/] (level 5)
00:00:01.532311   QueueSize <integer> = 0x0000000000000080 (128, 128 B)
00:00:01.532312 
00:00:01.532312 [/Devices/pcnet/] (level 2)
00:00:01.532313 
00:00:01.532313 [/Devices/piix3ide/] (level 2)
00:00:01.532314 
00:00:01.532314 [/Devices/piix3ide/0/] (level 3)
00:00:01.532315   PCIBusNo      <integer> = 0x0000000000000000 (0)
00:00:01.532316   PCIDeviceNo   <integer> = 0x0000000000000001 (1)
00:00:01.532317   PCIFunctionNo <integer> = 0x0000000000000001 (1)
00:00:01.532317   Trusted       <integer> = 0x0000000000000001 (1)
00:00:01.532318 
00:00:01.532318 [/Devices/piix3ide/0/Config/] (level 4)
00:00:01.532319   Type <string>  = "PIIX4" (cb=6)
00:00:01.532320 
00:00:01.532320 [/Devices/piix3ide/0/LUN#2/] (level 4)
00:00:01.532321   Driver <string>  = "VD" (cb=3)
00:00:01.532321 
00:00:01.532322 [/Devices/piix3ide/0/LUN#2/Config/] (level 5)
00:00:01.532323   EmptyDrive <integer> = 0x0000000000000001 (1)
00:00:01.532323   Mountable  <integer> = 0x0000000000000001 (1)
00:00:01.532324   Type       <string>  = "DVD" (cb=4)
00:00:01.532324 
00:00:01.532325 [/Devices/piix3ide/0/LUN#999/] (level 4)
00:00:01.532326   Driver <string>  = "MainStatus" (cb=11)
00:00:01.532326 
00:00:01.532326 [/Devices/piix3ide/0/LUN#999/Config/] (level 5)
00:00:01.532328   DeviceInstance       <string>  = "piix3ide/0" (cb=11)
00:00:01.532328   First                <integer> = 0x0000000000000000 (0)
00:00:01.532329   HasMediumAttachments <integer> = 0x0000000000000001 (1)
00:00:01.532330   Last                 <integer> = 0x0000000000000003 (3)
00:00:01.532330   iLedSet              <integer> = 0x0000000000000003 (3)
00:00:01.532331 
00:00:01.532331 [/Devices/serial/] (level 2)
00:00:01.532332 
00:00:01.532332 [/Devices/usb-ehci/] (level 2)
00:00:01.532333 
00:00:01.532334 [/Devices/usb-ehci/0/] (level 3)
00:00:01.532335   PCIBusNo      <integer> = 0x0000000000000000 (0)
00:00:01.532335   PCIDeviceNo   <integer> = 0x000000000000000b (11)
00:00:01.532336   PCIFunctionNo <integer> = 0x0000000000000000 (0)
00:00:01.532336   Trusted       <integer> = 0x0000000000000001 (1)
00:00:01.532337 
00:00:01.532337 [/Devices/usb-ehci/0/Config/] (level 4)
00:00:01.532338 
00:00:01.532339 [/Devices/usb-ehci/0/LUN#0/] (level 4)
00:00:01.532339   Driver <string>  = "VUSBRootHub" (cb=12)
00:00:01.532340 
00:00:01.532340 [/Devices/usb-ehci/0/LUN#0/Config/] (level 5)
00:00:01.532341 
00:00:01.532342 [/Devices/usb-ehci/0/LUN#999/] (level 4)
00:00:01.532343   Driver <string>  = "MainStatus" (cb=11)
00:00:01.532343 
00:00:01.532343 [/Devices/usb-ehci/0/LUN#999/Config/] (level 5)
00:00:01.532344   First                <integer> = 0x0000000000000000 (0)
00:00:01.532345   HasMediumAttachments <integer> = 0x0000000000000000 (0)
00:00:01.532346   Last                 <integer> = 0x0000000000000000 (0)
00:00:01.532346   iLedSet              <integer> = 0x0000000000000002 (2)
00:00:01.532347 
00:00:01.532348 [/Devices/usb-ohci/] (level 2)
00:00:01.532348 
00:00:01.532349 [/Devices/usb-ohci/0/] (level 3)
00:00:01.532350   PCIBusNo      <integer> = 0x0000000000000000 (0)
00:00:01.532350   PCIDeviceNo   <integer> = 0x0000000000000006 (6)
00:00:01.532351   PCIFunctionNo <integer> = 0x0000000000000000 (0)
00:00:01.532351   Trusted       <integer> = 0x0000000000000001 (1)
00:00:01.532352 
00:00:01.532352 [/Devices/usb-ohci/0/Config/] (level 4)
00:00:01.532353 
00:00:01.532354 [/Devices/usb-ohci/0/LUN#0/] (level 4)
00:00:01.532355   Driver <string>  = "VUSBRootHub" (cb=12)
00:00:01.532355 
00:00:01.532355 [/Devices/usb-ohci/0/LUN#0/Config/] (level 5)
00:00:01.532356 
00:00:01.532357 [/Devices/usb-ohci/0/LUN#999/] (level 4)
00:00:01.532358   Driver <string>  = "MainStatus" (cb=11)
00:00:01.532358 
00:00:01.532358 [/Devices/usb-ohci/0/LUN#999/Config/] (level 5)
00:00:01.532359   First                <integer> = 0x0000000000000000 (0)
00:00:01.532360   HasMediumAttachments <integer> = 0x0000000000000000 (0)
00:00:01.532361   Last                 <integer> = 0x0000000000000000 (0)
00:00:01.532362   iLedSet              <integer> = 0x0000000000000001 (1)
00:00:01.532362 
00:00:01.532363 [/Devices/vga/] (level 2)
00:00:01.532363 
00:00:01.532364 [/Devices/vga/0/] (level 3)
00:00:01.532364   PCIBusNo      <integer> = 0x0000000000000000 (0)
00:00:01.532365   PCIDeviceNo   <integer> = 0x0000000000000002 (2)
00:00:01.532366   PCIFunctionNo <integer> = 0x0000000000000000 (0)
00:00:01.532366   Trusted       <integer> = 0x0000000000000001 (1)
00:00:01.532367 
00:00:01.532367 [/Devices/vga/0/Config/] (level 4)
00:00:01.532369   3DEnabled          <integer> = 0x0000000000000000 (0)
00:00:01.532369   CustomVideoModes   <integer> = 0x0000000000000000 (0)
00:00:01.532370   FadeIn             <integer> = 0x0000000000000001 (1)
00:00:01.532371   FadeOut            <integer> = 0x0000000000000001 (1)
00:00:01.532372   HeightReduction    <integer> = 0x0000000000000000 (0)
00:00:01.532372   LogoFile           <string>  = "" (cb=1)
00:00:01.532373   LogoTime           <integer> = 0x0000000000000000 (0)
00:00:01.532374   MonitorCount       <integer> = 0x0000000000000001 (1)
00:00:01.532374   ShowBootMenu       <integer> = 0x0000000000000002 (2)
00:00:01.532375   VMSVGA3dEnabled    <integer> = 0x0000000000000000 (0)
00:00:01.532376   VMSVGAEnabled      <integer> = 0x0000000000000001 (1)
00:00:01.532376   VMSVGAPciBarLayout <integer> = 0x0000000000000001 (1)
00:00:01.532377   VMSVGAPciId        <integer> = 0x0000000000000001 (1)
00:00:01.532377   VRamSize           <integer> = 0x0000000001000000 (16 777 216, 16.0 MiB)
00:00:01.532379 
00:00:01.532379 [/Devices/vga/0/LUN#0/] (level 4)
00:00:01.532380   Driver <string>  = "MainDisplay" (cb=12)
00:00:01.532381 
00:00:01.532381 [/Devices/vga/0/LUN#0/Config/] (level 5)
00:00:01.532382 
00:00:01.532382 [/Devices/vga/0/LUN#999/] (level 4)
00:00:01.532383   Driver <string>  = "MainStatus" (cb=11)
00:00:01.532384 
00:00:01.532384 [/Devices/vga/0/LUN#999/Config/] (level 5)
00:00:01.532385   First                <integer> = 0x0000000000000000 (0)
00:00:01.532386   HasMediumAttachments <integer> = 0x0000000000000000 (0)
00:00:01.532386   Last                 <integer> = 0x0000000000000000 (0)
00:00:01.532387   iLedSet              <integer> = 0x0000000000000000 (0)
00:00:01.532388 
00:00:01.532388 [/Devices/virtio-net/] (level 2)
00:00:01.532389 
00:00:01.532389 [/EM/] (level 1)
00:00:01.532390   TripleFaultReset <integer> = 0x0000000000000000 (0)
00:00:01.532391 
00:00:01.532391 [/GCM/] (level 1)
00:00:01.532392   FixerSet <integer> = 0x0000000000000000 (0)
00:00:01.532392 
00:00:01.532392 [/GIM/] (level 1)
00:00:01.532393   Provider <string>  = "KVM" (cb=4)
00:00:01.532394 
00:00:01.532394 [/HM/] (level 1)
00:00:01.532395   64bitEnabled            <integer> = 0x0000000000000001 (1)
00:00:01.532396   EnableLargePages        <integer> = 0x0000000000000001 (1)
00:00:01.532397   EnableNestedPaging      <integer> = 0x0000000000000001 (1)
00:00:01.532398   EnableUX                <integer> = 0x0000000000000001 (1)
00:00:01.532399   EnableVPID              <integer> = 0x0000000000000001 (1)
00:00:01.532399   Exclusive               <integer> = 0x0000000000000001 (1)
00:00:01.532400   HMForced                <integer> = 0x0000000000000001 (1)
00:00:01.532401   IBPBOnVMEntry           <integer> = 0x0000000000000000 (0)
00:00:01.532402   IBPBOnVMExit            <integer> = 0x0000000000000000 (0)
00:00:01.532402   L1DFlushOnSched         <integer> = 0x0000000000000001 (1)
00:00:01.532403   L1DFlushOnVMEntry       <integer> = 0x0000000000000000 (0)
00:00:01.532404   LovelyMesaDrvWorkaround <integer> = 0x0000000000000001 (1)
00:00:01.532405   MDSClearOnSched         <integer> = 0x0000000000000001 (1)
00:00:01.532405   MDSClearOnVMEntry       <integer> = 0x0000000000000000 (0)
00:00:01.532406   SpecCtrlByHost          <integer> = 0x0000000000000000 (0)
00:00:01.532407   SvmVirtVmsaveVmload     <integer> = 0x0000000000000001 (1)
00:00:01.532407   UseNEMInstead           <integer> = 0x0000000000000000 (0)
00:00:01.532408 
00:00:01.532408 [/MM/] (level 1)
00:00:01.532409   CanUseLargerHeap <integer> = 0x0000000000000000 (0)
00:00:01.532410 
00:00:01.532410 [/NEM/] (level 1)
00:00:01.532411   Allow64BitGuests        <integer> = 0x0000000000000001 (1)
00:00:01.532411   LovelyMesaDrvWorkaround <integer> = 0x0000000000000001 (1)
00:00:01.532412 
00:00:01.532412 [/PDM/] (level 1)
00:00:01.532413 
00:00:01.532413 [/PDM/AsyncCompletion/] (level 2)
00:00:01.532414 
00:00:01.532414 [/PDM/AsyncCompletion/File/] (level 3)
00:00:01.532415 
00:00:01.532415 [/PDM/AsyncCompletion/File/BwGroups/] (level 4)
00:00:01.532416 
00:00:01.532417 [/PDM/BlkCache/] (level 2)
00:00:01.532417   CacheSize <integer> = 0x0000000000500000 (5 242 880, 5.0 MiB)
00:00:01.532418 
00:00:01.532419 [/PDM/Devices/] (level 2)
00:00:01.532419 
00:00:01.532420 [/PDM/Drivers/] (level 2)
00:00:01.532420 
00:00:01.532421 [/PDM/Drivers/VBoxC/] (level 3)
00:00:01.532422   Path <string>  = "/usr/lib/virtualbox/components/VBoxC" (cb=37)
00:00:01.532422 
00:00:01.532422 [/PDM/NetworkShaper/] (level 2)
00:00:01.532423 
00:00:01.532423 [/PDM/NetworkShaper/BwGroups/] (level 3)
00:00:01.532424 
00:00:01.532425 [/TM/] (level 1)
00:00:01.532425   UTCOffset <integer> = 0x0000000000000000 (0)
00:00:01.532426 
00:00:01.532426 [/USB/] (level 1)
00:00:01.532427 
00:00:01.532427 [/USB/HidMouse/] (level 2)
00:00:01.532428 
00:00:01.532428 [/USB/HidMouse/0/] (level 3)
00:00:01.532429 
00:00:01.532429 [/USB/HidMouse/0/Config/] (level 4)
00:00:01.532430   Mode <string>  = "absolute" (cb=9)
00:00:01.532431 
00:00:01.532431 [/USB/HidMouse/0/LUN#0/] (level 4)
00:00:01.532432   Driver <string>  = "MouseQueue" (cb=11)
00:00:01.532432 
00:00:01.532432 [/USB/HidMouse/0/LUN#0/AttachedDriver/] (level 5)
00:00:01.532434   Driver <string>  = "MainMouse" (cb=10)
00:00:01.532434 
00:00:01.532434 [/USB/HidMouse/0/LUN#0/Config/] (level 5)
00:00:01.532435   QueueSize <integer> = 0x0000000000000080 (128, 128 B)
00:00:01.532436 
00:00:01.532436 [/USB/USBProxy/] (level 2)
00:00:01.532437 
00:00:01.532437 [/USB/USBProxy/GlobalConfig/] (level 3)
00:00:01.532438 
00:00:01.532439 ********************* End of CFGM dump **********************
00:00:01.532998 HM: HMR3Init: AMD-V w/ nested paging
00:00:01.533477 CPUM: fXStateHostMask=0x7; initial: 0x7; host XCR0=0x7
00:00:01.534028 CPUM: Matched host CPU AMD 0x17/0x1/0x1 AMD_Zen_Ryzen with CPU DB entry 'AMD Ryzen 7 1800X Eight-Core' (AMD 0x17/0x1/0x1 AMD_Zen_Ryzen)
00:00:01.536755 CPUM: MXCSR_MASK=0x2ffff (host: 0x2ffff)
00:00:01.536778 CPUM: Microcode revision 0x08001138
00:00:01.536790 CPUM: MSR fudge: 0x00000001 IA32_P5_MC_TYPE
00:00:01.536792 CPUM: MSR fudge: 0x00000017 IA32_PLATFORM_ID
00:00:01.536820 CPUM: MSR fudge: 0x0000001b IA32_APIC_BASE
00:00:01.536822 CPUM: MSR fudge: 0x0000008b BIOS_SIGN
00:00:01.536825 CPUM: MSR fudge: 0x000000fe IA32_MTRRCAP
00:00:01.536827 CPUM: MSR fudge: 0x00000179 IA32_MCG_CAP
00:00:01.536829 CPUM: MSR fudge: 0x0000017a IA32_MCG_STATUS
00:00:01.536831 CPUM: MSR fudge: 0x000001a0 IA32_MISC_ENABLE
00:00:01.536851 CPUM: MSR fudge: 0x000001d9 IA32_DEBUGCTL
00:00:01.536853 CPUM: MSR fudge: 0x000001db P6_LAST_BRANCH_FROM_IP
00:00:01.536856 CPUM: MSR fudge: 0x000001dc P6_LAST_BRANCH_TO_IP
00:00:01.536858 CPUM: MSR fudge: 0x000001dd P6_LAST_INT_FROM_IP
00:00:01.536859 CPUM: MSR fudge: 0x000001de P6_LAST_INT_TO_IP
00:00:01.536861 CPUM: MSR fudge: 0x00000277 IA32_PAT
00:00:01.536863 CPUM: MSR fudge: 0x000002ff IA32_MTRR_DEF_TYPE
00:00:01.536888 CPUM: MSR fudge: 0x00000400 IA32_MCi_CTL_STATUS_ADDR_MISC
00:00:01.536908 CPUM: MSR fudge: 0x0000002c P4_EBC_FREQUENCY_ID
00:00:01.536929 CPUM: MSR fudge: 0xc0000103 AMD64_TSC_AUX
00:00:01.536978 CPUM: SetGuestCpuIdFeature: Enabled SYSENTER/EXIT
00:00:01.536980 CPUM: SetGuestCpuIdFeature: Enabled SYSCALL/RET
00:00:01.536982 CPUM: SetGuestCpuIdFeature: Enabled PAE
00:00:01.536984 CPUM: SetGuestCpuIdFeature: Enabled LAHF/SAHF
00:00:01.536986 CPUM: SetGuestCpuIdFeature: Enabled NX
00:00:01.536987 CPUM: SetGuestCpuIdFeature: Enabled LONG MODE
00:00:01.536990 CPUM: Set SSBD not required flag for AMD to work around some buggy Linux kernels!
00:00:01.538521 PGM: Host paging mode: AMD64+PGE+NX
00:00:01.538535 PGM: PGMPool: cMaxPages=1536 (u64MaxPages=1353)
00:00:01.538537 PGM: pgmR3PoolInit: cMaxPages=0x600 cMaxUsers=0xc00 cMaxPhysExts=0xc00 fCacheEnable=true
00:00:01.539371 PGM: /proc/sys/vm/max_map_count = 1048576 (rc2=VWRN_TRAILING_CHARS); cGuessNeeded=16384
00:00:01.545802 TM: GIP - u32Mode=3 (Invariant) u32UpdateHz=100 u32UpdateIntervalNS=10000000 enmUseTscDelta=2 (Practically Zero) fGetGipCpu=0x2b cCpus=32
00:00:01.545829 TM: GIP - u64CpuHz=3 193 998 517 (0xbe608cb5)  SUPGetCpuHzFromGip => 3 193 998 517
00:00:01.545833 TM: GIP - CPU: iCpuSet=0x0 idCpu=0x0 idApic=0x0 iGipCpu=0x3 i64TSCDelta=0 enmState=3 u64CpuHz=3193997121(*) cErrors=0
00:00:01.545837 TM: GIP - CPU: iCpuSet=0x1 idCpu=0x1 idApic=0x2 iGipCpu=0x1 i64TSCDelta=0 enmState=3 u64CpuHz=3193998532(*) cErrors=0
00:00:01.545840 TM: GIP - CPU: iCpuSet=0x2 idCpu=0x2 idApic=0x8 iGipCpu=0x4 i64TSCDelta=0 enmState=3 u64CpuHz=3193997026(*) cErrors=0
00:00:01.545842 TM: GIP - CPU: iCpuSet=0x3 idCpu=0x3 idApic=0xa iGipCpu=0x6 i64TSCDelta=0 enmState=3 u64CpuHz=3193998057(*) cErrors=0
00:00:01.545845 TM: GIP - CPU: iCpuSet=0x4 idCpu=0x4 idApic=0x1 iGipCpu=0x2 i64TSCDelta=0 enmState=3 u64CpuHz=3193990007(*) cErrors=0
00:00:01.545848 TM: GIP - CPU: iCpuSet=0x5 idCpu=0x5 idApic=0x3 iGipCpu=0x0 i64TSCDelta=0 enmState=3 u64CpuHz=3193998517(*) cErrors=0
00:00:01.545850 TM: GIP - CPU: iCpuSet=0x6 idCpu=0x6 idApic=0x9 iGipCpu=0x7 i64TSCDelta=0 enmState=3 u64CpuHz=3193997973(*) cErrors=0
00:00:01.545853 TM: GIP - CPU: iCpuSet=0x7 idCpu=0x7 idApic=0xb iGipCpu=0x5 i64TSCDelta=0 enmState=3 u64CpuHz=3193998120(*) cErrors=0
00:00:01.545885 TM:     cTSCTicksPerSecond=3 193 998 517 (0xbe608cb5) enmTSCMode=3 (Dynamic)
00:00:01.545887 TM: cTSCTicksPerSecondHost=3 193 998 517 (0xbe608cb5)
00:00:01.545887 TM: TSCTiedToExecution=false TSCNotTiedToHalt=false
00:00:01.546494 EMR3Init: fIemExecutesAll=false fGuruOnTripleFault=true
00:00:01.546766 IEM: TargetCpu=CURRENT, Microarch=AMD_Zen_Ryzen aidxTargetCpuEflFlavour={2,0}
00:00:01.547218 GIM: Using provider 'KVM' (Implementation version: 0)
00:00:01.547227 CPUM: SetGuestCpuIdFeature: Enabled Hypervisor Present bit
00:00:01.547320 GCM: Initialized (fixer bits: 0x0)
00:00:01.569099 AIOMgr: Default manager type is 'Async'
00:00:01.569116 AIOMgr: Default file backend is 'NonBuffered'
00:00:01.569212 BlkCache: Cache successfully initialized. Cache size is 5242880 bytes
00:00:01.569216 BlkCache: Cache commit interval is 10000 ms
00:00:01.569218 BlkCache: Cache commit threshold is 2621440 bytes
00:00:01.579928 PcBios: [SMP] BIOS with 1 CPUs
00:00:01.580326 PcBios: Using the 386+ BIOS image.
00:00:01.581151 PcBios: MPS table at 000e1300
00:00:01.581953 PcBios: fCheckShutdownStatusForSoftReset=true  fClearShutdownStatusOnHardReset=true
00:00:01.583771 SUP: seg #0: R   0x00000000 LB 0x0000a000
00:00:01.583781 SUP: seg #1: R X 0x0000a000 LB 0x0002c000
00:00:01.583784 SUP: seg #2: R   0x00036000 LB 0x0000e000
00:00:01.583786 SUP: seg #3: RW  0x00044000 LB 0x00008500
00:00:01.583897 SUP: Loaded VBoxDDR0.r0 (/usr/lib/virtualbox/VBoxDDR0.r0) at 0xXXXXXXXXXXXXXXXX - ModuleInit at XXXXXXXXXXXXXXXX and ModuleTerm at XXXXXXXXXXXXXXXX
00:00:01.584667 CPUM: SetGuestCpuIdFeature: Enabled xAPIC
00:00:01.584676 CPUM: SetGuestCpuIdFeature: Enabled x2APIC
00:00:01.585649 IOAPIC: Version=2.0 ChipType=ICH9
00:00:01.585713 PIT: mode=3 count=0x10000 (65536) - 18.20 Hz (ch=0)
00:00:01.585899 VMMDev: cbDefaultBudget: 694 820 693 (296a1f55)
00:00:01.589995 Shared Folders service loaded
00:00:01.591991 Guest Control service loaded
00:00:01.603308 VGA: Using the 386+ BIOS image.
00:00:01.605820 DrvVD: Flushes will be ignored
00:00:01.605831 DrvVD: Async flushes will be passed to the disk
00:00:01.609161 VD: VDInit finished with VINF_SUCCESS
00:00:01.609571 AIOMgr: Endpoint for file '/media/sssd/vbox/ubuntu/ubuntu.vdi' (flags 000c0723) created successfully
00:00:01.611536 VD: Opening the disk took 2537636 ns
00:00:01.611583 AHCI: LUN#0: disk, PCHS=16383/16/63, total number of sectors 52428800
00:00:01.611726 AHCI#0: Reset the HBA
00:00:01.611730 VD#0: Cancelling all active requests
00:00:01.612578 PIIX3 ATA: LUN#0: no unit
00:00:01.612595 PIIX3 ATA: LUN#1: no unit
00:00:01.612676 DrvVD: Flushes will be ignored
00:00:01.612680 DrvVD: Async flushes will be passed to the disk
00:00:01.612697 PIIX3 ATA: LUN#2: CD/DVD, total number of sectors 0, passthrough disabled
00:00:01.617316 PIIX3 ATA: LUN#3: no unit
00:00:01.617371 PIIX3 ATA: Ctl#0: finished processing RESET
00:00:01.617388 PIIX3 ATA: Ctl#1: finished processing RESET
00:00:01.617852 E1000#0: Chip=82540EM LinkUpDelay=5000ms EthernetCRC=on GSO=enabled Itr=disabled ItrRx=enabled TID=disabled R0=enabled RC=disabled
00:00:01.629775 NAT: Guest address guess set to 10.0.2.15 by initialization
00:00:01.629869 NAT: resolv.conf: nameserver 127.0.0.53
00:00:01.629874 NAT: resolv.conf: ignoring "options edns0 trust-ad"
00:00:01.629884 NAT: DNS server 127.0.0.53 registration detected, switching to the DNS proxy
00:00:01.629887 NAT: Adding domain name .
00:00:01.629890 NAT: DNS#0: 127.0.0.53
00:00:01.631098 AC97: Using codec 'AD1980'
00:00:01.631592 Audio: Initializing ALSA driver
00:00:01.684576 ALSA: The ALSAAudio plugin for pulse audio is being used (pulse).
00:00:01.684621 Audio: Found 58 devices for driver 'ALSA'
00:00:01.684625 Audio: Device 'Rate Converter Plugin Using Libav/FFmpeg Library':
00:00:01.684626 Audio:   ID              = lavrate
00:00:01.684626 Audio:   Usage           = duplex
00:00:01.684626 Audio:   Flags           = NONE
00:00:01.684627 Audio:   Input channels  = 2
00:00:01.684627 Audio:   Output channels = 2
00:00:01.684629 Audio: Device 'Rate Converter Plugin Using Samplerate Library':
00:00:01.684630 Audio:   ID              = samplerate
00:00:01.684630 Audio:   Usage           = duplex
00:00:01.684630 Audio:   Flags           = NONE
00:00:01.684630 Audio:   Input channels  = 2
00:00:01.684631 Audio:   Output channels = 2
00:00:01.684633 Audio: Device 'Rate Converter Plugin Using Speex Resampler':
00:00:01.684633 Audio:   ID              = speexrate
00:00:01.684633 Audio:   Usage           = duplex
00:00:01.684634 Audio:   Flags           = NONE
00:00:01.684634 Audio:   Input channels  = 2
00:00:01.684634 Audio:   Output channels = 2
00:00:01.684649 Audio: Device 'JACK Audio Connection Kit':
00:00:01.684650 Audio:   ID              = jack
00:00:01.684650 Audio:   Usage           = duplex
00:00:01.684650 Audio:   Flags           = NONE
00:00:01.684651 Audio:   Input channels  = 2
00:00:01.684651 Audio:   Output channels = 2
00:00:01.684653 Audio: Device 'Open Sound System':
00:00:01.684653 Audio:   ID              = oss
00:00:01.684653 Audio:   Usage           = duplex
00:00:01.684654 Audio:   Flags           = NONE
00:00:01.684654 Audio:   Input channels  = 2
00:00:01.684654 Audio:   Output channels = 2
00:00:01.684656 Audio: Device 'PulseAudio Sound Server':
00:00:01.684656 Audio:   ID              = pulse
00:00:01.684657 Audio:   Usage           = duplex
00:00:01.684657 Audio:   Flags           = NONE
00:00:01.684657 Audio:   Input channels  = 2
00:00:01.684658 Audio:   Output channels = 2
00:00:01.684659 Audio: Device 'Plugin using Speex DSP (resample, agc, denoise, echo, dereverb)':
00:00:01.684660 Audio:   ID              = speex
00:00:01.684660 Audio:   Usage           = duplex
00:00:01.684660 Audio:   Flags           = NONE
00:00:01.684660 Audio:   Input channels  = 2
00:00:01.684661 Audio:   Output channels = 2
00:00:01.684663 Audio: Device 'Plugin for channel upmix (4,6,8)':
00:00:01.684663 Audio:   ID              = upmix
00:00:01.684663 Audio:   Usage           = duplex
00:00:01.684663 Audio:   Flags           = NONE
00:00:01.684664 Audio:   Input channels  = 2
00:00:01.684664 Audio:   Output channels = 2
00:00:01.684666 Audio: Device 'Plugin for channel downmix (stereo) with a simple spacialization':
00:00:01.684666 Audio:   ID              = vdownmix
00:00:01.684666 Audio:   Usage           = duplex
00:00:01.684667 Audio:   Flags           = NONE
00:00:01.684667 Audio:   Input channels  = 2
00:00:01.684667 Audio:   Output channels = 2
00:00:01.684669 Audio: Device 'Direct hardware device without any conversions (HDA NVidia, MT-24ECM)':
00:00:01.684669 Audio:   ID              = hw:CARD=NVidia,DEV=3
00:00:01.684670 Audio:   Usage           = output
00:00:01.684670 Audio:   Flags           = NONE
00:00:01.684670 Audio:   Input channels  = 0
00:00:01.684670 Audio:   Output channels = 2
00:00:01.684672 Audio: Device 'Direct hardware device without any conversions (HDA NVidia, HDMI 1)':
00:00:01.684673 Audio:   ID              = hw:CARD=NVidia,DEV=7
00:00:01.684673 Audio:   Usage           = output
00:00:01.684673 Audio:   Flags           = NONE
00:00:01.684673 Audio:   Input channels  = 0
00:00:01.684674 Audio:   Output channels = 2
00:00:01.684676 Audio: Device 'Direct hardware device without any conversions (HDA NVidia, HDMI 2)':
00:00:01.684676 Audio:   ID              = hw:CARD=NVidia,DEV=8
00:00:01.684676 Audio:   Usage           = output
00:00:01.684676 Audio:   Flags           = NONE
00:00:01.684677 Audio:   Input channels  = 0
00:00:01.684677 Audio:   Output channels = 2
00:00:01.684679 Audio: Device 'Direct hardware device without any conversions (HDA NVidia, HDMI 3)':
00:00:01.684679 Audio:   ID              = hw:CARD=NVidia,DEV=9
00:00:01.684679 Audio:   Usage           = output
00:00:01.684680 Audio:   Flags           = NONE
00:00:01.684680 Audio:   Input channels  = 0
00:00:01.684680 Audio:   Output channels = 2
00:00:01.684682 Audio: Device 'Hardware device with all software conversions (HDA NVidia, MT-24ECM)':
00:00:01.684682 Audio:   ID              = plughw:CARD=NVidia,DEV=3
00:00:01.684682 Audio:   Usage           = output
00:00:01.684683 Audio:   Flags           = NONE
00:00:01.684683 Audio:   Input channels  = 0
00:00:01.684683 Audio:   Output channels = 2
00:00:01.684685 Audio: Device 'Hardware device with all software conversions (HDA NVidia, HDMI 1)':
00:00:01.684685 Audio:   ID              = plughw:CARD=NVidia,DEV=7
00:00:01.684686 Audio:   Usage           = output
00:00:01.684686 Audio:   Flags           = NONE
00:00:01.684686 Audio:   Input channels  = 0
00:00:01.684686 Audio:   Output channels = 2
00:00:01.684692 Audio: Device 'Hardware device with all software conversions (HDA NVidia, HDMI 2)':
00:00:01.684692 Audio:   ID              = plughw:CARD=NVidia,DEV=8
00:00:01.684693 Audio:   Usage           = output
00:00:01.684693 Audio:   Flags           = NONE
00:00:01.684693 Audio:   Input channels  = 0
00:00:01.684693 Audio:   Output channels = 2
00:00:01.684695 Audio: Device 'Hardware device with all software conversions (HDA NVidia, HDMI 3)':
00:00:01.684696 Audio:   ID              = plughw:CARD=NVidia,DEV=9
00:00:01.684696 Audio:   Usage           = output
00:00:01.684696 Audio:   Flags           = NONE
00:00:01.684696 Audio:   Input channels  = 0
00:00:01.684697 Audio:   Output channels = 2
00:00:01.684699 Audio: Device 'HDMI Audio Output (HDA NVidia, MT-24ECM)':
00:00:01.684699 Audio:   ID              = hdmi:CARD=NVidia,DEV=0
00:00:01.684699 Audio:   Usage           = output
00:00:01.684699 Audio:   Flags           = NONE
00:00:01.684700 Audio:   Input channels  = 0
00:00:01.684700 Audio:   Output channels = 2
00:00:01.684702 Audio: Device 'HDMI Audio Output (HDA NVidia, HDMI 1)':
00:00:01.684702 Audio:   ID              = hdmi:CARD=NVidia,DEV=1
00:00:01.684702 Audio:   Usage           = output
00:00:01.684703 Audio:   Flags           = NONE
00:00:01.684703 Audio:   Input channels  = 0
00:00:01.684703 Audio:   Output channels = 2
00:00:01.684705 Audio: Device 'HDMI Audio Output (HDA NVidia, HDMI 2)':
00:00:01.684705 Audio:   ID              = hdmi:CARD=NVidia,DEV=2
00:00:01.684705 Audio:   Usage           = output
00:00:01.684706 Audio:   Flags           = NONE
00:00:01.684706 Audio:   Input channels  = 0
00:00:01.684706 Audio:   Output channels = 2
00:00:01.684708 Audio: Device 'HDMI Audio Output (HDA NVidia, HDMI 3)':
00:00:01.684708 Audio:   ID              = hdmi:CARD=NVidia,DEV=3
00:00:01.684709 Audio:   Usage           = output
00:00:01.684709 Audio:   Flags           = NONE
00:00:01.684709 Audio:   Input channels  = 0
00:00:01.684709 Audio:   Output channels = 2
00:00:01.684711 Audio: Device 'Direct sample mixing device (HDA NVidia, MT-24ECM)':
00:00:01.684712 Audio:   ID              = dmix:CARD=NVidia,DEV=3
00:00:01.684712 Audio:   Usage           = output
00:00:01.684712 Audio:   Flags           = NONE
00:00:01.684712 Audio:   Input channels  = 0
00:00:01.684713 Audio:   Output channels = 2
00:00:01.684714 Audio: Device 'Direct sample mixing device (HDA NVidia, HDMI 1)':
00:00:01.684715 Audio:   ID              = dmix:CARD=NVidia,DEV=7
00:00:01.684715 Audio:   Usage           = output
00:00:01.684715 Audio:   Flags           = NONE
00:00:01.684715 Audio:   Input channels  = 0
00:00:01.684716 Audio:   Output channels = 2
00:00:01.684718 Audio: Device 'Direct sample mixing device (HDA NVidia, HDMI 2)':
00:00:01.684718 Audio:   ID              = dmix:CARD=NVidia,DEV=8
00:00:01.684718 Audio:   Usage           = output
00:00:01.684719 Audio:   Flags           = NONE
00:00:01.684719 Audio:   Input channels  = 0
00:00:01.684719 Audio:   Output channels = 2
00:00:01.684721 Audio: Device 'Direct sample mixing device (HDA NVidia, HDMI 3)':
00:00:01.684721 Audio:   ID              = dmix:CARD=NVidia,DEV=9
00:00:01.684722 Audio:   Usage           = output
00:00:01.684722 Audio:   Flags           = NONE
00:00:01.684722 Audio:   Input channels  = 0
00:00:01.684722 Audio:   Output channels = 2
00:00:01.684724 Audio: Device 'USB Stream Output (HDA NVidia)':
00:00:01.684724 Audio:   ID              = usbstream:CARD=NVidia
00:00:01.684725 Audio:   Usage           = duplex
00:00:01.684725 Audio:   Flags           = NONE
00:00:01.684725 Audio:   Input channels  = 2
00:00:01.684725 Audio:   Output channels = 2
00:00:01.684727 Audio: Device 'Direct hardware device without any conversions (USB PnP Sound Device, USB Audio)':
00:00:01.684728 Audio:   ID              = hw:CARD=Device,DEV=0
00:00:01.684728 Audio:   Usage           = duplex
00:00:01.684728 Audio:   Flags           = NONE
00:00:01.684728 Audio:   Input channels  = 2
00:00:01.684729 Audio:   Output channels = 2
00:00:01.684734 Audio: Device 'Hardware device with all software conversions (USB PnP Sound Device, USB Audio)':
00:00:01.684735 Audio:   ID              = plughw:CARD=Device,DEV=0
00:00:01.684735 Audio:   Usage           = duplex
00:00:01.684735 Audio:   Flags           = NONE
00:00:01.684735 Audio:   Input channels  = 2
00:00:01.684736 Audio:   Output channels = 2
00:00:01.684738 Audio: Device 'Default Audio Device (USB PnP Sound Device, USB Audio)':
00:00:01.684738 Audio:   ID              = default:CARD=Device
00:00:01.684738 Audio:   Usage           = duplex
00:00:01.684738 Audio:   Flags           = NONE
00:00:01.684739 Audio:   Input channels  = 2
00:00:01.684739 Audio:   Output channels = 2
00:00:01.684741 Audio: Device 'Default Audio Device (USB PnP Sound Device, USB Audio)':
00:00:01.684741 Audio:   ID              = sysdefault:CARD=Device
00:00:01.684741 Audio:   Usage           = duplex
00:00:01.684742 Audio:   Flags           = NONE
00:00:01.684742 Audio:   Input channels  = 2
00:00:01.684742 Audio:   Output channels = 2
00:00:01.684744 Audio: Device 'Front output / input (USB PnP Sound Device, USB Audio)':
00:00:01.684744 Audio:   ID              = front:CARD=Device,DEV=0
00:00:01.684745 Audio:   Usage           = duplex
00:00:01.684745 Audio:   Flags           = NONE
00:00:01.684745 Audio:   Input channels  = 2
00:00:01.684745 Audio:   Output channels = 2
00:00:01.684747 Audio: Device '2.1 Surround output to Front and Subwoofer speakers (USB PnP Sound Device, USB Audio)':
00:00:01.684748 Audio:   ID              = surround21:CARD=Device,DEV=0
00:00:01.684748 Audio:   Usage           = output
00:00:01.684748 Audio:   Flags           = NONE
00:00:01.684748 Audio:   Input channels  = 0
00:00:01.684749 Audio:   Output channels = 2
00:00:01.684751 Audio: Device '4.0 Surround output to Front and Rear speakers (USB PnP Sound Device, USB Audio)':
00:00:01.684751 Audio:   ID              = surround40:CARD=Device,DEV=0
00:00:01.684751 Audio:   Usage           = output
00:00:01.684751 Audio:   Flags           = NONE
00:00:01.684752 Audio:   Input channels  = 0
00:00:01.684752 Audio:   Output channels = 2
00:00:01.684754 Audio: Device '4.1 Surround output to Front, Rear and Subwoofer speakers (USB PnP Sound Device, USB Audio)':
00:00:01.684754 Audio:   ID              = surround41:CARD=Device,DEV=0
00:00:01.684754 Audio:   Usage           = output
00:00:01.684755 Audio:   Flags           = NONE
00:00:01.684755 Audio:   Input channels  = 0
00:00:01.684755 Audio:   Output channels = 2
00:00:01.684757 Audio: Device '5.0 Surround output to Front, Center and Rear speakers (USB PnP Sound Device, USB Audio)':
00:00:01.684757 Audio:   ID              = surround50:CARD=Device,DEV=0
00:00:01.684758 Audio:   Usage           = output
00:00:01.684758 Audio:   Flags           = NONE
00:00:01.684758 Audio:   Input channels  = 0
00:00:01.684758 Audio:   Output channels = 2
00:00:01.684760 Audio: Device '5.1 Surround output to Front, Center, Rear and Subwoofer speakers (USB PnP Sound Device, USB Audio)':
00:00:01.684761 Audio:   ID              = surround51:CARD=Device,DEV=0
00:00:01.684761 Audio:   Usage           = output
00:00:01.684761 Audio:   Flags           = NONE
00:00:01.684761 Audio:   Input channels  = 0
00:00:01.684762 Audio:   Output channels = 2
00:00:01.684764 Audio: Device '7.1 Surround output to Front, Center, Side, Rear and Woofer speakers (USB PnP Sound Device, USB Audio)':
00:00:01.684764 Audio:   ID              = surround71:CARD=Device,DEV=0
00:00:01.684764 Audio:   Usage           = output
00:00:01.684764 Audio:   Flags           = NONE
00:00:01.684765 Audio:   Input channels  = 0
00:00:01.684765 Audio:   Output channels = 2
00:00:01.684767 Audio: Device 'IEC958 (S/PDIF) Digital Audio Output (USB PnP Sound Device, USB Audio)':
00:00:01.684767 Audio:   ID              = iec958:CARD=Device,DEV=0
00:00:01.684767 Audio:   Usage           = output
00:00:01.684768 Audio:   Flags           = NONE
00:00:01.684768 Audio:   Input channels  = 0
00:00:01.684768 Audio:   Output channels = 2
00:00:01.684774 Audio: Device 'Direct sample mixing device (USB PnP Sound Device, USB Audio)':
00:00:01.684774 Audio:   ID              = dmix:CARD=Device,DEV=0
00:00:01.684774 Audio:   Usage           = output
00:00:01.684775 Audio:   Flags           = NONE
00:00:01.684775 Audio:   Input channels  = 0
00:00:01.684775 Audio:   Output channels = 2
00:00:01.684777 Audio: Device 'Direct sample snooping device (USB PnP Sound Device, USB Audio)':
00:00:01.684777 Audio:   ID              = dsnoop:CARD=Device,DEV=0
00:00:01.684778 Audio:   Usage           = input
00:00:01.684778 Audio:   Flags           = NONE
00:00:01.684778 Audio:   Input channels  = 2
00:00:01.684778 Audio:   Output channels = 0
00:00:01.684780 Audio: Device 'USB Stream Output (USB PnP Sound Device)':
00:00:01.684781 Audio:   ID              = usbstream:CARD=Device
00:00:01.684781 Audio:   Usage           = duplex
00:00:01.684781 Audio:   Flags           = NONE
00:00:01.684781 Audio:   Input channels  = 2
00:00:01.684782 Audio:   Output channels = 2
00:00:01.684783 Audio: Device 'Direct hardware device without any conversions (HD-Audio Generic, ALC892 Analog)':
00:00:01.684784 Audio:   ID              = hw:CARD=Generic,DEV=0
00:00:01.684784 Audio:   Usage           = duplex
00:00:01.684784 Audio:   Flags           = NONE
00:00:01.684785 Audio:   Input channels  = 2
00:00:01.684785 Audio:   Output channels = 2
00:00:01.684787 Audio: Device 'Direct hardware device without any conversions (HD-Audio Generic, ALC892 Alt Analog)':
00:00:01.684787 Audio:   ID              = hw:CARD=Generic,DEV=2
00:00:01.684787 Audio:   Usage           = input
00:00:01.684788 Audio:   Flags           = NONE
00:00:01.684788 Audio:   Input channels  = 2
00:00:01.684788 Audio:   Output channels = 0
00:00:01.684790 Audio: Device 'Hardware device with all software conversions (HD-Audio Generic, ALC892 Analog)':
00:00:01.684790 Audio:   ID              = plughw:CARD=Generic,DEV=0
00:00:01.684791 Audio:   Usage           = duplex
00:00:01.684791 Audio:   Flags           = NONE
00:00:01.684791 Audio:   Input channels  = 2
00:00:01.684791 Audio:   Output channels = 2
00:00:01.684793 Audio: Device 'Hardware device with all software conversions (HD-Audio Generic, ALC892 Alt Analog)':
00:00:01.684794 Audio:   ID              = plughw:CARD=Generic,DEV=2
00:00:01.684794 Audio:   Usage           = input
00:00:01.684794 Audio:   Flags           = NONE
00:00:01.684794 Audio:   Input channels  = 2
00:00:01.684795 Audio:   Output channels = 0
00:00:01.684796 Audio: Device 'Default Audio Device (HD-Audio Generic, ALC892 Analog)':
00:00:01.684797 Audio:   ID              = default:CARD=Generic
00:00:01.684797 Audio:   Usage           = duplex
00:00:01.684797 Audio:   Flags           = NONE
00:00:01.684797 Audio:   Input channels  = 2
00:00:01.684798 Audio:   Output channels = 2
00:00:01.684800 Audio: Device 'Default Audio Device (HD-Audio Generic, ALC892 Analog)':
00:00:01.684800 Audio:   ID              = sysdefault:CARD=Generic
00:00:01.684800 Audio:   Usage           = duplex
00:00:01.684800 Audio:   Flags           = NONE
00:00:01.684801 Audio:   Input channels  = 2
00:00:01.684801 Audio:   Output channels = 2
00:00:01.684803 Audio: Device 'Front output / input (HD-Audio Generic, ALC892 Analog)':
00:00:01.684803 Audio:   ID              = front:CARD=Generic,DEV=0
00:00:01.684803 Audio:   Usage           = duplex
00:00:01.684804 Audio:   Flags           = NONE
00:00:01.684804 Audio:   Input channels  = 2
00:00:01.684804 Audio:   Output channels = 2
00:00:01.684806 Audio: Device '2.1 Surround output to Front and Subwoofer speakers (HD-Audio Generic, ALC892 Analog)':
00:00:01.684806 Audio:   ID              = surround21:CARD=Generic,DEV=0
00:00:01.684807 Audio:   Usage           = output
00:00:01.684807 Audio:   Flags           = NONE
00:00:01.684807 Audio:   Input channels  = 0
00:00:01.684807 Audio:   Output channels = 2
00:00:01.684809 Audio: Device '4.0 Surround output to Front and Rear speakers (HD-Audio Generic, ALC892 Analog)':
00:00:01.684809 Audio:   ID              = surround40:CARD=Generic,DEV=0
00:00:01.684810 Audio:   Usage           = output
00:00:01.684810 Audio:   Flags           = NONE
00:00:01.684810 Audio:   Input channels  = 0
00:00:01.684810 Audio:   Output channels = 2
00:00:01.684816 Audio: Device '4.1 Surround output to Front, Rear and Subwoofer speakers (HD-Audio Generic, ALC892 Analog)':
00:00:01.684816 Audio:   ID              = surround41:CARD=Generic,DEV=0
00:00:01.684817 Audio:   Usage           = output
00:00:01.684817 Audio:   Flags           = NONE
00:00:01.684817 Audio:   Input channels  = 0
00:00:01.684817 Audio:   Output channels = 2
00:00:01.684819 Audio: Device '5.0 Surround output to Front, Center and Rear speakers (HD-Audio Generic, ALC892 Analog)':
00:00:01.684820 Audio:   ID              = surround50:CARD=Generic,DEV=0
00:00:01.684820 Audio:   Usage           = output
00:00:01.684820 Audio:   Flags           = NONE
00:00:01.684820 Audio:   Input channels  = 0
00:00:01.684821 Audio:   Output channels = 2
00:00:01.684822 Audio: Device '5.1 Surround output to Front, Center, Rear and Subwoofer speakers (HD-Audio Generic, ALC892 Analog)':
00:00:01.684823 Audio:   ID              = surround51:CARD=Generic,DEV=0
00:00:01.684823 Audio:   Usage           = output
00:00:01.684823 Audio:   Flags           = NONE
00:00:01.684824 Audio:   Input channels  = 0
00:00:01.684824 Audio:   Output channels = 2
00:00:01.684826 Audio: Device '7.1 Surround output to Front, Center, Side, Rear and Woofer speakers (HD-Audio Generic, ALC892 Analog)':
00:00:01.684826 Audio:   ID              = surround71:CARD=Generic,DEV=0
00:00:01.684826 Audio:   Usage           = output
00:00:01.684827 Audio:   Flags           = NONE
00:00:01.684827 Audio:   Input channels  = 0
00:00:01.684827 Audio:   Output channels = 2
00:00:01.684829 Audio: Device 'Direct sample mixing device (HD-Audio Generic, ALC892 Analog)':
00:00:01.684829 Audio:   ID              = dmix:CARD=Generic,DEV=0
00:00:01.684830 Audio:   Usage           = output
00:00:01.684830 Audio:   Flags           = NONE
00:00:01.684830 Audio:   Input channels  = 0
00:00:01.684830 Audio:   Output channels = 2
00:00:01.684832 Audio: Device 'Direct sample snooping device (HD-Audio Generic, ALC892 Analog)':
00:00:01.684832 Audio:   ID              = dsnoop:CARD=Generic,DEV=0
00:00:01.684833 Audio:   Usage           = input
00:00:01.684833 Audio:   Flags           = NONE
00:00:01.684833 Audio:   Input channels  = 2
00:00:01.684834 Audio:   Output channels = 0
00:00:01.684835 Audio: Device 'Direct sample snooping device (HD-Audio Generic, ALC892 Alt Analog)':
00:00:01.684836 Audio:   ID              = dsnoop:CARD=Generic,DEV=2
00:00:01.684836 Audio:   Usage           = input
00:00:01.684836 Audio:   Flags           = NONE
00:00:01.684836 Audio:   Input channels  = 2
00:00:01.684837 Audio:   Output channels = 0
00:00:01.684839 Audio: Device 'USB Stream Output (HD-Audio Generic)':
00:00:01.684839 Audio:   ID              = usbstream:CARD=Generic
00:00:01.684839 Audio:   Usage           = duplex
00:00:01.684839 Audio:   Flags           = NONE
00:00:01.684840 Audio:   Input channels  = 2
00:00:01.684840 Audio:   Output channels = 2
00:00:01.685083 AC97: Reset
00:00:01.685090 AC97: Mixer reset (EAID=0x809, EACS=0x9)
00:00:01.685093 AC97: Record select to left=mic, right=mic
00:00:01.686508 VUSB: Attached 'HidMouse' to port 1 on RootHub#1 (FullSpeed)
00:00:01.686524 PGM: The CPU physical address width is 48 bits
00:00:01.686528 PGM: PGMR3InitFinalize: 4 MB PSE mask 0000ffffffffffff -> VINF_SUCCESS
00:00:01.686540 TM: TMR3InitFinalize: fTSCModeSwitchAllowed=true
00:00:01.686739 VMM: Enabled thread-context hooks
00:00:01.686742 VMM: RTThreadPreemptIsPending() can be trusted
00:00:01.686744 VMM: Kernel preemption is possible
00:00:01.686853 HM: fWorldSwitcher=0x0 (fIbpbOnVmExit=false fIbpbOnVmEntry=false fL1dFlushOnVmEntry=false); fL1dFlushOnSched=false fMdsClearOnVmEntry=false
00:00:01.686859 HM: Using AMD-V implementation 2.0
00:00:01.686859 HM: Max resume loops                  = 8192
00:00:01.686860 HM: AMD HWCR MSR                      = 0x9000011
00:00:01.686860 HM: AMD-V revision                    = 0x1
00:00:01.686861 HM: AMD-V max ASID                    = 32768
00:00:01.686861 HM: AMD-V features                    = 0x1bcff
00:00:01.686862 HM:   NESTED_PAGING
00:00:01.686862 HM:   LBR_VIRT
00:00:01.686863 HM:   SVM_LOCK
00:00:01.686863 HM:   NRIP_SAVE
00:00:01.686863 HM:   TSC_RATE_MSR
00:00:01.686864 HM:   VMCB_CLEAN
00:00:01.686864 HM:   FLUSH_BY_ASID
00:00:01.686864 HM:   DECODE_ASSISTS
00:00:01.686864 HM:   PAUSE_FILTER
00:00:01.686865 HM:   PAUSE_FILTER_THRESHOLD
00:00:01.686865 HM:   AVIC
00:00:01.686865 HM:   VIRT_VMSAVE_VMLOAD
00:00:01.686866 HM:   VGIF
00:00:01.686866 HM:   Reserved bit 11
00:00:01.686876 HM: Enabled SVM
00:00:01.686876 HM:   Enabled nested paging
00:00:01.686882 HM:   Enabled large page support
00:00:01.686884 HM: Disabled TPR patching
00:00:01.686884 HM: Guest support: 32-bit and 64-bit
00:00:01.686884 HM: VT-x/AMD-V init method: Global
00:00:01.686885 EM: Exit history optimizations: enabled=true enabled-r0=true enabled-r0-no-preemption=false
00:00:01.686909 PcBios: SATA LUN#0 LCHS=1024/255/63
00:00:01.686922 APIC: fPostedIntrsEnabled=false fVirtApicRegsEnabled=false fSupportsTscDeadline=false
00:00:01.686927 TMR3UtcNow: nsNow=1 728 472 326 654 612 000 nsPrev=0 -> cNsDelta=1 728 472 326 654 612 000 (offLag=0 offVirtualSync=0 offVirtualSyncGivenUp=0, NowAgain=1 728 472 326 654 612 000)
00:00:01.686934 VMM: fUsePeriodicPreemptionTimers=true
00:00:01.687200 CPUM: Logical host processors: 8 present, 8 max, 8 online, online mask: 00000000000000ff
00:00:01.687425 CPUM: Physical host cores: 4
00:00:01.687426 ************************* CPUID dump ************************
00:00:01.687436          Raw Standard CPUID Leaves
00:00:01.687436      Leaf/sub-leaf  eax      ebx      ecx      edx
00:00:01.687437 Gst: 00000000/0000  0000000d 68747541 444d4163 69746e65
00:00:01.687438 Hst:                0000000d 68747541 444d4163 69746e65
00:00:01.687439 Gst: 00000001/0000  00800f11 00010800 d6f8220b 178bfbff
00:00:01.687440 Hst:                00800f11 0b080800 7ed8320b 178bfbff
00:00:01.687441 Gst: 00000002/0000  00000000 00000000 00000000 00000000
00:00:01.687441 Hst:                00000000 00000000 00000000 00000000
00:00:01.687442 Gst: 00000003/0000  00000000 00000000 00000000 00000000
00:00:01.687442 Hst:                00000000 00000000 00000000 00000000
00:00:01.687443 Gst: 00000004/0000  00000000 00000000 00000000 00000000
00:00:01.687444 Hst:                00000000 00000000 00000000 00000000
00:00:01.687444 Gst: 00000005/0000  00000040 00000040 00000000 00000000
00:00:01.687445 Hst:                00000040 00000040 00000003 00000000
00:00:01.687445 Gst: 00000006/0000  00000004 00000000 00000000 00000000
00:00:01.687446 Hst:                00000004 00000000 00000001 00000000
00:00:01.687447 Gst: 00000007/0000  00000000 00840129 00000000 00000000
00:00:01.687447 Hst:                00000000 209c01a9 00000000 00000000
00:00:01.687448 Gst: 00000007/0001  00000000 00000000 00000000 00000000
00:00:01.687448 Hst:                00000000 00000000 00000000 00000000
00:00:01.687449 Gst: 00000008/0000  00000000 00000000 00000000 00000000
00:00:01.687450 Hst:                00000000 00000000 00000000 00000000
00:00:01.687450 Gst: 00000009/0000  00000000 00000000 00000000 00000000
00:00:01.687451 Hst:                00000000 00000000 00000000 00000000
00:00:01.687451 Gst: 0000000a/0000  00000000 00000000 00000000 00000000
00:00:01.687452 Hst:                00000000 00000000 00000000 00000000
00:00:01.687452 Gst: 0000000b/0000  00000000 00000000 00000000 00000000
00:00:01.687453 Hst:                00000000 00000000 00000000 00000000
00:00:01.687453 Gst: 0000000c/0000  00000000 00000000 00000000 00000000
00:00:01.687454 Hst:                00000000 00000000 00000000 00000000
00:00:01.687455 Gst: 0000000d/0000  00000007 00000340 00000340 00000000
00:00:01.687455 Hst:                00000007 00000340 00000340 00000000
00:00:01.687456 Gst: 0000000d/0001  00000000 00000340 00000000 00000000
00:00:01.687456 Hst:                0000000f 00000340 00000000 00000000
00:00:01.687457 Gst: 0000000d/0002  00000100 00000240 00000000 00000000
00:00:01.687458 Hst:                00000100 00000240 00000000 00000000
00:00:01.687458 Gst: 0000000d/0003  00000000 00000000 00000000 00000000
00:00:01.687459 Hst:                00000000 00000000 00000000 00000000
00:00:01.687466                                Name: AuthenticAMD
00:00:01.687468                            Supports: 0x00000000-0x0000000d
00:00:01.687469                              Family: 15 	Extended: 8 	Effective: 23
00:00:01.687470                               Model:  1 	Extended: 0 	Effective: 1
00:00:01.687471                            Stepping: 1
00:00:01.687472                                Type: 0 (primary)
00:00:01.687473                             APIC ID: 0x00
00:00:01.687474                        Logical CPUs: 1
00:00:01.687474                        CLFLUSH Size: 8
00:00:01.687475                            Brand ID: 0x00
00:00:01.687476 Features
00:00:01.687476   Mnemonic - Description                                  = guest (host)
00:00:01.687477   FPU - x87 FPU on Chip                                   = 1 (1)
00:00:01.687478   VME - Virtual 8086 Mode Enhancements                    = 1 (1)
00:00:01.687479   DE - Debugging extensions                               = 1 (1)
00:00:01.687480   PSE - Page Size Extension                               = 1 (1)
00:00:01.687481   TSC - Time Stamp Counter                                = 1 (1)
00:00:01.687482   MSR - Model Specific Registers                          = 1 (1)
00:00:01.687483   PAE - Physical Address Extension                        = 1 (1)
00:00:01.687484   MCE - Machine Check Exception                           = 1 (1)
00:00:01.687485   CX8 - CMPXCHG8B instruction                             = 1 (1)
00:00:01.687486   APIC - APIC On-Chip                                     = 1 (1)
00:00:01.687487   SEP - SYSENTER and SYSEXIT Present                      = 1 (1)
00:00:01.687488   MTRR - Memory Type Range Registers                      = 1 (1)
00:00:01.687489   PGE - PTE Global Bit                                    = 1 (1)
00:00:01.687490   MCA - Machine Check Architecture                        = 1 (1)
00:00:01.687491   CMOV - Conditional Move instructions                    = 1 (1)
00:00:01.687491   PAT - Page Attribute Table                              = 1 (1)
00:00:01.687492   PSE-36 - 36-bit Page Size Extension                     = 1 (1)
00:00:01.687493   PSN - Processor Serial Number                           = 0 (0)
00:00:01.687494   CLFSH - CLFLUSH instruction                             = 1 (1)
00:00:01.687495   DS - Debug Store                                        = 0 (0)
00:00:01.687496   ACPI - Thermal Mon. & Soft. Clock Ctrl.                 = 0 (0)
00:00:01.687497   MMX - Intel MMX Technology                              = 1 (1)
00:00:01.687498   FXSR - FXSAVE and FXRSTOR instructions                  = 1 (1)
00:00:01.687499   SSE - SSE support                                       = 1 (1)
00:00:01.687500   SSE2 - SSE2 support                                     = 1 (1)
00:00:01.687501   SS - Self Snoop                                         = 0 (0)
00:00:01.687502   HTT - Hyper-Threading Technology                        = 1 (1)
00:00:01.687503   TM - Therm. Monitor                                     = 0 (0)
00:00:01.687504   PBE - Pending Break Enabled                             = 0 (0)
00:00:01.687505   SSE3 - SSE3 support                                     = 1 (1)
00:00:01.687506   PCLMUL - PCLMULQDQ support (for AES-GCM)                = 1 (1)
00:00:01.687506   DTES64 - DS Area 64-bit Layout                          = 0 (0)
00:00:01.687507   MONITOR - MONITOR/MWAIT instructions                    = 1 (1)
00:00:01.687508   CPL-DS - CPL Qualified Debug Store                      = 0 (0)
00:00:01.687509   VMX - Virtual Machine Extensions                        = 0 (0)
00:00:01.687510   SMX - Safer Mode Extensions                             = 0 (0)
00:00:01.687511   EST - Enhanced SpeedStep Technology                     = 0 (0)
00:00:01.687512   TM2 - Terminal Monitor 2                                = 0 (0)
00:00:01.687513   SSSE3 - Supplemental Streaming SIMD Extensions 3        = 1 (1)
00:00:01.687513   CNTX-ID - L1 Context ID                                 = 0 (0)
00:00:01.687514   SDBG - Silicon Debug interface                          = 0 (0)
00:00:01.687515   FMA - Fused Multiply Add extensions                     = 0 (1)
00:00:01.687516   CX16 - CMPXCHG16B instruction                           = 1 (1)
00:00:01.687517   TPRUPDATE - xTPR Update Control                         = 0 (0)
00:00:01.687518   PDCM - Perf/Debug Capability MSR                        = 0 (0)
00:00:01.687519   PCID - Process Context Identifiers                      = 0 (0)
00:00:01.687520   DCA - Direct Cache Access                               = 0 (0)
00:00:01.687520   SSE4_1 - SSE4_1 support                                 = 1 (1)
00:00:01.687521   SSE4_2 - SSE4_2 support                                 = 1 (1)
00:00:01.687522   X2APIC - x2APIC support                                 = 1 (0)
00:00:01.687523   MOVBE - MOVBE instruction                               = 1 (1)
00:00:01.687524   POPCNT - POPCNT instruction                             = 1 (1)
00:00:01.687525   TSCDEADL - Time Stamp Counter Deadline                  = 0 (0)
00:00:01.687526   AES - AES instructions                                  = 1 (1)
00:00:01.687527   XSAVE - XSAVE instruction                               = 1 (1)
00:00:01.687528   OSXSAVE - OSXSAVE instruction                           = 0 (1)
00:00:01.687529   AVX - AVX support                                       = 1 (1)
00:00:01.687530   F16C - 16-bit floating point conversion instructions    = 0 (1)
00:00:01.687531   RDRAND - RDRAND instruction                             = 1 (1)
00:00:01.687531   HVP - Hypervisor Present (we're a guest)                = 1 (0)
00:00:01.687532 Structured Extended Feature Flags Enumeration (leaf 7):
00:00:01.687533   Mnemonic - Description                                  = guest (host)
00:00:01.687533   FSGSBASE - RDFSBASE/RDGSBASE/WRFSBASE/WRGSBASE instr.   = 1 (1)
00:00:01.687534   TSCADJUST - Supports MSR_IA32_TSC_ADJUST                = 0 (0)
00:00:01.687535   SGX - Supports Software Guard Extensions                = 0 (0)
00:00:01.687535   BMI1 - Advanced Bit Manipulation extension 1            = 1 (1)
00:00:01.687536   HLE - Hardware Lock Elision                             = 0 (0)
00:00:01.687537   AVX2 - Advanced Vector Extensions 2                     = 1 (1)
00:00:01.687538   FDP_EXCPTN_ONLY - FPU DP only updated on exceptions     = 0 (0)
00:00:01.687539   SMEP - Supervisor Mode Execution Prevention             = 0 (1)
00:00:01.687539   BMI2 - Advanced Bit Manipulation extension 2            = 1 (1)
00:00:01.687540   ERMS - Enhanced REP MOVSB/STOSB instructions            = 0 (0)
00:00:01.687541   INVPCID - INVPCID instruction                           = 0 (0)
00:00:01.687542   RTM - Restricted Transactional Memory                   = 0 (0)
00:00:01.687542   PQM - Platform Quality of Service Monitoring            = 0 (0)
00:00:01.687543   DEPFPU_CS_DS - Deprecates FPU CS, FPU DS values if set  = 0 (0)
00:00:01.687544   MPE - Intel Memory Protection Extensions                = 0 (0)
00:00:01.687545   PQE - Platform Quality of Service Enforcement           = 0 (0)
00:00:01.687545   AVX512F - AVX512 Foundation instructions                = 0 (0)
00:00:01.687546   RDSEED - RDSEED instruction                             = 1 (1)
00:00:01.687547   ADX - ADCX/ADOX instructions                            = 0 (1)
00:00:01.687548   SMAP - Supervisor Mode Access Prevention                = 0 (1)
00:00:01.687549   CLFLUSHOPT - CLFLUSHOPT (Cache Line Flush) instruction  = 1 (1)
00:00:01.687549   CLWB - CLWB instruction                                 = 0 (0)
00:00:01.687550   INTEL_PT - Intel Processor Trace                        = 0 (0)
00:00:01.687551   AVX512PF - AVX512 Prefetch instructions                 = 0 (0)
00:00:01.687552   AVX512ER - AVX512 Exponential & Reciprocal instructions = 0 (0)
00:00:01.687552   AVX512CD - AVX512 Conflict Detection instructions       = 0 (0)
00:00:01.687553   SHA - Secure Hash Algorithm extensions                  = 0 (1)
00:00:01.687554   PREFETCHWT1 - PREFETCHWT1 instruction                   = 0 (0)
00:00:01.687555   UMIP - User mode insturction prevention                 = 0 (0)
00:00:01.687556   PKU - Protection Key for Usermode pages                 = 0 (0)
00:00:01.687556   OSPKE - CR4.PKU mirror                                  = 0 (0)
00:00:01.687557   MAWAU - Value used by BNDLDX & BNDSTX                   = 0x0 (0x0)
00:00:01.687558   RDPID - Read processor ID support                       = 0 (0)
00:00:01.687559   SGX_LC - Supports SGX Launch Configuration              = 0 (0)
00:00:01.687560 Processor Extended State Enumeration (leaf 0xd):
00:00:01.687561    XSAVE area cur/max size by XCR0, guest: 0x340/0x340
00:00:01.687561     XSAVE area cur/max size by XCR0, host: 0x340/0x340
00:00:01.687562                    Valid XCR0 bits, guest: 0x00000000`00000007 ( x87 SSE YMM_Hi128 )
00:00:01.687564                     Valid XCR0 bits, host: 0x00000000`00000007 ( x87 SSE YMM_Hi128 )
00:00:01.687566                     XSAVE features, guest:
00:00:01.687567                      XSAVE features, host: XSAVEOPT XSAVEC XGETBC1 XSAVES
00:00:01.687568       XSAVE area cur size XCR0|XSS, guest: 0x340
00:00:01.687569        XSAVE area cur size XCR0|XSS, host: 0x340
00:00:01.687569                Valid IA32_XSS bits, guest: 0x00000000`00000000
00:00:01.687570                 Valid IA32_XSS bits, host: 0x00000000`00000000
00:00:01.687571   State #2, guest: off=0x0240, cb=0x0100 IA32_XSS-bit -- YMM_Hi128
00:00:01.687572   State #2, host:  off=0x0240, cb=0x0100 IA32_XSS-bit -- YMM_Hi128
00:00:01.687577          Raw Hypervisor CPUID Leaves
00:00:01.687577      Leaf/sub-leaf  eax      ebx      ecx      edx
00:00:01.687577 Gst: 40000000/0000  40000001 4b4d564b 564b4d56 0000004d
00:00:01.687578 Hst:                00000000 00000000 00000000 00000000
00:00:01.687579 Gst: 40000001/0000  01000089 00000000 00000000 00000000
00:00:01.687580 Hst:                00000000 00000000 00000000 00000000
00:00:01.687580          Raw Extended CPUID Leaves
00:00:01.687581      Leaf/sub-leaf  eax      ebx      ecx      edx
00:00:01.687581 Gst: 80000000/0000  8000001e 68747541 444d4163 69746e65
00:00:01.687582 Hst:                8000001f 68747541 444d4163 69746e65
00:00:01.687583 Gst: 80000001/0000  00800f11 20000000 000001f1 2bd3fb7f
00:00:01.687584 Hst:                00800f11 20000000 35c233ff 2fd3fbff
00:00:01.687585 Gst: 80000002/0000  20444d41 657a7952 2035206e 30303431
00:00:01.687585 Hst:                20444d41 657a7952 2035206e 30303431
00:00:01.687586 Gst: 80000003/0000  61755120 6f432d64 50206572 65636f72
00:00:01.687587 Hst:                61755120 6f432d64 50206572 65636f72
00:00:01.687588 Gst: 80000004/0000  726f7373 20202020 20202020 00202020
00:00:01.687589 Hst:                726f7373 20202020 20202020 00202020
00:00:01.687590 Gst: 80000005/0000  ff40ff40 ff40ff40 20080140 40040140
00:00:01.687590 Hst:                ff40ff40 ff40ff40 20080140 40040140
00:00:01.687591 Gst: 80000006/0000  26006400 66006400 02006140 00408140
00:00:01.687592 Hst:                26006400 66006400 02006140 00408140
00:00:01.687593 Gst: 80000007/0000  00000000 00000000 00000000 00000100
00:00:01.687594 Hst:                00000000 0000001b 00000000 00006599
00:00:01.687594 Gst: 80000008/0000  00003030 04000000 00000000 00000000
00:00:01.687595 Hst:                00003030 00001007 00004007 00000000
00:00:01.687596 Gst: 80000009/0000  00000000 00000000 00000000 00000000
00:00:01.687596 Hst:                00000000 00000000 00000000 00000000
00:00:01.687597 Gst: 8000000a/0000  00000000 00000000 00000000 00000000
00:00:01.687598 Hst:                00000001 00008000 00000000 0001bcff
00:00:01.687598 Gst: 8000000b/0000  00000000 00000000 00000000 00000000
00:00:01.687599 Hst:                00000000 00000000 00000000 00000000
00:00:01.687599 Gst: 8000000c/0000  00000000 00000000 00000000 00000000
00:00:01.687600 Hst:                00000000 00000000 00000000 00000000
00:00:01.687601 Gst: 8000000d/0000  00000000 00000000 00000000 00000000
00:00:01.687601 Hst:                00000000 00000000 00000000 00000000
00:00:01.687602 Gst: 8000000e/0000  00000000 00000000 00000000 00000000
00:00:01.687602 Hst:                00000000 00000000 00000000 00000000
00:00:01.687603 Gst: 8000000f/0000  00000000 00000000 00000000 00000000
00:00:01.687604 Hst:                00000000 00000000 00000000 00000000
00:00:01.687604 Gst: 80000010/0000  00000000 00000000 00000000 00000000
00:00:01.687605 Hst:                00000000 00000000 00000000 00000000
00:00:01.687605 Gst: 80000011/0000  00000000 00000000 00000000 00000000
00:00:01.687606 Hst:                00000000 00000000 00000000 00000000
00:00:01.687606 Gst: 80000012/0000  00000000 00000000 00000000 00000000
00:00:01.687607 Hst:                00000000 00000000 00000000 00000000
00:00:01.687608 Gst: 80000013/0000  00000000 00000000 00000000 00000000
00:00:01.687608 Hst:                00000000 00000000 00000000 00000000
00:00:01.687609 Gst: 80000014/0000  00000000 00000000 00000000 00000000
00:00:01.687609 Hst:                00000000 00000000 00000000 00000000
00:00:01.687610 Gst: 80000015/0000  00000000 00000000 00000000 00000000
00:00:01.687611 Hst:                00000000 00000000 00000000 00000000
00:00:01.687611 Gst: 80000016/0000  00000000 00000000 00000000 00000000
00:00:01.687612 Hst:                00000000 00000000 00000000 00000000
00:00:01.687612 Gst: 80000017/0000  00000000 00000000 00000000 00000000
00:00:01.687613 Hst:                00000000 00000000 00000000 00000000
00:00:01.687613 Gst: 80000018/0000  00000000 00000000 00000000 00000000
00:00:01.687614 Hst:                00000000 00000000 00000000 00000000
00:00:01.687615 Gst: 80000019/0000  f040f040 00000000 00000000 00000000
00:00:01.687615 Hst:                f040f040 00000000 00000000 00000000
00:00:01.687616 Gst: 8000001a/0000  00000003 00000000 00000000 00000000
00:00:01.687617 Hst:                00000003 00000000 00000000 00000000
00:00:01.687617 Gst: 8000001b/0000  00000000 00000000 00000000 00000000
00:00:01.687618 Hst:                000003ff 00000000 00000000 00000000
00:00:01.687618 Gst: 8000001c/0000  00000000 00000000 00000000 00000000
00:00:01.687619 Hst:                00000000 00000000 00000000 00000000
00:00:01.687619 Gst: 8000001d/0000  00000121 01c0003f 0000003f 00000000
00:00:01.687620 Hst:                00004121 01c0003f 0000003f 00000000
00:00:01.687621 Gst: 8000001d/0001  00000122 00c0003f 000000ff 00000000
00:00:01.687622 Hst:                00004122 00c0003f 000000ff 00000000
00:00:01.687622 Gst: 8000001d/0002  00000143 01c0003f 000003ff 00000002
00:00:01.687623 Hst:                00004143 01c0003f 000003ff 00000002
00:00:01.687624 Gst: 8000001d/0003  00000163 03c0003f 00000fff 00000001
00:00:01.687624 Hst:                0000c163 03c0003f 00000fff 00000001
00:00:01.687625 Gst: 8000001d/0004  00000000 00000000 00000000 00000000
00:00:01.687626 Hst:                00000000 00000000 00000000 00000000
00:00:01.687626 Gst: 8000001e/0000  00000000 00000000 00000000 00000000
00:00:01.687627 Hst:                0000000b 00000105 00000000 00000000
00:00:01.687627 Hst: 8000001f/0000  00000007 0000016f 0000000f 00000000
00:00:01.687628 Ext Name:                        AuthenticAMD
00:00:01.687629 Ext Supports:                    0x80000000-0x8000001e
00:00:01.687629 Family:                          15  	Extended: 8 	Effective: 23
00:00:01.687630 Model:                           1  	Extended: 0 	Effective: 1
00:00:01.687630 Stepping:                        1
00:00:01.687631 Brand ID:                        0x000
00:00:01.687631 Ext Features
00:00:01.687632   Mnemonic - Description                                  = guest (host)
00:00:01.687632   FPU - x87 FPU on Chip                                   = 1 (1)
00:00:01.687633   VME - Virtual 8086 Mode Enhancements                    = 1 (1)
00:00:01.687634   DE - Debugging extensions                               = 1 (1)
00:00:01.687635   PSE - Page Size Extension                               = 1 (1)
00:00:01.687636   TSC - Time Stamp Counter                                = 1 (1)
00:00:01.687637   MSR - K86 Model Specific Registers                      = 1 (1)
00:00:01.687638   PAE - Physical Address Extension                        = 1 (1)
00:00:01.687638   MCE - Machine Check Exception                           = 0 (1)
00:00:01.687639   CX8 - CMPXCHG8B instruction                             = 1 (1)
00:00:01.687640   APIC - APIC On-Chip                                     = 1 (1)
00:00:01.687641   SEP - SYSCALL/SYSRET                                    = 1 (1)
00:00:01.687642   MTRR - Memory Type Range Registers                      = 1 (1)
00:00:01.687643   PGE - PTE Global Bit                                    = 1 (1)
00:00:01.687644   MCA - Machine Check Architecture                        = 1 (1)
00:00:01.687645   CMOV - Conditional Move instructions                    = 1 (1)
00:00:01.687646   PAT - Page Attribute Table                              = 1 (1)
00:00:01.687647   PSE-36 - 36-bit Page Size Extension                     = 1 (1)
00:00:01.687647   NX - No-Execute/Execute-Disable                         = 1 (1)
00:00:01.687648   AXMMX - AMD Extensions to MMX instructions              = 1 (1)
00:00:01.687649   MMX - Intel MMX Technology                              = 1 (1)
00:00:01.687650   FXSR - FXSAVE and FXRSTOR Instructions                  = 1 (1)
00:00:01.687651   FFXSR - AMD fast FXSAVE and FXRSTOR instructions        = 1 (1)
00:00:01.687652   Page1GB - 1 GB large page                               = 0 (1)
00:00:01.687652   RDTSCP - RDTSCP instruction                             = 1 (1)
00:00:01.687653   LM - AMD64 Long Mode                                    = 1 (1)
00:00:01.687654   3DNOWEXT - AMD Extensions to 3DNow                      = 0 (0)
00:00:01.687655   3DNOW - AMD 3DNow                                       = 0 (0)
00:00:01.687657   LahfSahf - LAHF/SAHF support in 64-bit mode             = 1 (1)
00:00:01.687657   CmpLegacy - Core multi-processing legacy mode           = 0 (1)
00:00:01.687658   SVM - AMD Secure Virtual Machine extensions             = 0 (1)
00:00:01.687659   EXTAPIC - AMD Extended APIC registers                   = 0 (1)
00:00:01.687660   CR8L - AMD LOCK MOV CR0 means MOV CR8                   = 1 (1)
00:00:01.687660   ABM - AMD Advanced Bit Manipulation                     = 1 (1)
00:00:01.687661   SSE4A - SSE4A instructions                              = 1 (1)
00:00:01.687662   MISALIGNSSE - AMD Misaligned SSE mode                   = 1 (1)
00:00:01.687663   3DNOWPRF - AMD PREFETCH and PREFETCHW instructions      = 1 (1)
00:00:01.687664   OSVW - AMD OS Visible Workaround                        = 0 (1)
00:00:01.687664   IBS - Instruct Based Sampling                           = 0 (0)
00:00:01.687665   XOP - Extended Operation support                        = 0 (0)
00:00:01.687666   SKINIT - SKINIT, STGI, and DEV support                  = 0 (1)
00:00:01.687667   WDT - AMD Watchdog Timer support                        = 0 (1)
00:00:01.687668   LWP - Lightweight Profiling support                     = 0 (0)
00:00:01.687669   FMA4 - Four operand FMA instruction support             = 0 (0)
00:00:01.687669   TCE - Translation Cache Extension support               = 0 (1)
00:00:01.687670   NodeId - NodeId in MSR C001_100C                        = 0 (0)
00:00:01.687671   TBM - Trailing Bit Manipulation instructions            = 0 (0)
00:00:01.687672   TOPOEXT - Topology Extensions                           = 0 (1)
00:00:01.687673   PRFEXTCORE - Performance Counter Extensions support     = 0 (1)
00:00:01.687673   PRFEXTNB - NB Performance Counter Extensions support    = 0 (1)
00:00:01.687674   DATABPEXT - Data-access Breakpoint Extension            = 0 (1)
00:00:01.687675   PERFTSC - Performance Time Stamp Counter                = 0 (0)
00:00:01.687675   PCX_L2I - L2I/L3 Performance Counter Extensions         = 0 (1)
00:00:01.687676   MONITORX - MWAITX and MONITORX instructions             = 0 (1)
00:00:01.687677   AddrMaskExt - BP Addressing masking extended to bit 31  = 0 (0)
00:00:01.687677 SVM Feature Identification (leaf A):
00:00:01.687678   NP - Nested Paging                                      = 0 (1)
00:00:01.687679   LbrVirt - Last Branch Record Virtualization             = 0 (1)
00:00:01.687680   SVML - SVM Lock                                         = 0 (1)
00:00:01.687681   NRIPS - NextRIP Save                                    = 0 (1)
00:00:01.687682   TscRateMsr - MSR based TSC rate control                 = 0 (1)
00:00:01.687683   VmcbClean - VMCB clean bits                             = 0 (1)
00:00:01.687684   FlushByASID - Flush by ASID                             = 0 (1)
00:00:01.687684   DecodeAssists - Decode Assists                          = 0 (1)
00:00:01.687685   PauseFilter - Pause intercept filter                    = 0 (1)
00:00:01.687686   11 - Reserved                                           = 0 (1)
00:00:01.687687   PauseFilterThreshold - Pause filter threshold           = 0 (1)
00:00:01.687688   AVIC - Advanced Virtual Interrupt Controller            = 0 (1)
00:00:01.687689   VMSAVEVirt - VMSAVE and VMLOAD Virtualization           = 0 (1)
00:00:01.687689   VGIF - Virtual Global-Interrupt Flag                    = 0 (1)
00:00:01.687690   GMET - Guest Mode Execute Trap Extension                = 0 (0)
00:00:01.687691   x2AVIC - AVIC support for x2APIC mode                   = 0 (0)
00:00:01.687692   SSSCheck - SVM supervisor shadow stack restrictions     = 0 (0)
00:00:01.687693   SpecCtrl - SPEC_CTRL virtualization                     = 0 (0)
00:00:01.687693   ROGPT - Read-Only Guest Page Table feature support      = 0 (0)
00:00:01.687694   HOST_MCE_OVERRIDE - Guest #MC can be intercepted        = 0 (0)
00:00:01.687695   TlbiCtl - INVLPGB/TLBSYNC enable and intercept          = 0 (0)
00:00:01.687695   VNMI - NMI Virtualization                               = 0 (0)
00:00:01.687696   IbsVirt - IBS Virtualization                            = 0 (0)
00:00:01.687697   ExtLvtAvicAccessChg - Extended LVT access changes       = 0 (0)
00:00:01.687698   NestedVirtVmcbAddrChk - Guest VMCB address check        = 0 (0)
00:00:01.687698   BusLockThreshold - Bus Lock Threshold                   = 0 (0)
00:00:01.687699 Full Name:                       "AMD Ryzen 5 1400 Quad-Core Processor           "
00:00:01.687700 TLB 2/4M Instr/Uni:              fully  64 entries
00:00:01.687700 TLB 2/4M Data:                   fully  64 entries
00:00:01.687701 TLB 4K Instr/Uni:                fully  64 entries
00:00:01.687701 TLB 4K Data:                     fully  64 entries
00:00:01.687702 L1 Instr Cache Line Size:        64 bytes
00:00:01.687702 L1 Instr Cache Lines Per Tag:    1
00:00:01.687703 L1 Instr Cache Associativity:    4 way
00:00:01.687703 L1 Instr Cache Size:             64 KB
00:00:01.687703 L1 Data Cache Line Size:         64 bytes
00:00:01.687704 L1 Data Cache Lines Per Tag:     1
00:00:01.687704 L1 Data Cache Associativity:     8 way
00:00:01.687704 L1 Data Cache Size:              32 KB
00:00:01.687705 L2 TLB 2/4M Instr/Uni:           8 way  1024 entries
00:00:01.687705 L2 TLB 2/4M Data:                2 way  1536 entries
00:00:01.687706 L2 TLB 4K Instr/Uni:             8 way  1024 entries
00:00:01.687706 L2 TLB 4K Data:                  8 way  1536 entries
00:00:01.687707 L2 Cache Line Size:              64 bytes
00:00:01.687707 L2 Cache Lines Per Tag:          1
00:00:01.687707 L2 Cache Associativity:          16 way
00:00:01.687708 L2 Cache Size:                   64 KB
00:00:01.687708   TS - Temperature Sensor                                 = 0 (1)
00:00:01.687709   FID - Frequency ID control                              = 0 (0)
00:00:01.687710   VID - Voltage ID control                                = 0 (0)
00:00:01.687711   TTP - Thermal Trip                                      = 0 (1)
00:00:01.687712   TM - Hardware Thermal Control (HTC)                     = 0 (1)
00:00:01.687713   100MHzSteps - 100 MHz Multiplier control                = 0 (0)
00:00:01.687714   HwPstate - Hardware P-state control                     = 0 (1)
00:00:01.687715   TscInvariant - Invariant Time Stamp Counter             = 1 (1)
00:00:01.687716   CPB - Core Performance Boost                            = 0 (0)
00:00:01.687716   EffFreqRO - Read-only Effective Frequency Interface     = 0 (1)
00:00:01.687717   ProcFdbkIf - Processor Feedback Interface               = 0 (0)
00:00:01.687718   ProcPwrRep - Core power reporting interface support     = 0 (0)
00:00:01.687718   ConnectedStandby - Connected Standby                    = 0 (1)
00:00:01.687719   RAPL - Running average power limit                      = 0 (1)
00:00:01.687720   CLZERO - Clear zero instruction (cacheline)             = 0 (1)
00:00:01.687721   IRPerf - Instructions retired count support             = 0 (1)
00:00:01.687722   XSaveErPtr - Save/restore error pointers (FXSAVE/RSTOR*) = 0 (1)
00:00:01.687722   INVLPGB - INVLPGB and TLBSYNC instructions              = 0 (0)
00:00:01.687723   RDPRU - RDPRU instruction                               = 0 (0)
00:00:01.687724   BE - Bandwidth Enforcement extension                    = 0 (0)
00:00:01.687725   MCOMMIT - MCOMMIT instruction                           = 0 (0)
00:00:01.687726   WBNOINVD - WBNOINVD instruction                         = 0 (0)
00:00:01.687727   IBPB - Supports the IBPB command in IA32_PRED_CMD       = 0 (1)
00:00:01.687727   INT_WBINVD - WBINVD/WBNOINVD interruptible              = 0 (0)
00:00:01.687728   IBRS - Indirect Branch Restricted Speculation           = 0 (0)
00:00:01.687729   STIBP - Single Thread Indirect Branch Prediction        = 0 (0)
00:00:01.687729   IbrsAlwaysOn - Processor prefers that IBRS be left on   = 0 (0)
00:00:01.687730   StibpAlwaysOn - Processor prefers that STIBP be left on = 0 (0)
00:00:01.687730   IbrsPreferred - IBRS preferred over software solution   = 0 (0)
00:00:01.687731   IbrsSameMode - IBRS limits same mode speculation        = 0 (0)
00:00:01.687732   EferLmsleUnsupported - EFER.LMSLE is unsupported        = 0 (0)
00:00:01.687732   INVLPGBnestedPages - INVLPGB for nested translation     = 0 (0)
00:00:01.687733   SSBD - Speculative Store Bypass Disable                 = 0 (0)
00:00:01.687734   SsbdVirtSpecCtrl - Use VIRT_SPEC_CTL for SSBD           = 0 (0)
00:00:01.687734   SsbdNotRequired - SSBD not needed on this processor     = 1 (0)
00:00:01.687735   CPPC - Collaborative Processor Performance Control      = 0 (0)
00:00:01.687736   PSFD - Predictive Store Forward Disable                 = 0 (0)
00:00:01.687736   BTC_NO - Unaffected by branch type confusion            = 0 (0)
00:00:01.687737   IBPB_RET - Clears RA predictor when PRED_CMD.IBPB set   = 0 (0)
00:00:01.687738 Physical Address Width:          48 bits
00:00:01.687738 Virtual Address Width:           48 bits
00:00:01.687738 Guest Physical Address Width:    0 bits
00:00:01.687739 Physical Core Count:             1
00:00:01.687741 
00:00:01.687741 ******************** End of CPUID dump **********************
00:00:01.686870 HM: fUsePauseFilter=false fUseLbrVirt=false fUseVGif=true fUseVirtVmsaveVmload=true
00:00:01.687846 VMEmt: Halt method global1 (5)
00:00:01.687863 VMEmt: HaltedGlobal1 config: cNsSpinBlockThresholdCfg=2000
00:00:01.687868 Changing the VM state from 'CREATING' to 'CREATED'
00:00:01.692684 Changing the VM state from 'CREATED' to 'POWERING_ON'
00:00:01.692853 AIOMgr: Endpoints without assigned bandwidth groups:
00:00:01.692857 AIOMgr:     /media/sssd/vbox/ubuntu/ubuntu.vdi
00:00:01.693159 Changing the VM state from 'POWERING_ON' to 'RUNNING'
00:00:01.693187 Console: Machine state changed to 'Running'
00:00:01.694706 VMMDev: Guest Log: BIOS: VirtualBox 7.0.16
00:00:01.694834 PCI: Setting up resources and interrupts
00:00:01.695427 PIT: mode=2 count=0x10000 (65536) - 18.20 Hz (ch=0)
00:00:01.699066 GUI: UIMachineViewNormal::resendSizeHint: Restoring guest size-hint for screen 0 to 800x600
00:00:01.709605 GUI: HID LEDs sync is not supported on this platform
00:00:01.717560 Display::i_handleDisplayResize: uScreenId=0 pvVRAM=0000000000000000 w=720 h=400 bpp=0 cbLine=0x0 flags=0x0 origin=0,0
00:00:01.718110 VMMDev: Guest Log: CPUID EDX: 0x178bfbff
00:00:01.718210 PIIX3 ATA: Ctl#1: RESET, DevSel=0 AIOIf=0 CmdIf0=0x00 (-1 usec ago) CmdIf1=0x00 (-1 usec ago)
00:00:01.718282 PIIX3 ATA: Ctl#1: finished processing RESET
00:00:01.719003 AHCI#0: Reset the HBA
00:00:01.719009 VD#0: Cancelling all active requests
00:00:01.719056 AHCI#0: Port 0 reset
00:00:01.719108 VD#0: Cancelling all active requests
00:00:01.719509 VMMDev: Guest Log: BIOS: AHCI 0-P#0: PCHS=16383/16/63 LCHS=1024/255/63 0x0000000003200000 sectors
00:00:01.723276 PIT: mode=2 count=0x48d3 (18643) - 64.00 Hz (ch=0)
00:00:01.730640 GUI: UIMachineLogicNormal::sltCheckForRequestedVisualStateType: Requested-state=1, Machine-state=6
00:00:01.738922 Display::i_handleDisplayResize: uScreenId=0 pvVRAM=000071bc58200000 w=640 h=480 bpp=32 cbLine=0xA00 flags=0x0 origin=0,0
00:00:04.217386 Display::i_handleDisplayResize: uScreenId=0 pvVRAM=0000000000000000 w=720 h=400 bpp=0 cbLine=0x0 flags=0x0 origin=0,0
00:00:04.232386 PIT: mode=2 count=0x10000 (65536) - 18.20 Hz (ch=0)
00:00:04.232713 VMMDev: Guest Log: BIOS: Boot : bseqnr=1, bootseq=0231
00:00:04.232964 VMMDev: Guest Log: BIOS: Boot from Floppy 0 failed
00:00:04.233258 VMMDev: Guest Log: BIOS: Boot : bseqnr=2, bootseq=0023
00:00:04.233984 VMMDev: Guest Log: BIOS: CDROM boot failure code : 0003
00:00:04.234218 VMMDev: Guest Log: BIOS: Boot from CD-ROM failed
00:00:04.234503 VMMDev: Guest Log: BIOS: Boot : bseqnr=3, bootseq=0002
00:00:04.235332 VMMDev: Guest Log: BIOS: Booting from Hard Disk...
00:00:04.452245 Display::i_handleDisplayResize: uScreenId=0 pvVRAM=000071bc58200000 w=640 h=480 bpp=32 cbLine=0xA00 flags=0x0 origin=0,0
00:00:05.825485 Display::i_handleDisplayResize: uScreenId=0 pvVRAM=0000000000000000 w=720 h=400 bpp=0 cbLine=0x0 flags=0x0 origin=0,0
00:00:06.051972 GIM: KVM: VCPU  0: Enabled system-time struct. at 0x0000000085c02000 - u32TscScale=0xa04cf69d i8TscShift=-1 uVersion=2 fFlags=0x1 uTsc=0x33da108e5 uVirtNanoTS=0x103bf0848 TscKHz=3193998
00:00:06.051996 TM: Switching TSC mode from 'Dynamic' to 'RealTSCOffset'
00:00:06.086656 GIM: KVM: Enabled wall-clock struct. at 0x0000000085c01000 - u32Sec=1728472331 u32Nano=53825010 uVersion=2
00:00:06.099056 PIT: mode=2 count=0x4a9 (1193) - 1000.15 Hz (ch=0)
00:00:06.099388 APIC0: Switched mode to x2APIC
00:00:06.244975 PIT: mode=0 count=0x10000 (65536) - 18.20 Hz (ch=0)
00:00:06.446829 OHCI: Software reset
00:00:06.507085 PIIX3 ATA: Ctl#1: RESET, DevSel=0 AIOIf=0 CmdIf0=0xa0 (-1 usec ago) CmdIf1=0x00 (-1 usec ago)
00:00:06.507209 PIIX3 ATA: Ctl#1: finished processing RESET
00:00:06.510948 EHCI: Hardware reset
00:00:06.511097 EHCI: USB Operational
00:00:06.519666 OHCI: USB Reset
00:00:06.538789 EHCI: USB Suspended
00:00:06.571742 OHCI: Software reset
00:00:06.571930 OHCI: USB Operational
00:00:07.087359 AHCI#0: Reset the HBA
00:00:07.087387 VD#0: Cancelling all active requests
00:00:07.104148 AHCI#0: Port 0 reset
00:00:07.105341 VD#0: Cancelling all active requests
00:00:09.519453 NAT: Link up
00:00:14.319333 VMMDev: Guest Log: vboxguest: host-version: 7.0.16r162802 0x8000000f
00:00:14.319383 VMMDev: Guest Additions information report: Version 6.0.0 r127566 '6.0.0'
00:00:14.319405 VMMDev: Guest Additions information report: Interface = 0x00010004 osType = 0x00053100 (Linux >= 2.6, 64-bit)
00:00:14.319775 GUI: UISession::sltAdditionsChange: GA state change event came, notifying listeners
00:00:14.319789 GUI: UIMachineLogicNormal::sltCheckForRequestedVisualStateType: Requested-state=1, Machine-state=6
00:00:14.396992 VMMDev: Guest Additions capability report: (0x0 -> 0x0) seamless: no, hostWindowMapping: no, graphics: no
00:00:14.397117 VMMDev: vmmDevReqHandler_HeartbeatConfigure: No change (fHeartbeatActive=false)
00:00:14.397154 VMMDev: Heartbeat flatline timer set to trigger after 4 000 000 000 ns
00:00:14.397278 GUI: UISession::sltAdditionsChange: GA state change event came, notifying listeners
00:00:14.397293 GUI: UIMachineLogicNormal::sltCheckForRequestedVisualStateType: Requested-state=1, Machine-state=6
00:00:14.397408 VMMDev: Guest Log: vbg_heartbeat_init: Setting up heartbeat to trigger every 2000 milliseconds
00:00:14.431237 GUI: UISession::sltAdditionsChange: GA state really changed, notifying listeners
00:00:14.431265 GUI: UIMachineViewNormal::adjustGuestScreenSize: Adjust guest-screen size if necessary
00:00:14.431278 GUI: UISession::sltAdditionsChange: GA state change event came, notifying listeners
00:00:14.431282 GUI: UIMachineLogicNormal::sltCheckForRequestedVisualStateType: Requested-state=1, Machine-state=6
00:00:15.560169 Enabling different vbva mode
00:00:15.873935 Display::i_handleDisplayResize: uScreenId=0 pvVRAM=000071bc585e8000 w=1280 h=800 bpp=32 cbLine=0x1400 flags=0x1 origin=0,0
00:00:16.349611 AC97: Reset
00:00:16.349638 AC97: Mixer reset (EAID=0x809, EACS=0x9)
00:00:16.349643 AC97: Record select to left=mic, right=mic
00:00:16.349766 AC97: Reset
00:00:16.349768 AC97: Mixer reset (EAID=0x809, EACS=0x9)
00:00:16.349770 AC97: Record select to left=mic, right=mic
00:00:16.355160 AC97: Record select to left=mic, right=mic
00:00:17.511904 NAT: resolv.conf: nameserver 127.0.0.53
00:00:17.511934 NAT: resolv.conf: ignoring "options edns0 trust-ad"
00:00:17.511944 NAT: DNS server 127.0.0.53 registration detected, switching to the DNS proxy
00:00:17.511949 NAT: Adding domain name .
00:00:17.511952 NAT: DNS#0: 127.0.0.53
00:00:17.511957 NAT: DHCP offered IP address 10.0.2.15
00:00:17.515234 NAT: IPv6 not supported
00:03:41.259175 Changing the VM state from 'RUNNING' to 'SUSPENDING'
00:03:41.282489 AIOMgr: Endpoint for file '/media/sssd/vbox/ubuntu/ubuntu.vdi' (flags 000c0781) created successfully
00:03:41.284838 PDMR3Suspend: 25 601 726 ns run time
00:03:41.284861 Changing the VM state from 'SUSPENDING' to 'SUSPENDED'
00:03:41.284877 Console: Machine state changed to 'Paused'
00:03:45.044194 GUI: Request for close-action to power VM off.
00:03:45.044675 GUI: Powering VM off..
00:03:45.049728 Console: Machine state changed to 'Stopping'
00:03:45.051757 Console::powerDown(): A request to power off the VM has been issued (mMachineState=Stopping, InUninit=0)
00:03:45.052795 Changing the VM state from 'SUSPENDED' to 'POWERING_OFF'
00:03:45.052832 ****************** Guest state at power off for VCpu 0 ******************
00:03:45.052866 Guest CPUM (VCPU 0) state: 
00:03:45.052876 rax=0000000000000000 rbx=0000000000000000 rcx=0000000000000000 rdx=0000000000000000
00:03:45.052879 rsi=0000000000000000 rdi=0000000000000000 r8 =0000000000000000 r9 =0000000000000000
00:03:45.052881 r10=0000000000000000 r11=0000000000000000 r12=ffffffffa660fcc0 r13=0000000000000000
00:03:45.052882 r14=0000000026b9e000 r15=000000000008a000
00:03:45.052883 rip=ffffffffa542e6f0 rsp=ffffffffa6603e20 rbp=ffffffffa6603e20 iopl=0         nv up ei pl nz na po nc
00:03:45.052887 cs={0010 base=0000000000000000 limit=ffffffff flags=0000a09b}
00:03:45.052888 ds={0000 base=0000000000000000 limit=ffffffff flags=00000000}
00:03:45.052889 es={0000 base=0000000000000000 limit=ffffffff flags=00000000}
00:03:45.052890 fs={0000 base=0000000000000000 limit=ffffffff flags=00000000}
00:03:45.052891 gs={0000 base=ffff978e62000000 limit=ffffffff flags=00000000}
00:03:45.052893 ss={0018 base=0000000000000000 limit=ffffffff flags=0000c093}
00:03:45.052894 cr0=0000000080050033 cr2=00007e4c3e437000 cr3=0000000047eb0000 cr4=00000000000506f0
00:03:45.052895 dr0=0000000000000000 dr1=0000000000000000 dr2=0000000000000000 dr3=0000000000000000
00:03:45.052896 dr4=0000000000000000 dr5=0000000000000000 dr6=00000000ffff0ff0 dr7=0000000000000400
00:03:45.052898 gdtr=fffffe05df46a000:007f  idtr=fffffe0000000000:0fff  eflags=00000246
00:03:45.052900 ldtr={0000 base=00000000 limit=0000ffff flags=00000000}
00:03:45.052901 tr  ={0040 base=fffffe05df46c000 limit=00004087 flags=0000008b}
00:03:45.052902 SysEnter={cs=0010 eip=00000000a56019a0 esp=00000000df46c000}
00:03:45.052903 xcr=0000000000000007 xcr1=0000000000000000 xss=0000000000000000 (fXStateMask=0000000000000007)
00:03:45.052905 FCW=037f FSW=0000 FTW=0000 FOP=0000 MXCSR=00001fa0 MXCSR_MASK=0002ffff
00:03:45.052907 FPUIP=00000000 CS=0000 Rsrvd1=0000  FPUDP=00000000 DS=0000 Rsvrd2=0000
00:03:45.052908 ST(0)=FPR0={0000'00000000'00000000} t0 +0.0000000000000000000000 * 2 ^ -16383 (*)
00:03:45.052911 ST(1)=FPR1={0000'00000000'00000000} t0 +0.0000000000000000000000 * 2 ^ -16383 (*)
00:03:45.052914 ST(2)=FPR2={0000'00000000'00000000} t0 +0.0000000000000000000000 * 2 ^ -16383 (*)
00:03:45.052916 ST(3)=FPR3={0000'00000000'00000000} t0 +0.0000000000000000000000 * 2 ^ -16383 (*)
00:03:45.052918 ST(4)=FPR4={0000'00000000'00000000} t0 +0.0000000000000000000000 * 2 ^ -16383 (*)
00:03:45.052920 ST(5)=FPR5={0000'00000000'00000000} t0 +0.0000000000000000000000 * 2 ^ -16383 (*)
00:03:45.052922 ST(6)=FPR6={0000'00000000'00000000} t0 +0.0000000000000000000000 * 2 ^ -16383 (*)
00:03:45.052925 ST(7)=FPR7={0000'00000000'00000000} t0 +0.0000000000000000000000 * 2 ^ -16383 (*)
00:03:45.052927 YMM0 =00000000'00000000'00000000'00000000'00000000'00000000'00000000'00000000
00:03:45.052929 YMM1 =00000000'00000000'00000000'00000000'00000000'00000000'00000000'00000000
00:03:45.052932 YMM2 =00000000'00000000'00000000'00000000'ffffffff'ffff0000'00000000'00000000
00:03:45.052934 YMM3 =00000000'00000000'00000000'00000000'00000000'00000000'00000000'000000ff
00:03:45.052936 YMM4 =00000000'00000000'00000000'00000000'00007ffc'25628730'00000000'00000000
00:03:45.052939 YMM5 =00000000'00000000'00000000'00000000'00007ffc'25628750'000074d5'e06ad7e2
00:03:45.052941 YMM6 =00000000'00000000'00000000'00000000'00000000'00000000'00000000'00000000
00:03:45.052943 YMM7 =00000000'00000000'00000000'00000000'00000000'00000000'00000000'00000000
00:03:45.052945 YMM8 =00000000'00000000'00000000'00000000'00000000'00700009'00000000'00001000
00:03:45.052947 YMM9 =00000000'00000000'00000000'00000000'20002020'00000000'00000000'00000000
00:03:45.052949 YMM10=00000000'00000000'00000000'00000000'3f3f3f3f'3f3f3f3f'3f3f3f3f'3f3f3f3f
00:03:45.052952 YMM11=00000000'00000000'00000000'00000000'99999999'99999999'99999999'99999999
00:03:45.052954 YMM12=00000000'00000000'00000000'00000000'20202020'20202020'20202020'20202020
00:03:45.052957 YMM13=00000000'00000000'00000000'00000000'00000000'00000000'00000000'00000000
00:03:45.052959 YMM14=00000000'00000000'00000000'00000000'00000000'00000000'00000000'00000000
00:03:45.052961 YMM15=00000000'00000000'00000000'00000000'00000000'00000000'00000000'00000000
00:03:45.052964 EFER         =0000000000000d01
00:03:45.052964 PAT          =0407050600070106
00:03:45.052965 STAR         =0023001000000000
00:03:45.052966 CSTAR        =ffffffffa5601a60
00:03:45.052967 LSTAR        =ffffffffa5600080
00:03:45.052968 SFMASK       =0000000000257fd5
00:03:45.052968 KERNELGSBASE =0000000000000000
00:03:45.052970 ***
00:03:45.052972 VCPU[0] hardware virtualization state:
00:03:45.052973 fSavedInhibit                = 0x0
00:03:45.052974 In nested-guest hwvirt mode  = false
00:03:45.052975 Hwvirt state disabled.
00:03:45.052976 ***
00:03:45.052987 Guest paging mode (VCPU #0):  AMD64+NX (changed 10746 times), A20 enabled (changed 2 times)
00:03:45.052989 Guest SLAT mode (VCPU #0): Direct
00:03:45.052990 Shadow paging mode (VCPU #0): Nested-AMD64
00:03:45.052991 Host paging mode:             AMD64+G+NX
00:03:45.052992 ***
00:03:45.052994 Active Timers (pVM=000071bc782e0000)
00:03:45.052995 pTimerR3         offNext  offPrev  offSched Clock               Time             Expire HzHint State                     Description
00:03:45.052999 000071bc8021c180 00000006 ffffffff ffffffff Real             1484730            1480944      0 2-ACTIVE                  VGA Refresh
00:03:45.053003 000071bc8021c300 ffffffff 00000003 ffffffff Real             1484730            1481510      0 2-ACTIVE                  CPU Load Timer
00:03:45.053007 000071bc78004280 ffffffff ffffffff ffffffff Virt        219592049688       223564810900      0 2-ACTIVE                  Heartbeat flatlined
00:03:45.053011 000071bc7ab06080 00000004 ffffffff ffffffff VrSy        219564161777       219565093633   1073 2-ACTIVE                  APIC Timer 0
00:03:45.053014 000071bc7ab06200 00000009 00000001 ffffffff VrSy        219564161777       219990000000      0 2-ACTIVE                  MC146818 RTC Second
00:03:45.053018 000071bc7ab06480 ffffffff 00000004 ffffffff VrSy        219564161777       599932015941      0 2-ACTIVE                  ACPI PM
00:03:45.053021 ***
00:03:45.053028 Guest GDT (GCAddr=fffffe05df46a000 limit=7f):
00:03:45.053050 0008 - 0000ffff 00cf9b00 - base=00000000 limit=ffffffff dpl=0 CodeER Accessed Present Page 32-bit 
00:03:45.053052 0010 - 0000ffff 00af9b00 - base=00000000 limit=ffffffff dpl=0 CodeER Accessed Present Page 16-bit 
00:03:45.053054 0018 - 0000ffff 00cf9300 - base=00000000 limit=ffffffff dpl=0 DataRW Accessed Present Page 32-bit 
00:03:45.053056 0020 - 0000ffff 00cffb00 - base=00000000 limit=ffffffff dpl=3 CodeER Accessed Present Page 32-bit 
00:03:45.053058 0028 - 0000ffff 00cff300 - base=00000000 limit=ffffffff dpl=3 DataRW Accessed Present Page 32-bit 
00:03:45.053073 0030 - 0000ffff 00affb00 - base=00000000 limit=ffffffff dpl=3 CodeER Accessed Present Page 16-bit 
00:03:45.053076 0040 - c0004087 df008b46 - base=df46c000 limit=00004087 dpl=0 TSS32Busy Present 16-bit 
00:03:45.053080 0078 - 00000000 0040f500 - base=00000000 limit=00000000 dpl=3 DataDownRO Accessed Present 32-bit 
00:03:45.053081 ************** End of Guest state at power off ***************
00:03:45.053164 Display::i_handleDisplayResize: uScreenId=0 pvVRAM=0000000000000000 w=1280 h=800 bpp=0 cbLine=0x0 flags=0x2 origin=0,0
00:03:45.053202 ERROR [COM]: aRC=E_ACCESSDENIED (0x80070005) aIID={6ac83d89-6ee7-4e33-8ae6-b257b2e81be8} aComponent={ConsoleWrap} aText={The virtual machine is being powered down}, preserve=false aResultDetail=0
00:03:45.054086 PDMR3PowerOff: 968 086 ns run time
00:03:45.054100 Changing the VM state from 'POWERING_OFF' to 'OFF'
00:03:45.060494 Changing the VM state from 'OFF' to 'DESTROYING'
00:03:45.060568 ************************* Statistics *************************
00:03:45.060603 /CPUM/MSR-Totals/Reads              23187 times
00:03:45.060607 /CPUM/MSR-Totals/ReadsRaisingGP         0 times
00:03:45.060610 /CPUM/MSR-Totals/ReadsUnknown           0 times
00:03:45.060613 /CPUM/MSR-Totals/Writes            500689 times
00:03:45.060616 /CPUM/MSR-Totals/WritesRaisingGP        0 times
00:03:45.060619 /CPUM/MSR-Totals/WritesToIgnoredBits        1 times
00:03:45.060622 /CPUM/MSR-Totals/WritesUnknown          0 times
00:03:45.060633 /Devices/8237A/DmaRun                   0 ticks/call (           0 ticks,       0 calls, max         0, min      -1)
00:03:45.060638 /Devices/IDE0/ATA0/Unit0/AtapiDMA        0 times
00:03:45.060640 /Devices/IDE0/ATA0/Unit0/AtapiPIO        0 times
00:03:45.060643 /Devices/IDE0/ATA0/Unit0/DMA            0 times
00:03:45.060645 /Devices/IDE0/ATA0/Unit0/PIO            0 times
00:03:45.060648 /Devices/IDE0/ATA0/Unit0/ReadBytes        0 bytes
00:03:45.060651 /Devices/IDE0/ATA0/Unit0/StatusYields        0 ticks/call (           0 ticks,       0 calls, max         0, min      -1)
00:03:45.060654 /Devices/IDE0/ATA0/Unit0/WrittenBytes        0 bytes
00:03:45.060656 /Devices/IDE0/ATA0/Unit1/AtapiDMA        0 times
00:03:45.060659 /Devices/IDE0/ATA0/Unit1/AtapiPIO        0 times
00:03:45.060661 /Devices/IDE0/ATA0/Unit1/DMA            0 times
00:03:45.060664 /Devices/IDE0/ATA0/Unit1/PIO            0 times
00:03:45.060667 /Devices/IDE0/ATA0/Unit1/ReadBytes        0 bytes
00:03:45.060670 /Devices/IDE0/ATA0/Unit1/StatusYields        0 ticks/call (           0 ticks,       0 calls, max         0, min      -1)
00:03:45.060673 /Devices/IDE0/ATA0/Unit1/WrittenBytes        0 bytes
00:03:45.060676 /Devices/IDE0/ATA1/Unit0/AtapiDMA        2 times
00:03:45.060678 /Devices/IDE0/ATA1/Unit0/AtapiPIO      143 times
00:03:45.060681 /Devices/IDE0/ATA1/Unit0/DMA            0 times
00:03:45.060684 /Devices/IDE0/ATA1/Unit0/PIO            0 times
00:03:45.060686 /Devices/IDE0/ATA1/Unit0/ReadBytes        0 bytes
00:03:45.060689 /Devices/IDE0/ATA1/Unit0/StatusYields     9852 ticks/call (      768512 ticks,      78 calls, max     20896, min    4608)
00:03:45.060692 /Devices/IDE0/ATA1/Unit0/WrittenBytes        0 bytes
00:03:45.060695 /Devices/IDE0/ATA1/Unit1/AtapiDMA        0 times
00:03:45.060710 /Devices/IDE0/ATA1/Unit1/AtapiPIO        0 times
00:03:45.060713 /Devices/IDE0/ATA1/Unit1/DMA            0 times
00:03:45.060716 /Devices/IDE0/ATA1/Unit1/PIO            0 times
00:03:45.060718 /Devices/IDE0/ATA1/Unit1/ReadBytes        0 bytes
00:03:45.060721 /Devices/IDE0/ATA1/Unit1/StatusYields        0 ticks/call (           0 ticks,       0 calls, max         0, min      -1)
00:03:45.060724 /Devices/IDE0/ATA1/Unit1/WrittenBytes        0 bytes
00:03:45.060727 /Devices/VMMDev/BalloonChunks           0 count
00:03:45.060730 /Devices/VMMDev/FastIrqAckR3            0 count
00:03:45.060733 /Devices/VMMDev/FastIrqAckRZ            0 count
00:03:45.060736 /Devices/VMMDev/HGCM-Kernel/BudgetAvailable 694820693 bytes
00:03:45.060738 /Devices/VMMDev/HGCM-Kernel/BudgetConfig 694820693 bytes
00:03:45.060741 /Devices/VMMDev/HGCM-Kernel/BudgetOverruns        0 bytes
00:03:45.060744 /Devices/VMMDev/HGCM-Kernel/MessageHeapUsage        0 bytes/call (           0 bytes,       0 calls, max         0, min      -1)
00:03:45.060747 /Devices/VMMDev/HGCM-Root/BudgetAvailable 694820693 bytes
00:03:45.060750 /Devices/VMMDev/HGCM-Root/BudgetConfig 694820693 bytes
00:03:45.060753 /Devices/VMMDev/HGCM-Root/BudgetOverruns        0 bytes
00:03:45.060755 /Devices/VMMDev/HGCM-Root/MessageHeapUsage        0 bytes/call (           0 bytes,       0 calls, max         0, min      -1)
00:03:45.060759 /Devices/VMMDev/HGCM-User/BudgetAvailable 694820693 bytes
00:03:45.060761 /Devices/VMMDev/HGCM-User/BudgetConfig 694820693 bytes
00:03:45.060764 /Devices/VMMDev/HGCM-User/BudgetOverruns        0 bytes
00:03:45.060767 /Devices/VMMDev/HGCM-User/MessageHeapUsage        0 bytes/call (           0 bytes,       0 calls, max         0, min      -1)
00:03:45.060770 /Devices/VMMDev/LargeReqBufAllocs        0 count
00:03:45.060773 /Devices/VMMDev/SlowIrqAck           1775 count
00:03:45.060776 /Devices/apic/0                    256144 times
00:03:45.060780 /Devices/apic/0/Vectors/22            311 times
00:03:45.060783 /Devices/apic/0/Vectors/23           2395 times
00:03:45.060786 /Devices/apic/0/Vectors/24             25 times
00:03:45.060788 /Devices/apic/0/Vectors/25            306 times
00:03:45.060791 /Devices/apic/0/Vectors/26             98 times
00:03:45.060794 /Devices/apic/0/Vectors/28          18816 times
00:03:45.060797 /Devices/apic/0/Vectors/29           1775 times
00:03:45.060800 /Devices/apic/0/Vectors/30            145 times
00:03:45.060806 /Devices/apic/0/Vectors/ec         232273 times
00:03:45.060810 /Devices/e1000#0/ReceiveBytes      970886 bytes
00:03:45.060812 /Devices/e1000#0/TransmitBytes     231097 bytes
00:03:45.060815 /Devices/e1000#0/iStatIntLost           0 ns
00:03:45.060818 /Devices/e1000#0/iStatIntLostOne        0 ns
00:03:45.060820 /Devices/e1000#0/u64ArmedAt             0 ns
00:03:45.060823 /Devices/e1000#0/uStatDescCtx        1399 ns
00:03:45.060826 /Devices/e1000#0/uStatDescDat        1975 ns
00:03:45.060829 /Devices/e1000#0/uStatDescLeg          84 ns
00:03:45.060831 /Devices/e1000#0/uStatInt            2480 ns
00:03:45.060834 /Devices/e1000#0/uStatIntEarly          0 ns
00:03:45.060836 /Devices/e1000#0/uStatIntICS          101 ns
00:03:45.060839 /Devices/e1000#0/uStatIntIMS          241 ns
00:03:45.060841 /Devices/e1000#0/uStatIntLate         161 ns
00:03:45.060844 /Devices/e1000#0/uStatIntLower         85 ns
00:03:45.060846 /Devices/e1000#0/uStatIntMasked       361 ns
00:03:45.060849 /Devices/e1000#0/uStatIntRDTR           0 ns
00:03:45.060851 /Devices/e1000#0/uStatIntRXDMT0         0 ns
00:03:45.060854 /Devices/e1000#0/uStatIntRx          1860 ns
00:03:45.060856 /Devices/e1000#0/uStatIntSkip        2032 ns
00:03:45.060859 /Devices/e1000#0/uStatIntTXQE           0 ns
00:03:45.060861 /Devices/e1000#0/uStatIntTry         4873 ns
00:03:45.060863 /Devices/e1000#0/uStatIntTx          1483 ns
00:03:45.060866 /Devices/e1000#0/uStatMaxTxDelay        0 ns
00:03:45.060868 /Devices/e1000#0/uStatNoIntICR          0 ns
00:03:45.060871 /Devices/e1000#0/uStatRAD               0 ns
00:03:45.060881 /Devices/e1000#0/uStatRID               0 ns
00:03:45.060883 /Devices/e1000#0/uStatRxFrm          1860 ns
00:03:45.060886 /Devices/e1000#0/uStatTAD               0 ns
00:03:45.060888 /Devices/e1000#0/uStatTID               0 ns
00:03:45.060891 /Devices/e1000#0/uStatTx1514         1474 ns
00:03:45.060894 /Devices/e1000#0/uStatTx16384           0 ns
00:03:45.060896 /Devices/e1000#0/uStatTx2962            2 ns
00:03:45.060898 /Devices/e1000#0/uStatTx32768           0 ns
00:03:45.060901 /Devices/e1000#0/uStatTx4410            3 ns
00:03:45.060904 /Devices/e1000#0/uStatTx5858            0 ns
00:03:45.060906 /Devices/e1000#0/uStatTx7306            1 ns
00:03:45.060909 /Devices/e1000#0/uStatTx8754            3 ns
00:03:45.060911 /Devices/e1000#0/uStatTxDelayExp        0 ns
00:03:45.060914 /Devices/e1000#0/uStatTxDelayed         0 ns
00:03:45.060916 /Devices/e1000#0/uStatTxFrm          1483 ns
00:03:45.060918 /Devices/e1000#0/uStatTxIDE             0 ns
00:03:45.060920 /Devices/e1000#0/uStatTxLarge           0 ns
00:03:45.060922 /Devices/e1000#0/uStatTxNoRS         1975 ns
00:03:45.060926 /Devices/ichac97/Stream0/ReSetUp-Change      147 ns/call (        1324 ns,       9 calls, max       191, min     130)
00:03:45.060929 /Devices/ichac97/Stream0/Reset        601 ns/call (         601 ns,       1 calls, max       601, min     601)
00:03:45.060932 /Devices/ichac97/Stream0/WriteBdBar        9 times
00:03:45.060934 /Devices/ichac97/Stream0/WriteCr        2 times
00:03:45.060936 /Devices/ichac97/Stream0/WriteLvi        8 times
00:03:45.060938 /Devices/ichac97/Stream0/WriteSr-1byte        8 times
00:03:45.060941 /Devices/ichac97/Stream0/reg-CR         0 
00:03:45.060943 /Devices/ichac97/Stream0/reg-SR         1 
00:03:45.060945 /Devices/ichac97/Stream1/ReSetUp-Change     1587 ns/call (       14288 ns,       9 calls, max     13125, min     140)
00:03:45.060948 /Devices/ichac97/Stream1/Reset        190 ns/call (         190 ns,       1 calls, max       190, min     190)
00:03:45.060952 /Devices/ichac97/Stream1/WriteBdBar        8 times
00:03:45.060954 /Devices/ichac97/Stream1/WriteCr        2 times
00:03:45.060957 /Devices/ichac97/Stream1/WriteLvi        7 times
00:03:45.060959 /Devices/ichac97/Stream1/WriteSr-1byte        7 times
00:03:45.060962 /Devices/ichac97/Stream1/reg-CR         0 
00:03:45.060964 /Devices/ichac97/Stream1/reg-SR         1 
00:03:45.060968 /Devices/ichac97/Stream2/ReSetUp-Change      204 ns/call (        1843 ns,       9 calls, max       290, min     140)
00:03:45.060971 /Devices/ichac97/Stream2/Reset        120 ns/call (         120 ns,       1 calls, max       120, min     120)
00:03:45.060975 /Devices/ichac97/Stream2/WriteBdBar        2 times
00:03:45.060977 /Devices/ichac97/Stream2/WriteCr        2 times
00:03:45.060979 /Devices/ichac97/Stream2/WriteLvi        1 times
00:03:45.060981 /Devices/ichac97/Stream2/WriteSr-1byte        1 times
00:03:45.060983 /Devices/ichac97/Stream2/reg-CR         0 
00:03:45.060985 /Devices/ichac97/Stream2/reg-SR         1 
00:03:45.060987 /Devices/ichac97/UnimplementedNabmReads        0 times
00:03:45.060989 /Devices/ichac97/UnimplementedNabmWrites       16 times
00:03:45.060992 /Devices/ichac97/UnimplementedNamReads        0 times
00:03:45.060994 /Devices/ichac97/UnimplementedNamWrites       84 times
00:03:45.061002 /Devices/mc146818/Irq                   0 times
00:03:45.061004 /Devices/mc146818/IrqClear              0 times
00:03:45.061007 /Devices/mc146818/PiActive              0 ticks/call (           0 ticks,       0 calls, max         0, min      -1)
00:03:45.061009 /Devices/mc146818/PieFlip               0 times
00:03:45.061011 /Devices/mc146818/TimerCB               0 times
00:03:45.061015 /Devices/vga/HgmsiMdaCgaAccesses        0 times
00:03:45.061017 /Devices/vga/VMSVGA/Cmd/3dActivateSurface        0 times
00:03:45.061020 /Devices/vga/VMSVGA/Cmd/3dBeginQuery        0 times
00:03:45.061022 /Devices/vga/VMSVGA/Cmd/3dBlitSurfaceToScreenProf        0 ticks/call (           0 ticks,       0 calls, max         0, min      -1)
00:03:45.061026 /Devices/vga/VMSVGA/Cmd/3dClear         0 times
00:03:45.061035 /Devices/vga/VMSVGA/Cmd/3dContextDefine        0 times
00:03:45.061037 /Devices/vga/VMSVGA/Cmd/3dContextDestroy        0 times
00:03:45.061040 /Devices/vga/VMSVGA/Cmd/3dDeactivateSurface        0 times
00:03:45.061043 /Devices/vga/VMSVGA/Cmd/3dDrawPrimitives        0 times
00:03:45.061045 /Devices/vga/VMSVGA/Cmd/3dEndQuery        0 times
00:03:45.061047 /Devices/vga/VMSVGA/Cmd/3dGenerateMipmaps        0 times
00:03:45.061050 /Devices/vga/VMSVGA/Cmd/3dPresent        0 times
00:03:45.061052 /Devices/vga/VMSVGA/Cmd/3dPresentReadBack        0 times
00:03:45.061055 /Devices/vga/VMSVGA/Cmd/3dSetClipPlane        0 times
00:03:45.061057 /Devices/vga/VMSVGA/Cmd/3dSetLightData        0 times
00:03:45.061067 /Devices/vga/VMSVGA/Cmd/3dSetLightEnable        0 times
00:03:45.061077 /Devices/vga/VMSVGA/Cmd/3dSetMaterial        0 times
00:03:45.061080 /Devices/vga/VMSVGA/Cmd/3dSetRenderState        0 times
00:03:45.061082 /Devices/vga/VMSVGA/Cmd/3dSetRenderTarget        0 times
00:03:45.061085 /Devices/vga/VMSVGA/Cmd/3dSetScissorRect        0 times
00:03:45.061087 /Devices/vga/VMSVGA/Cmd/3dSetShader        0 times
00:03:45.061090 /Devices/vga/VMSVGA/Cmd/3dSetShaderConst        0 times
00:03:45.061093 /Devices/vga/VMSVGA/Cmd/3dSetTextureState        0 times
00:03:45.061095 /Devices/vga/VMSVGA/Cmd/3dSetTransform        0 times
00:03:45.061098 /Devices/vga/VMSVGA/Cmd/3dSetViewPort        0 times
00:03:45.061100 /Devices/vga/VMSVGA/Cmd/3dSetZRange        0 times
00:03:45.061103 /Devices/vga/VMSVGA/Cmd/3dShaderDefine        0 times
00:03:45.061105 /Devices/vga/VMSVGA/Cmd/3dShaderDestroy        0 times
00:03:45.061107 /Devices/vga/VMSVGA/Cmd/3dSurfaceCopy        0 times
00:03:45.061110 /Devices/vga/VMSVGA/Cmd/3dSurfaceDefine        0 times
00:03:45.061112 /Devices/vga/VMSVGA/Cmd/3dSurfaceDefineV2        0 times
00:03:45.061114 /Devices/vga/VMSVGA/Cmd/3dSurfaceDestroy        0 times
00:03:45.061116 /Devices/vga/VMSVGA/Cmd/3dSurfaceDma        0 times
00:03:45.061118 /Devices/vga/VMSVGA/Cmd/3dSurfaceScreen        0 times
00:03:45.061120 /Devices/vga/VMSVGA/Cmd/3dSurfaceStretchBlt        0 times
00:03:45.061122 /Devices/vga/VMSVGA/Cmd/3dWaitForQuery        0 times
00:03:45.061124 /Devices/vga/VMSVGA/Cmd/AnnotationCopy        0 times
00:03:45.061126 /Devices/vga/VMSVGA/Cmd/AnnotationFill        0 times
00:03:45.061128 /Devices/vga/VMSVGA/Cmd/BlitGmrFbToScreen      394 times
00:03:45.061130 /Devices/vga/VMSVGA/Cmd/BlitScreentoGmrFb        0 times
00:03:45.061132 /Devices/vga/VMSVGA/Cmd/DefineAlphaCursor      197 times
00:03:45.061134 /Devices/vga/VMSVGA/Cmd/DefineCursor        0 times
00:03:45.061136 /Devices/vga/VMSVGA/Cmd/DefineGmr2        2 times
00:03:45.061138 /Devices/vga/VMSVGA/Cmd/DefineGmr2/Free        0 times
00:03:45.061140 /Devices/vga/VMSVGA/Cmd/DefineGmr2/Modify        0 times
00:03:45.061142 /Devices/vga/VMSVGA/Cmd/DefineGmrFb      394 times
00:03:45.061144 /Devices/vga/VMSVGA/Cmd/DefineScreen        1 times
00:03:45.061145 /Devices/vga/VMSVGA/Cmd/DestroyScreen        0 times
00:03:45.061147 /Devices/vga/VMSVGA/Cmd/DisplayCursor        0 times
00:03:45.061149 /Devices/vga/VMSVGA/Cmd/Escape          0 times
00:03:45.061151 /Devices/vga/VMSVGA/Cmd/Fence         394 times
00:03:45.061153 /Devices/vga/VMSVGA/Cmd/InvalidCmd        0 times
00:03:45.061155 /Devices/vga/VMSVGA/Cmd/MoveCursor        0 times
00:03:45.061157 /Devices/vga/VMSVGA/Cmd/RectCopy        0 times
00:03:45.061159 /Devices/vga/VMSVGA/Cmd/RectFill        0 times
00:03:45.061161 /Devices/vga/VMSVGA/Cmd/RectRopCopy        0 times
00:03:45.061163 /Devices/vga/VMSVGA/Cmd/RemapGmr2        2 times
00:03:45.061165 /Devices/vga/VMSVGA/Cmd/RemapGmr2/Modify        0 times
00:03:45.061167 /Devices/vga/VMSVGA/Cmd/Update          0 times
00:03:45.061169 /Devices/vga/VMSVGA/Cmd/UpdateVerbose        0 times
00:03:45.061171 /Devices/vga/VMSVGA/EmtDelayOnBusyFifo        0 ticks/call (           0 ticks,       0 calls, max         0, min      -1)
00:03:45.061173 /Devices/vga/VMSVGA/FifoCommands        0 times
00:03:45.061176 /Devices/vga/VMSVGA/FifoCursorFetchAgain        0 times
00:03:45.061184 /Devices/vga/VMSVGA/FifoCursorNoChange      195 times
00:03:45.061186 /Devices/vga/VMSVGA/FifoCursorPosition      644 times
00:03:45.061189 /Devices/vga/VMSVGA/FifoCursorVisiblity        1 times
00:03:45.061191 /Devices/vga/VMSVGA/FifoErrors          0 times
00:03:45.061194 /Devices/vga/VMSVGA/FifoExtendedSleep 3212759818 ticks/call (636126444000 ticks,     198 calls, max 49471431712, min   10880)
00:03:45.061197 /Devices/vga/VMSVGA/FifoStalls          0 ticks/call (           0 ticks,       0 calls, max         0, min      -1)
00:03:45.061201 /Devices/vga/VMSVGA/FifoTodoTimeout      288 times
00:03:45.061203 /Devices/vga/VMSVGA/FifoTodoWoken      837 times
00:03:45.061206 /Devices/vga/VMSVGA/FifoUnknownCommands        0 times
00:03:45.061208 /Devices/vga/VMSVGA/FifoWatchdogWakeUps      244 times
00:03:45.061211 /Devices/vga/VMSVGA/Reg/BitsPerPixelRead        0 times
00:03:45.061213 /Devices/vga/VMSVGA/Reg/BitsPerPixelWrite        0 times
00:03:45.061216 /Devices/vga/VMSVGA/Reg/BlueMaskRead        0 times
00:03:45.061218 /Devices/vga/VMSVGA/Reg/BusyRead        0 times
00:03:45.061221 /Devices/vga/VMSVGA/Reg/BusyWrite        0 times
00:03:45.061223 /Devices/vga/VMSVGA/Reg/BytesPerLineRead        0 times
00:03:45.061226 /Devices/vga/VMSVGA/Reg/CapabilitesRead        1 times
00:03:45.061228 /Devices/vga/VMSVGA/Reg/CmdPrependHighRead        0 times
00:03:45.061231 /Devices/vga/VMSVGA/Reg/CmdPrependHighWrite        0 times
00:03:45.061233 /Devices/vga/VMSVGA/Reg/CmdPrependLowRead        0 times
00:03:45.061235 /Devices/vga/VMSVGA/Reg/CmdPrependLowWrite        0 times
00:03:45.061238 /Devices/vga/VMSVGA/Reg/CommandHighRead        0 times
00:03:45.061240 /Devices/vga/VMSVGA/Reg/CommandHighWrite      592 times
00:03:45.061243 /Devices/vga/VMSVGA/Reg/CommandLowRead        0 times
00:03:45.061245 /Devices/vga/VMSVGA/Reg/CommandLowWrite      592 times
00:03:45.061248 /Devices/vga/VMSVGA/Reg/ConfigDoneRead        1 times
00:03:45.061250 /Devices/vga/VMSVGA/Reg/ConfigDoneWrite        1 times
00:03:45.061253 /Devices/vga/VMSVGA/Reg/CursorIdRead        0 times
00:03:45.061256 /Devices/vga/VMSVGA/Reg/CursorIdWrite        0 times
00:03:45.061258 /Devices/vga/VMSVGA/Reg/CursorOnRead        0 times
00:03:45.061261 /Devices/vga/VMSVGA/Reg/CursorOnWrite        0 times
00:03:45.061263 /Devices/vga/VMSVGA/Reg/CursorXRead        0 times
00:03:45.061266 /Devices/vga/VMSVGA/Reg/CursorXWrite        0 times
00:03:45.061268 /Devices/vga/VMSVGA/Reg/CursorYRead        0 times
00:03:45.061271 /Devices/vga/VMSVGA/Reg/CursorYWrite        0 times
00:03:45.061273 /Devices/vga/VMSVGA/Reg/DepthRead        0 times
00:03:45.061275 /Devices/vga/VMSVGA/Reg/DepthWrite        0 times
00:03:45.061278 /Devices/vga/VMSVGA/Reg/DevCapRead        0 times
00:03:45.061280 /Devices/vga/VMSVGA/Reg/DevCapWrite        0 times
00:03:45.061282 /Devices/vga/VMSVGA/Reg/DisplayHeightRead        0 times
00:03:45.061284 /Devices/vga/VMSVGA/Reg/DisplayHeightWrite        0 times
00:03:45.061287 /Devices/vga/VMSVGA/Reg/DisplayIdRead        0 times
00:03:45.061289 /Devices/vga/VMSVGA/Reg/DisplayIdWrite        0 times
00:03:45.061291 /Devices/vga/VMSVGA/Reg/DisplayIsPrimaryRead        0 times
00:03:45.061294 /Devices/vga/VMSVGA/Reg/DisplayIsPrimaryWrite        0 times
00:03:45.061296 /Devices/vga/VMSVGA/Reg/DisplayPositionXRead        0 times
00:03:45.061298 /Devices/vga/VMSVGA/Reg/DisplayPositionXWrite        0 times
00:03:45.061301 /Devices/vga/VMSVGA/Reg/DisplayPositionYRead        0 times
00:03:45.061303 /Devices/vga/VMSVGA/Reg/DisplayPositionYWrite        0 times
00:03:45.061306 /Devices/vga/VMSVGA/Reg/DisplayWidthRead        0 times
00:03:45.061308 /Devices/vga/VMSVGA/Reg/DisplayWidthWrite        0 times
00:03:45.061311 /Devices/vga/VMSVGA/Reg/EnableRead        1 times
00:03:45.061313 /Devices/vga/VMSVGA/Reg/EnableWrite        4 times
00:03:45.061316 /Devices/vga/VMSVGA/Reg/FbOffsetRead        0 times
00:03:45.061318 /Devices/vga/VMSVGA/Reg/FbSizeRead        0 times
00:03:45.061321 /Devices/vga/VMSVGA/Reg/FbStartRead        0 times
00:03:45.061360 /Devices/vga/VMSVGA/Reg/GBMemSizeRead        0 times
00:03:45.061362 /Devices/vga/VMSVGA/Reg/GmrDescriptorWrite        0 times
00:03:45.061365 /Devices/vga/VMSVGA/Reg/GmrDescriptorWrite/Errors        0 times
00:03:45.061367 /Devices/vga/VMSVGA/Reg/GmrDescriptorWrite/Free        0 times
00:03:45.061369 /Devices/vga/VMSVGA/Reg/GmrIdRead        0 times
00:03:45.061372 /Devices/vga/VMSVGA/Reg/GmrIdWrite        0 times
00:03:45.061374 /Devices/vga/VMSVGA/Reg/GmrMaxDescriptorLengthRead        0 times
00:03:45.061376 /Devices/vga/VMSVGA/Reg/GmrMaxIdsRead        1 times
00:03:45.061379 /Devices/vga/VMSVGA/Reg/GmrsMaxPagesRead        1 times
00:03:45.061382 /Devices/vga/VMSVGA/Reg/GreenMaskRead        0 times
00:03:45.061384 /Devices/vga/VMSVGA/Reg/GuestIdRead        0 times
00:03:45.061386 /Devices/vga/VMSVGA/Reg/GuestIdWrite        0 times
00:03:45.061389 /Devices/vga/VMSVGA/Reg/HeightRead        2 times
00:03:45.061392 /Devices/vga/VMSVGA/Reg/HeightWrite        0 times
00:03:45.061395 /Devices/vga/VMSVGA/Reg/HostBitsPerPixelRead        0 times
00:03:45.061397 /Devices/vga/VMSVGA/Reg/IdRead          1 times
00:03:45.061399 /Devices/vga/VMSVGA/Reg/IdWrite         1 times
00:03:45.061402 /Devices/vga/VMSVGA/Reg/IrqMaskRead        0 times
00:03:45.061405 /Devices/vga/VMSVGA/Reg/IrqMaskWrite        1 times
00:03:45.061408 /Devices/vga/VMSVGA/Reg/MaxHeightRead        1 times
00:03:45.061411 /Devices/vga/VMSVGA/Reg/MaxPrimBBMemRead        0 times
00:03:45.061414 /Devices/vga/VMSVGA/Reg/MaxWidthRead        1 times
00:03:45.061417 /Devices/vga/VMSVGA/Reg/MemRegsRead        1 times
00:03:45.061420 /Devices/vga/VMSVGA/Reg/MemSizeRead        1 times
00:03:45.061422 /Devices/vga/VMSVGA/Reg/MemStartRead        0 times
00:03:45.061424 /Devices/vga/VMSVGA/Reg/MemorySizeRead        1 times
00:03:45.061428 /Devices/vga/VMSVGA/Reg/MobMaxSizeRead        0 times
00:03:45.061431 /Devices/vga/VMSVGA/Reg/NumDisplaysRead       88 times
00:03:45.061433 /Devices/vga/VMSVGA/Reg/NumDisplaysWrite        0 times
00:03:45.061436 /Devices/vga/VMSVGA/Reg/NumGuestDisplaysRead        0 times
00:03:45.061439 /Devices/vga/VMSVGA/Reg/NumGuestDisplaysWrite        0 times
00:03:45.061441 /Devices/vga/VMSVGA/Reg/PaletteRead        0 times
00:03:45.061444 /Devices/vga/VMSVGA/Reg/PaletteWrite      768 times
00:03:45.061446 /Devices/vga/VMSVGA/Reg/PitchLockRead        0 times
00:03:45.061448 /Devices/vga/VMSVGA/Reg/PitchLockWrite        0 times
00:03:45.061451 /Devices/vga/VMSVGA/Reg/PseudoColorWrite        0 times
00:03:45.061453 /Devices/vga/VMSVGA/Reg/PsuedoColorRead        0 times
00:03:45.061455 /Devices/vga/VMSVGA/Reg/ReadOnlyWrite        0 times
00:03:45.061458 /Devices/vga/VMSVGA/Reg/RedMaskRead        0 times
00:03:45.061460 /Devices/vga/VMSVGA/Reg/ScratchRead        0 times
00:03:45.061462 /Devices/vga/VMSVGA/Reg/ScratchSizeRead        0 times
00:03:45.061465 /Devices/vga/VMSVGA/Reg/ScratchWrite        0 times
00:03:45.061467 /Devices/vga/VMSVGA/Reg/ScrnTgtMaxHeightRead        0 times
00:03:45.061470 /Devices/vga/VMSVGA/Reg/ScrnTgtMaxWidthRead        0 times
00:03:45.061473 /Devices/vga/VMSVGA/Reg/SyncRead        0 times
00:03:45.061479 /Devices/vga/VMSVGA/Reg/SyncWrite        0 times
00:03:45.061495 /Devices/vga/VMSVGA/Reg/TopRead         0 times
00:03:45.061506 /Devices/vga/VMSVGA/Reg/TopWrite        0 times
00:03:45.061509 /Devices/vga/VMSVGA/Reg/TracesRead        1 times
00:03:45.061511 /Devices/vga/VMSVGA/Reg/TracesWrite        1 times
00:03:45.061513 /Devices/vga/VMSVGA/Reg/UnknownRead        0 times
00:03:45.061516 /Devices/vga/VMSVGA/Reg/UnknownWrite        0 times
00:03:45.061518 /Devices/vga/VMSVGA/Reg/VramSizeRead        1 times
00:03:45.061521 /Devices/vga/VMSVGA/Reg/WidthRead        2 times
00:03:45.061523 /Devices/vga/VMSVGA/Reg/WidthWrite        0 times
00:03:45.061525 /Devices/vga/VMSVGA/Reg/WriteOnlyRead        0 times
00:03:45.061529 /Drivers/AUDIO-0/TotalStreamsCreated        0 count
00:03:45.061545 /Drivers/AUDIO-1/TotalStreamsCreated        0 count
00:03:45.061569 /EM/CPU0/ExitHashing/Used               0 times
00:03:45.061573 /EM/CPU0/ExitOpt/Exec                   0 ticks/call (           0 ticks,       0 calls, max         0, min      -1)
00:03:45.061583 /EM/CPU0/ExitOpt/ExecInstructions        0 times
00:03:45.061586 /EM/CPU0/ExitOpt/ExecSavedExit          0 times
00:03:45.061588 /EM/CPU0/ExitOpt/Probe                  0 ticks/call (           0 ticks,       0 calls, max         0, min      -1)
00:03:45.061592 /EM/CPU0/ExitOpt/ProbeInstructions        0 times
00:03:45.061594 /EM/CPU0/ExitOpt/ProbedExecWithMax        0 times
00:03:45.061596 /EM/CPU0/ExitOpt/ProbedNormal           0 times
00:03:45.061599 /EM/CPU0/ExitOpt/ProbedToRing3          0 times
00:03:45.061602 /GMM/ChunkTlbHits                       0 times
00:03:45.061605 /GMM/ChunkTlbMisses                     0 times
00:03:45.061629 /GMM/VM/Allocated/cBasePages       631569 pages
00:03:45.061632 /GMM/VM/Allocated/cFixedPages           0 pages
00:03:45.061635 /GMM/VM/Allocated/cShadowPages          0 pages
00:03:45.061638 /GMM/VM/Reserved/cBasePages        675175 pages
00:03:45.061640 /GMM/VM/Reserved/cFixedPages         5636 pages
00:03:45.061643 /GMM/VM/Reserved/cShadowPages           1 pages
00:03:45.061646 /GMM/VM/cBalloonedPages                 0 pages
00:03:45.061648 /GMM/VM/cMaxBalloonedPages              0 pages
00:03:45.061652 /GMM/VM/cPrivatePages              631569 pages
00:03:45.061654 /GMM/VM/cReqActuallyBalloonedPages        0 pages
00:03:45.061657 /GMM/VM/cReqBalloonedPages              0 pages
00:03:45.061660 /GMM/VM/cReqDeflatePages                0 pages
00:03:45.061662 /GMM/VM/cShareableModules               0 count
00:03:45.061665 /GMM/VM/cSharedPages                    0 pages
00:03:45.061668 /GMM/VM/enmPolicy                       1 
00:03:45.061670 /GMM/VM/enmPriority                     2 
00:03:45.061673 /GMM/VM/fBallooningEnabled       false    
00:03:45.061676 /GMM/VM/fMayAllocate             true     
00:03:45.061678 /GMM/VM/fSharedPagingEnabled     false    
00:03:45.061681 /GMM/cAllocatedPages               631569 pages
00:03:45.061684 /GMM/cBalloonedPages                    0 pages
00:03:45.061687 /GMM/cChunks                         1234 count
00:03:45.061690 /GMM/cDuplicatePages                    0 pages
00:03:45.061692 /GMM/cFreedChunks                       0 count
00:03:45.061695 /GMM/cLeftBehindSharedPages             0 pages
00:03:45.061698 /GMM/cMaxPages                   4294967295 pages
00:03:45.061701 /GMM/cOverCommittedPages                0 pages
00:03:45.061704 /GMM/cReservedPages                680812 pages
00:03:45.061707 /GMM/cShareableModules                  0 count
00:03:45.061709 /GMM/cSharedPages                       0 pages
00:03:45.061712 /GMM/idFreeGeneration            4611686018427387775 
00:03:45.061858 /GVMM/EMTs                              1 count
00:03:45.061863 /GVMM/HostCPUs                         32 count
00:03:45.061866 /GVMM/HostCpus/0                        0 
00:03:45.061868 /GVMM/HostCpus/0/CurTimerHz             0 Hz
00:03:45.061871 /GVMM/HostCpus/0/DesiredHz              0 Hz
00:03:45.061874 /GVMM/HostCpus/0/PPTChanges             0 times
00:03:45.061876 /GVMM/HostCpus/0/PPTStarts            129 times
00:03:45.061879 /GVMM/HostCpus/0/idxCpuSet              0 
00:03:45.061881 /GVMM/HostCpus/1                        1 
00:03:45.061884 /GVMM/HostCpus/1/CurTimerHz             0 Hz
00:03:45.061887 /GVMM/HostCpus/1/DesiredHz              0 Hz
00:03:45.061889 /GVMM/HostCpus/1/PPTChanges             0 times
00:03:45.061892 /GVMM/HostCpus/1/PPTStarts            126 times
00:03:45.061894 /GVMM/HostCpus/1/idxCpuSet              1 
00:03:45.061897 /GVMM/HostCpus/10                      10 
00:03:45.061900 /GVMM/HostCpus/10/CurTimerHz            0 Hz
00:03:45.061902 /GVMM/HostCpus/10/DesiredHz             0 Hz
00:03:45.061905 /GVMM/HostCpus/10/PPTChanges            0 times
00:03:45.061907 /GVMM/HostCpus/10/PPTStarts             0 times
00:03:45.061910 /GVMM/HostCpus/10/idxCpuSet            10 
00:03:45.061912 /GVMM/HostCpus/11                      11 
00:03:45.061915 /GVMM/HostCpus/11/CurTimerHz            0 Hz
00:03:45.061918 /GVMM/HostCpus/11/DesiredHz             0 Hz
00:03:45.061926 /GVMM/HostCpus/11/PPTChanges            0 times
00:03:45.061928 /GVMM/HostCpus/11/PPTStarts             0 times
00:03:45.061930 /GVMM/HostCpus/11/idxCpuSet            11 
00:03:45.061932 /GVMM/HostCpus/12                      12 
00:03:45.061934 /GVMM/HostCpus/12/CurTimerHz            0 Hz
00:03:45.061936 /GVMM/HostCpus/12/DesiredHz             0 Hz
00:03:45.061938 /GVMM/HostCpus/12/PPTChanges            0 times
00:03:45.061940 /GVMM/HostCpus/12/PPTStarts             0 times
00:03:45.061942 /GVMM/HostCpus/12/idxCpuSet            12 
00:03:45.061944 /GVMM/HostCpus/13                      13 
00:03:45.061946 /GVMM/HostCpus/13/CurTimerHz            0 Hz
00:03:45.061948 /GVMM/HostCpus/13/DesiredHz             0 Hz
00:03:45.061950 /GVMM/HostCpus/13/PPTChanges            0 times
00:03:45.061952 /GVMM/HostCpus/13/PPTStarts             0 times
00:03:45.061954 /GVMM/HostCpus/13/idxCpuSet            13 
00:03:45.061956 /GVMM/HostCpus/14                      14 
00:03:45.061959 /GVMM/HostCpus/14/CurTimerHz            0 Hz
00:03:45.061961 /GVMM/HostCpus/14/DesiredHz             0 Hz
00:03:45.061963 /GVMM/HostCpus/14/PPTChanges            0 times
00:03:45.061965 /GVMM/HostCpus/14/PPTStarts             0 times
00:03:45.061967 /GVMM/HostCpus/14/idxCpuSet            14 
00:03:45.061969 /GVMM/HostCpus/15                      15 
00:03:45.061971 /GVMM/HostCpus/15/CurTimerHz            0 Hz
00:03:45.061973 /GVMM/HostCpus/15/DesiredHz             0 Hz
00:03:45.061975 /GVMM/HostCpus/15/PPTChanges            0 times
00:03:45.061977 /GVMM/HostCpus/15/PPTStarts             0 times
00:03:45.061979 /GVMM/HostCpus/15/idxCpuSet            15 
00:03:45.061981 /GVMM/HostCpus/16                      16 
00:03:45.061983 /GVMM/HostCpus/16/CurTimerHz            0 Hz
00:03:45.061985 /GVMM/HostCpus/16/DesiredHz             0 Hz
00:03:45.061987 /GVMM/HostCpus/16/PPTChanges            0 times
00:03:45.061989 /GVMM/HostCpus/16/PPTStarts             0 times
00:03:45.061992 /GVMM/HostCpus/16/idxCpuSet            16 
00:03:45.061994 /GVMM/HostCpus/17                      17 
00:03:45.061997 /GVMM/HostCpus/17/CurTimerHz            0 Hz
00:03:45.061999 /GVMM/HostCpus/17/DesiredHz             0 Hz
00:03:45.062002 /GVMM/HostCpus/17/PPTChanges            0 times
00:03:45.062005 /GVMM/HostCpus/17/PPTStarts             0 times
00:03:45.062007 /GVMM/HostCpus/17/idxCpuSet            17 
00:03:45.062010 /GVMM/HostCpus/18                      18 
00:03:45.062012 /GVMM/HostCpus/18/CurTimerHz            0 Hz
00:03:45.062015 /GVMM/HostCpus/18/DesiredHz             0 Hz
00:03:45.062017 /GVMM/HostCpus/18/PPTChanges            0 times
00:03:45.062020 /GVMM/HostCpus/18/PPTStarts             0 times
00:03:45.062023 /GVMM/HostCpus/18/idxCpuSet            18 
00:03:45.062025 /GVMM/HostCpus/19                      19 
00:03:45.062028 /GVMM/HostCpus/19/CurTimerHz            0 Hz
00:03:45.062030 /GVMM/HostCpus/19/DesiredHz             0 Hz
00:03:45.062032 /GVMM/HostCpus/19/PPTChanges            0 times
00:03:45.062035 /GVMM/HostCpus/19/PPTStarts             0 times
00:03:45.062037 /GVMM/HostCpus/19/idxCpuSet            19 
00:03:45.062040 /GVMM/HostCpus/2                        2 
00:03:45.062043 /GVMM/HostCpus/2/CurTimerHz             0 Hz
00:03:45.062046 /GVMM/HostCpus/2/DesiredHz              0 Hz
00:03:45.062048 /GVMM/HostCpus/2/PPTChanges             0 times
00:03:45.062051 /GVMM/HostCpus/2/PPTStarts            116 times
00:03:45.062053 /GVMM/HostCpus/2/idxCpuSet              2 
00:03:45.062056 /GVMM/HostCpus/20                      20 
00:03:45.062058 /GVMM/HostCpus/20/CurTimerHz            0 Hz
00:03:45.062073 /GVMM/HostCpus/20/DesiredHz             0 Hz
00:03:45.062075 /GVMM/HostCpus/20/PPTChanges            0 times
00:03:45.062077 /GVMM/HostCpus/20/PPTStarts             0 times
00:03:45.062079 /GVMM/HostCpus/20/idxCpuSet            20 
00:03:45.062081 /GVMM/HostCpus/21                      21 
00:03:45.062084 /GVMM/HostCpus/21/CurTimerHz            0 Hz
00:03:45.062086 /GVMM/HostCpus/21/DesiredHz             0 Hz
00:03:45.062095 /GVMM/HostCpus/21/PPTChanges            0 times
00:03:45.062098 /GVMM/HostCpus/21/PPTStarts             0 times
00:03:45.062100 /GVMM/HostCpus/21/idxCpuSet            21 
00:03:45.062103 /GVMM/HostCpus/22                      22 
00:03:45.062105 /GVMM/HostCpus/22/CurTimerHz            0 Hz
00:03:45.062108 /GVMM/HostCpus/22/DesiredHz             0 Hz
00:03:45.062110 /GVMM/HostCpus/22/PPTChanges            0 times
00:03:45.062113 /GVMM/HostCpus/22/PPTStarts             0 times
00:03:45.062115 /GVMM/HostCpus/22/idxCpuSet            22 
00:03:45.062118 /GVMM/HostCpus/23                      23 
00:03:45.062121 /GVMM/HostCpus/23/CurTimerHz            0 Hz
00:03:45.062123 /GVMM/HostCpus/23/DesiredHz             0 Hz
00:03:45.062126 /GVMM/HostCpus/23/PPTChanges            0 times
00:03:45.062128 /GVMM/HostCpus/23/PPTStarts             0 times
00:03:45.062130 /GVMM/HostCpus/23/idxCpuSet            23 
00:03:45.062132 /GVMM/HostCpus/24                      24 
00:03:45.062135 /GVMM/HostCpus/24/CurTimerHz            0 Hz
00:03:45.062136 /GVMM/HostCpus/24/DesiredHz             0 Hz
00:03:45.062138 /GVMM/HostCpus/24/PPTChanges            0 times
00:03:45.062141 /GVMM/HostCpus/24/PPTStarts             0 times
00:03:45.062142 /GVMM/HostCpus/24/idxCpuSet            24 
00:03:45.062144 /GVMM/HostCpus/25                      25 
00:03:45.062147 /GVMM/HostCpus/25/CurTimerHz            0 Hz
00:03:45.062149 /GVMM/HostCpus/25/DesiredHz             0 Hz
00:03:45.062151 /GVMM/HostCpus/25/PPTChanges            0 times
00:03:45.062153 /GVMM/HostCpus/25/PPTStarts             0 times
00:03:45.062155 /GVMM/HostCpus/25/idxCpuSet            25 
00:03:45.062156 /GVMM/HostCpus/26                      26 
00:03:45.062159 /GVMM/HostCpus/26/CurTimerHz            0 Hz
00:03:45.062161 /GVMM/HostCpus/26/DesiredHz             0 Hz
00:03:45.062163 /GVMM/HostCpus/26/PPTChanges            0 times
00:03:45.062165 /GVMM/HostCpus/26/PPTStarts             0 times
00:03:45.062167 /GVMM/HostCpus/26/idxCpuSet            26 
00:03:45.062169 /GVMM/HostCpus/27                      27 
00:03:45.062171 /GVMM/HostCpus/27/CurTimerHz            0 Hz
00:03:45.062173 /GVMM/HostCpus/27/DesiredHz             0 Hz
00:03:45.062175 /GVMM/HostCpus/27/PPTChanges            0 times
00:03:45.062177 /GVMM/HostCpus/27/PPTStarts             0 times
00:03:45.062179 /GVMM/HostCpus/27/idxCpuSet            27 
00:03:45.062181 /GVMM/HostCpus/28                      28 
00:03:45.062183 /GVMM/HostCpus/28/CurTimerHz            0 Hz
00:03:45.062185 /GVMM/HostCpus/28/DesiredHz             0 Hz
00:03:45.062187 /GVMM/HostCpus/28/PPTChanges            0 times
00:03:45.062189 /GVMM/HostCpus/28/PPTStarts             0 times
00:03:45.062191 /GVMM/HostCpus/28/idxCpuSet            28 
00:03:45.062193 /GVMM/HostCpus/29                      29 
00:03:45.062195 /GVMM/HostCpus/29/CurTimerHz            0 Hz
00:03:45.062197 /GVMM/HostCpus/29/DesiredHz             0 Hz
00:03:45.062199 /GVMM/HostCpus/29/PPTChanges            0 times
00:03:45.062201 /GVMM/HostCpus/29/PPTStarts             0 times
00:03:45.062203 /GVMM/HostCpus/29/idxCpuSet            29 
00:03:45.062205 /GVMM/HostCpus/3                        3 
00:03:45.062207 /GVMM/HostCpus/3/CurTimerHz             0 Hz
00:03:45.062209 /GVMM/HostCpus/3/DesiredHz              0 Hz
00:03:45.062211 /GVMM/HostCpus/3/PPTChanges             0 times
00:03:45.062213 /GVMM/HostCpus/3/PPTStarts             97 times
00:03:45.062215 /GVMM/HostCpus/3/idxCpuSet              3 
00:03:45.062217 /GVMM/HostCpus/30                      30 
00:03:45.062219 /GVMM/HostCpus/30/CurTimerHz            0 Hz
00:03:45.062221 /GVMM/HostCpus/30/DesiredHz             0 Hz
00:03:45.062223 /GVMM/HostCpus/30/PPTChanges            0 times
00:03:45.062225 /GVMM/HostCpus/30/PPTStarts             0 times
00:03:45.062228 /GVMM/HostCpus/30/idxCpuSet            30 
00:03:45.062230 /GVMM/HostCpus/31                      31 
00:03:45.062233 /GVMM/HostCpus/31/CurTimerHz            0 Hz
00:03:45.062235 /GVMM/HostCpus/31/DesiredHz             0 Hz
00:03:45.062238 /GVMM/HostCpus/31/PPTChanges            0 times
00:03:45.062246 /GVMM/HostCpus/31/PPTStarts             0 times
00:03:45.062249 /GVMM/HostCpus/31/idxCpuSet            31 
00:03:45.062251 /GVMM/HostCpus/4                        4 
00:03:45.062254 /GVMM/HostCpus/4/CurTimerHz             0 Hz
00:03:45.062257 /GVMM/HostCpus/4/DesiredHz              0 Hz
00:03:45.062259 /GVMM/HostCpus/4/PPTChanges             0 times
00:03:45.062262 /GVMM/HostCpus/4/PPTStarts            111 times
00:03:45.062264 /GVMM/HostCpus/4/idxCpuSet              4 
00:03:45.062267 /GVMM/HostCpus/5                        5 
00:03:45.062270 /GVMM/HostCpus/5/CurTimerHz             0 Hz
00:03:45.062272 /GVMM/HostCpus/5/DesiredHz              0 Hz
00:03:45.062275 /GVMM/HostCpus/5/PPTChanges             0 times
00:03:45.062277 /GVMM/HostCpus/5/PPTStarts            122 times
00:03:45.062280 /GVMM/HostCpus/5/idxCpuSet              5 
00:03:45.062282 /GVMM/HostCpus/6                        6 
00:03:45.062285 /GVMM/HostCpus/6/CurTimerHz             0 Hz
00:03:45.062287 /GVMM/HostCpus/6/DesiredHz              0 Hz
00:03:45.062289 /GVMM/HostCpus/6/PPTChanges             0 times
00:03:45.062291 /GVMM/HostCpus/6/PPTStarts            104 times
00:03:45.062293 /GVMM/HostCpus/6/idxCpuSet              6 
00:03:45.062295 /GVMM/HostCpus/7                        7 
00:03:45.062298 /GVMM/HostCpus/7/CurTimerHz             0 Hz
00:03:45.062301 /GVMM/HostCpus/7/DesiredHz              0 Hz
00:03:45.062303 /GVMM/HostCpus/7/PPTChanges             0 times
00:03:45.062306 /GVMM/HostCpus/7/PPTStarts             96 times
00:03:45.062308 /GVMM/HostCpus/7/idxCpuSet              7 
00:03:45.062311 /GVMM/HostCpus/8                        8 
00:03:45.062314 /GVMM/HostCpus/8/CurTimerHz             0 Hz
00:03:45.062316 /GVMM/HostCpus/8/DesiredHz              0 Hz
00:03:45.062319 /GVMM/HostCpus/8/PPTChanges             0 times
00:03:45.062321 /GVMM/HostCpus/8/PPTStarts              0 times
00:03:45.062324 /GVMM/HostCpus/8/idxCpuSet              8 
00:03:45.062326 /GVMM/HostCpus/9                        9 
00:03:45.062328 /GVMM/HostCpus/9/CurTimerHz             0 Hz
00:03:45.062330 /GVMM/HostCpus/9/DesiredHz              0 Hz
00:03:45.062332 /GVMM/HostCpus/9/PPTChanges             0 times
00:03:45.062334 /GVMM/HostCpus/9/PPTStarts              0 times
00:03:45.062336 /GVMM/HostCpus/9/idxCpuSet              9 
00:03:45.062338 /GVMM/Sum/HaltBlocking             162027 calls
00:03:45.062341 /GVMM/Sum/HaltCalls                162074 calls
00:03:45.062343 /GVMM/Sum/HaltNotBlocking              47 calls
00:03:45.062345 /GVMM/Sum/HaltTimeouts             156922 calls
00:03:45.062347 /GVMM/Sum/HaltWakeUps                   0 calls
00:03:45.062349 /GVMM/Sum/PokeCalls                 14798 calls
00:03:45.062351 /GVMM/Sum/PokeNotBusy                1400 calls
00:03:45.062354 /GVMM/Sum/PollCalls                     0 calls
00:03:45.062356 /GVMM/Sum/PollHalts                     0 calls
00:03:45.062358 /GVMM/Sum/PollWakeUps                   0 calls
00:03:45.062360 /GVMM/Sum/WakeUpCalls                5118 calls
00:03:45.062362 /GVMM/Sum/WakeUpNotHalted              37 calls
00:03:45.062364 /GVMM/Sum/WakeUpWakeUps                 0 calls
00:03:45.062367 /GVMM/VCpus/0/Start                     0 ticks/call (           0 ticks,       0 calls, max         0, min       0)
00:03:45.062370 /GVMM/VCpus/0/Stop                      0 ticks/call (           0 ticks,       0 calls, max         0, min       0)
00:03:45.062372 /GVMM/VCpus/0/cWakeUpTimerCanceled        0 times
00:03:45.062375 /GVMM/VCpus/0/cWakeUpTimerHits          0 times
00:03:45.062378 /GVMM/VCpus/0/cWakeUpTimerMisses        0 times
00:03:45.062380 /GVMM/VCpus/0/cWakeUpTimerSameCpu        0 times
00:03:45.062382 /GVMM/VM/HaltBlocking              162027 calls
00:03:45.062385 /GVMM/VM/HaltCalls                 162074 calls
00:03:45.062388 /GVMM/VM/HaltNotBlocking               47 calls
00:03:45.062391 /GVMM/VM/HaltTimeouts              156922 calls
00:03:45.062393 /GVMM/VM/HaltWakeUps                    0 calls
00:03:45.062396 /GVMM/VM/PokeCalls                  14798 calls
00:03:45.062405 /GVMM/VM/PokeNotBusy                 1400 calls
00:03:45.062407 /GVMM/VM/PollCalls                      0 calls
00:03:45.062410 /GVMM/VM/PollHalts                      0 calls
00:03:45.062413 /GVMM/VM/PollWakeUps                    0 calls
00:03:45.062416 /GVMM/VM/WakeUpCalls                 5118 calls
00:03:45.062418 /GVMM/VM/WakeUpNotHalted               37 calls
00:03:45.062421 /GVMM/VM/WakeUpWakeUps                  0 calls
00:03:45.062424 /GVMM/VMs                               1 count
00:03:45.062427 /HGCM/FailedPageListLocking             0 count
00:03:45.062430 /HGCM/LargeCmdAllocs                    0 count
00:03:45.062432 /HGCM/MsgArrival                        0 ticks/call (           0 ticks,       0 calls, max         0, min      -1)
00:03:45.062436 /HGCM/MsgCompletion                     0 ticks/call (           0 ticks,       0 calls, max         0, min      -1)
00:03:45.062440 /HGCM/MsgTotal                          0 ticks/call (           0 ticks,       0 calls, max         0, min      -1)
00:03:45.062443 /HM/CPU0/Exit/HostNmiInGC               4 times
00:03:45.062446 /HM/CPU0/Exit/HostNmiInGCIpi            0 times
00:03:45.062449 /HM/CPU0/Exit/PreemptTimer              0 times
00:03:45.062451 /HM/CPU0/Exit/Trap/Gst/#AC              0 times
00:03:45.062453 /HM/CPU0/ImportGuestStateFallback        0 times
00:03:45.062455 /HM/CPU0/ReadToTransientFallback        0 times
00:03:45.062457 /HM/CPU0/Switch/Preempting           3768 times
00:03:45.062459 /IEM/CPU0/CodeTlb-Misses                0 count
00:03:45.062461 /IEM/CPU0/CodeTlb-PhysRev        ffffffffffff3800 
00:03:45.062464 /IEM/CPU0/CodeTlb-Revision       fffff38000000000 
00:03:45.062466 /IEM/CPU0/CodeTlb-SlowReads             0 
00:03:45.062468 /IEM/CPU0/DataTlb-Misses                0 count
00:03:45.062471 /IEM/CPU0/DataTlb-PhysRev        ffffffffffff3800 
00:03:45.062473 /IEM/CPU0/DataTlb-Revision       fffff38000000000 
00:03:45.062481 /IEM/CPU0/cInstructions            211566 count
00:03:45.062483 /IEM/CPU0/cLongJumps                 1612 bytes
00:03:45.062485 /IEM/CPU0/cPendingCommit                0 bytes
00:03:45.062487 /IEM/CPU0/cPotentialExits          331816 count
00:03:45.062489 /IEM/CPU0/cRetAspectNotImplemented        0 count
00:03:45.062491 /IEM/CPU0/cRetErrStatuses               0 count
00:03:45.062493 /IEM/CPU0/cRetInfStatuses          164631 count
00:03:45.062496 /IEM/CPU0/cRetInstrNotImplemented        0 count
00:03:45.062498 /IEM/CPU0/cbWritten                518653 bytes
00:03:45.062500 /IOM/MmioMappingsStale                  0 ticks/call
00:03:45.062502 /IOM/MmioTooDeepRecursion               0 times
00:03:45.062504 /PDM/BlkCache/cbCached                  0 bytes
00:03:45.062506 /PDM/BlkCache/cbCachedFru               0 bytes
00:03:45.062508 /PDM/BlkCache/cbCachedMruIn             0 bytes
00:03:45.062511 /PDM/BlkCache/cbCachedMruOut            0 bytes
00:03:45.062513 /PDM/BlkCache/cbMax               5242880 bytes
00:03:45.062515 /PDM/CritSects/00-AbortedEnters         0 times
00:03:45.062517 /PDM/CritSects/00-EntersWhileAborting        0 times
00:03:45.062519 /PDM/CritSects/00-Non-interruptible-Waits-VINF_SUCCESS        0 times
00:03:45.062521 /PDM/CritSects/00-QueuedLeaves          0 times
00:03:45.062523 /PDM/CritSects/00-VERR_INTERRUPTED        0 times
00:03:45.062525 /PDM/CritSects/00-VERR_TIMEOUT          0 times
00:03:45.062528 /PDM/CritSects/8237A#0Auto/ContentionR3        0 times
00:03:45.062530 /PDM/CritSects/8237A#0Auto/ContentionR3Wait        0 ticks/time (           0 ticks,       0 times, max         0, min      -1)
00:03:45.062533 /PDM/CritSects/8237A#0Auto/ContentionRZLock        0 times
00:03:45.062536 /PDM/CritSects/8237A#0Auto/ContentionRZLockBusy        0 times
00:03:45.062538 /PDM/CritSects/8237A#0Auto/ContentionRZUnlock        0 times
00:03:45.062541 /PDM/CritSects/8237A#0Auto/ContentionRZWait        0 ticks/time (           0 ticks,       0 times, max         0, min      -1)
00:03:45.062544 /PDM/CritSects/AC'97/ContentionR3        0 times
00:03:45.062547 /PDM/CritSects/AC'97/ContentionR3Wait        0 ticks/time (           0 ticks,       0 times, max         0, min      -1)
00:03:45.062557 /PDM/CritSects/AC'97/ContentionRZLock        0 times
00:03:45.062559 /PDM/CritSects/AC'97/ContentionRZLockBusy        0 times
00:03:45.062562 /PDM/CritSects/AC'97/ContentionRZUnlock        0 times
00:03:45.062564 /PDM/CritSects/AC'97/ContentionRZWait        0 ticks/time (           0 ticks,       0 times, max         0, min      -1)
00:03:45.062566 /PDM/CritSects/AHCI#0/ContentionR3       12 times
00:03:45.062568 /PDM/CritSects/AHCI#0/ContentionR3Wait    32866 ticks/time (      394400 ticks,      12 times, max     83296, min   14496)
00:03:45.062571 /PDM/CritSects/AHCI#0/ContentionRZLock       11 times
00:03:45.062573 /PDM/CritSects/AHCI#0/ContentionRZLockBusy        0 times
00:03:45.062575 /PDM/CritSects/AHCI#0/ContentionRZUnlock        0 times
00:03:45.062577 /PDM/CritSects/AHCI#0/ContentionRZWait    76634 ticks/time (      842976 ticks,      11 times, max    303200, min    4928)
00:03:45.062580 /PDM/CritSects/ATA#0-Ctl/ContentionR3        0 times
00:03:45.062582 /PDM/CritSects/ATA#0-Ctl/ContentionR3Wait        0 ticks/time (           0 ticks,       0 times, max         0, min      -1)
00:03:45.062585 /PDM/CritSects/ATA#0-Ctl/ContentionRZLock        0 times
00:03:45.062587 /PDM/CritSects/ATA#0-Ctl/ContentionRZLockBusy        0 times
00:03:45.062589 /PDM/CritSects/ATA#0-Ctl/ContentionRZUnlock        0 times
00:03:45.062591 /PDM/CritSects/ATA#0-Ctl/ContentionRZWait        0 ticks/time (           0 ticks,       0 times, max         0, min      -1)
00:03:45.062593 /PDM/CritSects/ATA#0-Req/ContentionR3        0 times
00:03:45.062595 /PDM/CritSects/ATA#0-Req/ContentionR3Wait        0 ticks/time (           0 ticks,       0 times, max         0, min      -1)
00:03:45.062598 /PDM/CritSects/ATA#0-Req/ContentionRZLock        0 times
00:03:45.062600 /PDM/CritSects/ATA#0-Req/ContentionRZLockBusy        0 times
00:03:45.062602 /PDM/CritSects/ATA#0-Req/ContentionRZUnlock        0 times
00:03:45.062603 /PDM/CritSects/ATA#0-Req/ContentionRZWait        0 ticks/time (           0 ticks,       0 times, max         0, min      -1)
00:03:45.062607 /PDM/CritSects/ATA#1-Ctl/ContentionR3        8 times
00:03:45.062609 /PDM/CritSects/ATA#1-Ctl/ContentionR3Wait    57704 ticks/time (      461632 ticks,       8 times, max     89984, min   17888)
00:03:45.062613 /PDM/CritSects/ATA#1-Ctl/ContentionRZLock        4 times
00:03:45.062616 /PDM/CritSects/ATA#1-Ctl/ContentionRZLockBusy        0 times
00:03:45.062618 /PDM/CritSects/ATA#1-Ctl/ContentionRZUnlock        0 times
00:03:45.062621 /PDM/CritSects/ATA#1-Ctl/ContentionRZWait    69456 ticks/time (      277824 ticks,       4 times, max     96512, min   41568)
00:03:45.062624 /PDM/CritSects/ATA#1-Req/ContentionR3        0 times
00:03:45.062627 /PDM/CritSects/ATA#1-Req/ContentionR3Wait        0 ticks/time (           0 ticks,       0 times, max         0, min      -1)
00:03:45.062630 /PDM/CritSects/ATA#1-Req/ContentionRZLock        0 times
00:03:45.062632 /PDM/CritSects/ATA#1-Req/ContentionRZLockBusy        0 times
00:03:45.062635 /PDM/CritSects/ATA#1-Req/ContentionRZUnlock        0 times
00:03:45.062637 /PDM/CritSects/ATA#1-Req/ContentionRZWait        0 ticks/time (           0 ticks,       0 times, max         0, min      -1)
00:03:45.062639 /PDM/CritSects/E1000#0/ContentionR3       89 times
00:03:45.062641 /PDM/CritSects/E1000#0/ContentionR3Wait    50116 ticks/time (     4460384 ticks,      89 times, max    264896, min    5664)
00:03:45.062644 /PDM/CritSects/E1000#0/ContentionRZLock       23 times
00:03:45.062646 /PDM/CritSects/E1000#0/ContentionRZLockBusy        0 times
00:03:45.062648 /PDM/CritSects/E1000#0/ContentionRZUnlock        0 times
00:03:45.062650 /PDM/CritSects/E1000#0/ContentionRZWait    58162 ticks/time (     1337728 ticks,      23 times, max    232128, min    1408)
00:03:45.062653 /PDM/CritSects/E1000#0RX/ContentionR3        5 times
00:03:45.062655 /PDM/CritSects/E1000#0RX/ContentionR3Wait    36121 ticks/time (      180608 ticks,       5 times, max    120576, min   13504)
00:03:45.062657 /PDM/CritSects/E1000#0RX/ContentionRZLock        1 times
00:03:45.062664 /PDM/CritSects/E1000#0RX/ContentionRZLockBusy        0 times
00:03:45.062666 /PDM/CritSects/E1000#0RX/ContentionRZUnlock        0 times
00:03:45.062668 /PDM/CritSects/E1000#0RX/ContentionRZWait   269248 ticks/time (      269248 ticks,       1 times, max    269248, min  269248)
00:03:45.062671 /PDM/CritSects/E1000#0TX/ContentionR3        0 times
00:03:45.062673 /PDM/CritSects/E1000#0TX/ContentionR3Wait        0 ticks/time (           0 ticks,       0 times, max         0, min      -1)
00:03:45.062676 /PDM/CritSects/E1000#0TX/ContentionRZLock        0 times
00:03:45.062679 /PDM/CritSects/E1000#0TX/ContentionRZLockBusy        0 times
00:03:45.062682 /PDM/CritSects/E1000#0TX/ContentionRZUnlock        0 times
00:03:45.062685 /PDM/CritSects/E1000#0TX/ContentionRZWait        0 ticks/time (           0 ticks,       0 times, max         0, min      -1)
00:03:45.062688 /PDM/CritSects/EHCI#0Irq/ContentionR3        0 times
00:03:45.062691 /PDM/CritSects/EHCI#0Irq/ContentionR3Wait        0 ticks/time (           0 ticks,       0 times, max         0, min      -1)
00:03:45.062695 /PDM/CritSects/EHCI#0Irq/ContentionRZLock        0 times
00:03:45.062697 /PDM/CritSects/EHCI#0Irq/ContentionRZLockBusy        0 times
00:03:45.062700 /PDM/CritSects/EHCI#0Irq/ContentionRZUnlock        0 times
00:03:45.062703 /PDM/CritSects/EHCI#0Irq/ContentionRZWait        0 ticks/time (           0 ticks,       0 times, max         0, min      -1)
00:03:45.062707 /PDM/CritSects/GIMDev#0Auto/ContentionR3        0 times
00:03:45.062710 /PDM/CritSects/GIMDev#0Auto/ContentionR3Wait        0 ticks/time (           0 ticks,       0 times, max         0, min      -1)
00:03:45.062713 /PDM/CritSects/GIMDev#0Auto/ContentionRZLock        0 times
00:03:45.062716 /PDM/CritSects/GIMDev#0Auto/ContentionRZLockBusy        0 times
00:03:45.062719 /PDM/CritSects/GIMDev#0Auto/ContentionRZUnlock        0 times
00:03:45.062721 /PDM/CritSects/GIMDev#0Auto/ContentionRZWait        0 ticks/time (           0 ticks,       0 times, max         0, min      -1)
00:03:45.062725 /PDM/CritSects/NOP/ContentionR3         0 times
00:03:45.062728 /PDM/CritSects/NOP/ContentionR3Wait        0 ticks/time (           0 ticks,       0 times, max         0, min      -1)
00:03:45.062731 /PDM/CritSects/NOP/ContentionRZLock        0 times
00:03:45.062734 /PDM/CritSects/NOP/ContentionRZLockBusy        0 times
00:03:45.062736 /PDM/CritSects/NOP/ContentionRZUnlock        0 times
00:03:45.062739 /PDM/CritSects/NOP/ContentionRZWait        0 ticks/time (           0 ticks,       0 times, max         0, min      -1)
00:03:45.062743 /PDM/CritSects/OHCI#0Irq/ContentionR3        0 times
00:03:45.062745 /PDM/CritSects/OHCI#0Irq/ContentionR3Wait        0 ticks/time (           0 ticks,       0 times, max         0, min      -1)
00:03:45.062749 /PDM/CritSects/OHCI#0Irq/ContentionRZLock        0 times
00:03:45.062751 /PDM/CritSects/OHCI#0Irq/ContentionRZLockBusy        0 times
00:03:45.062754 /PDM/CritSects/OHCI#0Irq/ContentionRZUnlock        0 times
00:03:45.062757 /PDM/CritSects/OHCI#0Irq/ContentionRZWait        0 ticks/time (           0 ticks,       0 times, max         0, min      -1)
00:03:45.062761 /PDM/CritSects/PDM/ContentionR3         9 times
00:03:45.062764 /PDM/CritSects/PDM/ContentionR3Wait    48867 ticks/time (      439808 ticks,       9 times, max    104032, min   14560)
00:03:45.062769 /PDM/CritSects/PDM/ContentionRZLock        2 times
00:03:45.062772 /PDM/CritSects/PDM/ContentionRZLockBusy        0 times
00:03:45.062776 /PDM/CritSects/PDM/ContentionRZUnlock        0 times
00:03:45.062779 /PDM/CritSects/PDM/ContentionRZWait    55456 ticks/time (      110912 ticks,       2 times, max     57888, min   53024)
00:03:45.062784 /PDM/CritSects/PGM/ContentionR3     20077 times
00:03:45.062788 /PDM/CritSects/PGM/ContentionR3Wait    75304 ticks/time (  1511898048 ticks,   20077 times, max   8561856, min    4736)
00:03:45.062793 /PDM/CritSects/PGM/ContentionRZLock     1952 times
00:03:45.062796 /PDM/CritSects/PGM/ContentionRZLockBusy        0 times
00:03:45.062813 /PDM/CritSects/PGM/ContentionRZUnlock        0 times
00:03:45.062816 /PDM/CritSects/PGM/ContentionRZWait   150618 ticks/time (   294006976 ticks,    1952 times, max   4736320, min    1632)
00:03:45.062820 /PDM/CritSects/TM VirtualSync Lock/ContentionR3        0 times
00:03:45.062823 /PDM/CritSects/TM VirtualSync Lock/ContentionR3Wait        0 ticks/time (           0 ticks,       0 times, max         0, min      -1)
00:03:45.062826 /PDM/CritSects/TM VirtualSync Lock/ContentionRZLock        0 times
00:03:45.062829 /PDM/CritSects/TM VirtualSync Lock/ContentionRZLockBusy        0 times
00:03:45.062832 /PDM/CritSects/TM VirtualSync Lock/ContentionRZUnlock        0 times
00:03:45.062834 /PDM/CritSects/TM VirtualSync Lock/ContentionRZWait        0 ticks/time (           0 ticks,       0 times, max         0, min      -1)
00:03:45.062838 /PDM/CritSects/TM real queue timer lock/ContentionR3        0 times
00:03:45.062840 /PDM/CritSects/TM real queue timer lock/ContentionR3Wait        0 ticks/time (           0 ticks,       0 times, max         0, min      -1)
00:03:45.062844 /PDM/CritSects/TM real queue timer lock/ContentionRZLock        0 times
00:03:45.062846 /PDM/CritSects/TM real queue timer lock/ContentionRZLockBusy        0 times
00:03:45.062849 /PDM/CritSects/TM real queue timer lock/ContentionRZUnlock        0 times
00:03:45.062852 /PDM/CritSects/TM real queue timer lock/ContentionRZWait        0 ticks/time (           0 ticks,       0 times, max         0, min      -1)
00:03:45.062855 /PDM/CritSects/TM tsc queue timer lock/ContentionR3        0 times
00:03:45.062858 /PDM/CritSects/TM tsc queue timer lock/ContentionR3Wait        0 ticks/time (           0 ticks,       0 times, max         0, min      -1)
00:03:45.062862 /PDM/CritSects/TM tsc queue timer lock/ContentionRZLock        0 times
00:03:45.062864 /PDM/CritSects/TM tsc queue timer lock/ContentionRZLockBusy        0 times
00:03:45.062867 /PDM/CritSects/TM tsc queue timer lock/ContentionRZUnlock        0 times
00:03:45.062870 /PDM/CritSects/TM tsc queue timer lock/ContentionRZWait        0 ticks/time (           0 ticks,       0 times, max         0, min      -1)
00:03:45.062874 /PDM/CritSects/TM virtual queue timer lock/ContentionR3        3 times
00:03:45.062878 /PDM/CritSects/TM virtual queue timer lock/ContentionR3Wait    12064 ticks/time (       12064 ticks,       1 times, max     12064, min   12064)
00:03:45.062882 /PDM/CritSects/TM virtual queue timer lock/ContentionRZLock        0 times
00:03:45.062885 /PDM/CritSects/TM virtual queue timer lock/ContentionRZLockBusy        0 times
00:03:45.062889 /PDM/CritSects/TM virtual queue timer lock/ContentionRZUnlock        0 times
00:03:45.062892 /PDM/CritSects/TM virtual queue timer lock/ContentionRZWait        0 ticks/time (           0 ticks,       0 times, max         0, min      -1)
00:03:45.062897 /PDM/CritSects/TM virtual_sync queue timer lock/ContentionR3        0 times
00:03:45.062900 /PDM/CritSects/TM virtual_sync queue timer lock/ContentionR3Wait        0 ticks/time (           0 ticks,       0 times, max         0, min      -1)
00:03:45.062904 /PDM/CritSects/TM virtual_sync queue timer lock/ContentionRZLock        0 times
00:03:45.062907 /PDM/CritSects/TM virtual_sync queue timer lock/ContentionRZLockBusy        0 times
00:03:45.062910 /PDM/CritSects/TM virtual_sync queue timer lock/ContentionRZUnlock        0 times
00:03:45.062913 /PDM/CritSects/TM virtual_sync queue timer lock/ContentionRZWait        0 ticks/time (           0 ticks,       0 times, max         0, min      -1)
00:03:45.062917 /PDM/CritSects/VGA#0/ContentionR3        1 times
00:03:45.062919 /PDM/CritSects/VGA#0/ContentionR3Wait 31758016 ticks/time (    31758016 ticks,       1 times, max  31758016, min 31758016)
00:03:45.062923 /PDM/CritSects/VGA#0/ContentionRZLock        1 times
00:03:45.062927 /PDM/CritSects/VGA#0/ContentionRZLockBusy        0 times
00:03:45.062930 /PDM/CritSects/VGA#0/ContentionRZUnlock        0 times
00:03:45.062933 /PDM/CritSects/VGA#0/ContentionRZWait    69184 ticks/time (       69184 ticks,       1 times, max     69184, min   69184)
00:03:45.062945 /PDM/CritSects/VGA#0_IRQ/ContentionR3        0 times
00:03:45.062949 /PDM/CritSects/VGA#0_IRQ/ContentionR3Wait        0 ticks/time (           0 ticks,       0 times, max         0, min      -1)
00:03:45.062953 /PDM/CritSects/VGA#0_IRQ/ContentionRZLock        0 times
00:03:45.062956 /PDM/CritSects/VGA#0_IRQ/ContentionRZLockBusy        0 times
00:03:45.062960 /PDM/CritSects/VGA#0_IRQ/ContentionRZUnlock        0 times
00:03:45.062963 /PDM/CritSects/VGA#0_IRQ/ContentionRZWait        0 ticks/time (           0 ticks,       0 times, max         0, min      -1)
00:03:45.062967 /PDM/CritSects/VMMDev#0/ContentionR3       21 times
00:03:45.062970 /PDM/CritSects/VMMDev#0/ContentionR3Wait    93659 ticks/time (     1966848 ticks,      21 times, max    223392, min   39808)
00:03:45.062975 /PDM/CritSects/VMMDev#0/ContentionRZLock        0 times
00:03:45.062978 /PDM/CritSects/VMMDev#0/ContentionRZLockBusy        0 times
00:03:45.062981 /PDM/CritSects/VMMDev#0/ContentionRZUnlock        0 times
00:03:45.062984 /PDM/CritSects/VMMDev#0/ContentionRZWait        0 ticks/time (           0 ticks,       0 times, max         0, min      -1)
00:03:45.062989 /PDM/CritSects/acpi#0/ContentionR3        0 times
00:03:45.062992 /PDM/CritSects/acpi#0/ContentionR3Wait        0 ticks/time (           0 ticks,       0 times, max         0, min      -1)
00:03:45.062996 /PDM/CritSects/acpi#0/ContentionRZLock        0 times
00:03:45.062999 /PDM/CritSects/acpi#0/ContentionRZLockBusy        0 times
00:03:45.063003 /PDM/CritSects/acpi#0/ContentionRZUnlock        0 times
00:03:45.063006 /PDM/CritSects/acpi#0/ContentionRZWait        0 ticks/time (           0 ticks,       0 times, max         0, min      -1)
00:03:45.063010 /PDM/CritSects/mc146818#0Auto/ContentionR3        0 times
00:03:45.063014 /PDM/CritSects/mc146818#0Auto/ContentionR3Wait        0 ticks/time (           0 ticks,       0 times, max         0, min      -1)
00:03:45.063017 /PDM/CritSects/mc146818#0Auto/ContentionRZLock        0 times
00:03:45.063021 /PDM/CritSects/mc146818#0Auto/ContentionRZLockBusy        0 times
00:03:45.063024 /PDM/CritSects/mc146818#0Auto/ContentionRZUnlock        0 times
00:03:45.063028 /PDM/CritSects/mc146818#0Auto/ContentionRZWait        0 ticks/time (           0 ticks,       0 times, max         0, min      -1)
00:03:45.063032 /PDM/CritSects/pcarch#0Auto/ContentionR3        0 times
00:03:45.063035 /PDM/CritSects/pcarch#0Auto/ContentionR3Wait        0 ticks/time (           0 ticks,       0 times, max         0, min      -1)
00:03:45.063040 /PDM/CritSects/pcarch#0Auto/ContentionRZLock        0 times
00:03:45.063043 /PDM/CritSects/pcarch#0Auto/ContentionRZLockBusy        0 times
00:03:45.063046 /PDM/CritSects/pcarch#0Auto/ContentionRZUnlock        0 times
00:03:45.063050 /PDM/CritSects/pcarch#0Auto/ContentionRZWait        0 ticks/time (           0 ticks,       0 times, max         0, min      -1)
00:03:45.063054 /PDM/CritSects/pcbios#0Auto/ContentionR3        0 times
00:03:45.063058 /PDM/CritSects/pcbios#0Auto/ContentionR3Wait        0 ticks/time (           0 ticks,       0 times, max         0, min      -1)
00:03:45.063081 /PDM/CritSects/pcbios#0Auto/ContentionRZLock        0 times
00:03:45.063084 /PDM/CritSects/pcbios#0Auto/ContentionRZLockBusy        0 times
00:03:45.063088 /PDM/CritSects/pcbios#0Auto/ContentionRZUnlock        0 times
00:03:45.063091 /PDM/CritSects/pcbios#0Auto/ContentionRZWait        0 ticks/time (           0 ticks,       0 times, max         0, min      -1)
00:03:45.063095 /PDM/CritSects/pckbd#0Auto/ContentionR3        0 times
00:03:45.063099 /PDM/CritSects/pckbd#0Auto/ContentionR3Wait        0 ticks/time (           0 ticks,       0 times, max         0, min      -1)
00:03:45.063103 /PDM/CritSects/pckbd#0Auto/ContentionRZLock        0 times
00:03:45.063107 /PDM/CritSects/pckbd#0Auto/ContentionRZLockBusy        0 times
00:03:45.063110 /PDM/CritSects/pckbd#0Auto/ContentionRZUnlock        0 times
00:03:45.063114 /PDM/CritSects/pckbd#0Auto/ContentionRZWait        0 ticks/time (           0 ticks,       0 times, max         0, min      -1)
00:03:45.063127 /PDM/CritSects/pit#0/ContentionR3        0 times
00:03:45.063130 /PDM/CritSects/pit#0/ContentionR3Wait        0 ticks/time (           0 ticks,       0 times, max         0, min      -1)
00:03:45.063135 /PDM/CritSects/pit#0/ContentionRZLock        0 times
00:03:45.063138 /PDM/CritSects/pit#0/ContentionRZLockBusy        0 times
00:03:45.063141 /PDM/CritSects/pit#0/ContentionRZUnlock        0 times
00:03:45.063144 /PDM/CritSects/pit#0/ContentionRZWait        0 ticks/time (           0 ticks,       0 times, max         0, min      -1)
00:03:45.063147 /PDM/CritSects/usb-ehci#0Auto/ContentionR3        0 times
00:03:45.063150 /PDM/CritSects/usb-ehci#0Auto/ContentionR3Wait        0 ticks/time (           0 ticks,       0 times, max         0, min      -1)
00:03:45.063153 /PDM/CritSects/usb-ehci#0Auto/ContentionRZLock        0 times
00:03:45.063156 /PDM/CritSects/usb-ehci#0Auto/ContentionRZLockBusy        0 times
00:03:45.063159 /PDM/CritSects/usb-ehci#0Auto/ContentionRZUnlock        0 times
00:03:45.063162 /PDM/CritSects/usb-ehci#0Auto/ContentionRZWait        0 ticks/time (           0 ticks,       0 times, max         0, min      -1)
00:03:45.063165 /PDM/CritSects/usb-ohci#0Auto/ContentionR3        0 times
00:03:45.063168 /PDM/CritSects/usb-ohci#0Auto/ContentionR3Wait        0 ticks/time (           0 ticks,       0 times, max         0, min      -1)
00:03:45.063172 /PDM/CritSects/usb-ohci#0Auto/ContentionRZLock        0 times
00:03:45.063176 /PDM/CritSects/usb-ohci#0Auto/ContentionRZLockBusy        0 times
00:03:45.063179 /PDM/CritSects/usb-ohci#0Auto/ContentionRZUnlock        0 times
00:03:45.063182 /PDM/CritSects/usb-ohci#0Auto/ContentionRZWait        0 ticks/time (           0 ticks,       0 times, max         0, min      -1)
00:03:45.063187 /PDM/CritSectsRw/00-EnterSharedWhileAborting        0 times
00:03:45.063190 /PDM/CritSectsRw/00-Excl-Non-interruptible-Waits-VINF_SUCCESS        0 times
00:03:45.063194 /PDM/CritSectsRw/00-Excl-VERR_INTERRUPTED        0 times
00:03:45.063197 /PDM/CritSectsRw/00-Excl-VERR_TIMEOUT        0 times
00:03:45.063200 /PDM/CritSectsRw/00-Shared-Non-interruptible-Waits-VINF_SUCCESS        0 times
00:03:45.063204 /PDM/CritSectsRw/00-Shared-VERR_INTERRUPTED        0 times
00:03:45.063207 /PDM/CritSectsRw/00-Shared-VERR_TIMEOUT        0 times
00:03:45.063211 /PDM/CritSectsRw/IOM Lock/ContentionR3EnterExcl        0 times
00:03:45.063214 /PDM/CritSectsRw/IOM Lock/ContentionR3EnterShared        0 times
00:03:45.063218 /PDM/CritSectsRw/IOM Lock/ContentionR3LeaveExcl        0 times
00:03:45.063222 /PDM/CritSectsRw/IOM Lock/ContentionRZEnterExcl        0 times
00:03:45.063225 /PDM/CritSectsRw/IOM Lock/ContentionRZEnterShared        0 times
00:03:45.063228 /PDM/CritSectsRw/IOM Lock/ContentionRZLeaveExcl        0 times
00:03:45.063232 /PDM/CritSectsRw/IOM Lock/ContentionRZLeaveShared        0 times
00:03:45.063235 /PDM/CritSectsRw/IOM Lock/R3EnterExcl      273 times
00:03:45.063239 /PDM/CritSectsRw/IOM Lock/R3EnterShared   221714 times
00:03:45.063242 /PDM/CritSectsRw/IOM Lock/RZEnterExcl        0 times
00:03:45.063245 /PDM/CritSectsRw/IOM Lock/RZEnterShared  1454685 times
00:03:45.063248 /PDM/CritSectsRw/TM real queue alloc lock/ContentionR3EnterExcl        0 times
00:03:45.063251 /PDM/CritSectsRw/TM real queue alloc lock/ContentionR3EnterShared        0 times
00:03:45.063253 /PDM/CritSectsRw/TM real queue alloc lock/ContentionR3LeaveExcl        0 times
00:03:45.063256 /PDM/CritSectsRw/TM real queue alloc lock/ContentionRZEnterExcl        0 times
00:03:45.063259 /PDM/CritSectsRw/TM real queue alloc lock/ContentionRZEnterShared        0 times
00:03:45.063262 /PDM/CritSectsRw/TM real queue alloc lock/ContentionRZLeaveExcl        0 times
00:03:45.063264 /PDM/CritSectsRw/TM real queue alloc lock/ContentionRZLeaveShared        0 times
00:03:45.063267 /PDM/CritSectsRw/TM real queue alloc lock/R3EnterExcl        7 times
00:03:45.063270 /PDM/CritSectsRw/TM real queue alloc lock/R3EnterShared        1 times
00:03:45.063273 /PDM/CritSectsRw/TM real queue alloc lock/RZEnterExcl        0 times
00:03:45.063282 /PDM/CritSectsRw/TM real queue alloc lock/RZEnterShared        0 times
00:03:45.063285 /PDM/CritSectsRw/TM tsc queue alloc lock/ContentionR3EnterExcl        0 times
00:03:45.063288 /PDM/CritSectsRw/TM tsc queue alloc lock/ContentionR3EnterShared        0 times
00:03:45.063292 /PDM/CritSectsRw/TM tsc queue alloc lock/ContentionR3LeaveExcl        0 times
00:03:45.063295 /PDM/CritSectsRw/TM tsc queue alloc lock/ContentionRZEnterExcl        0 times
00:03:45.063299 /PDM/CritSectsRw/TM tsc queue alloc lock/ContentionRZEnterShared        0 times
00:03:45.063302 /PDM/CritSectsRw/TM tsc queue alloc lock/ContentionRZLeaveExcl        0 times
00:03:45.063306 /PDM/CritSectsRw/TM tsc queue alloc lock/ContentionRZLeaveShared        0 times
00:03:45.063309 /PDM/CritSectsRw/TM tsc queue alloc lock/R3EnterExcl        0 times
00:03:45.063312 /PDM/CritSectsRw/TM tsc queue alloc lock/R3EnterShared        1 times
00:03:45.063316 /PDM/CritSectsRw/TM tsc queue alloc lock/RZEnterExcl        0 times
00:03:45.063319 /PDM/CritSectsRw/TM tsc queue alloc lock/RZEnterShared        0 times
00:03:45.063322 /PDM/CritSectsRw/TM virtual queue alloc lock/ContentionR3EnterExcl        0 times
00:03:45.063325 /PDM/CritSectsRw/TM virtual queue alloc lock/ContentionR3EnterShared        0 times
00:03:45.063328 /PDM/CritSectsRw/TM virtual queue alloc lock/ContentionR3LeaveExcl        0 times
00:03:45.063331 /PDM/CritSectsRw/TM virtual queue alloc lock/ContentionRZEnterExcl        0 times
00:03:45.063333 /PDM/CritSectsRw/TM virtual queue alloc lock/ContentionRZEnterShared        0 times
00:03:45.063336 /PDM/CritSectsRw/TM virtual queue alloc lock/ContentionRZLeaveExcl        0 times
00:03:45.063339 /PDM/CritSectsRw/TM virtual queue alloc lock/ContentionRZLeaveShared        0 times
00:03:45.063342 /PDM/CritSectsRw/TM virtual queue alloc lock/R3EnterExcl       11 times
00:03:45.063344 /PDM/CritSectsRw/TM virtual queue alloc lock/R3EnterShared        1 times
00:03:45.063347 /PDM/CritSectsRw/TM virtual queue alloc lock/RZEnterExcl        0 times
00:03:45.063350 /PDM/CritSectsRw/TM virtual queue alloc lock/RZEnterShared        0 times
00:03:45.063353 /PDM/CritSectsRw/TM virtual_sync queue alloc lock/ContentionR3EnterExcl        0 times
00:03:45.063355 /PDM/CritSectsRw/TM virtual_sync queue alloc lock/ContentionR3EnterShared        0 times
00:03:45.063358 /PDM/CritSectsRw/TM virtual_sync queue alloc lock/ContentionR3LeaveExcl        0 times
00:03:45.063361 /PDM/CritSectsRw/TM virtual_sync queue alloc lock/ContentionRZEnterExcl        0 times
00:03:45.063364 /PDM/CritSectsRw/TM virtual_sync queue alloc lock/ContentionRZEnterShared        0 times
00:03:45.063366 /PDM/CritSectsRw/TM virtual_sync queue alloc lock/ContentionRZLeaveExcl        0 times
00:03:45.063369 /PDM/CritSectsRw/TM virtual_sync queue alloc lock/ContentionRZLeaveShared        0 times
00:03:45.063372 /PDM/CritSectsRw/TM virtual_sync queue alloc lock/R3EnterExcl        9 times
00:03:45.063374 /PDM/CritSectsRw/TM virtual_sync queue alloc lock/R3EnterShared        1 times
00:03:45.063377 /PDM/CritSectsRw/TM virtual_sync queue alloc lock/RZEnterExcl        0 times
00:03:45.063380 /PDM/CritSectsRw/TM virtual_sync queue alloc lock/RZEnterShared        0 times
00:03:45.063383 /PDM/Queue/DevHlp/AllocFailures         0 times
00:03:45.063386 /PDM/Queue/DevHlp/Flush                 0 calls
00:03:45.063389 /PDM/Queue/DevHlp/FlushLeftovers        0 times
00:03:45.063391 /PDM/Queue/DevHlp/Insert                0 calls
00:03:45.063394 /PDM/Queue/DevHlp/cItems                8 count
00:03:45.063397 /PDM/Queue/DevHlp/cbItem               56 bytes
00:03:45.063400 /PDM/Queue/DevHlp/rcOkay                0 
00:03:45.063403 /PDM/Queue/Keyboard/AllocFailures        0 times
00:03:45.063406 /PDM/Queue/Keyboard/Flush               0 calls
00:03:45.063409 /PDM/Queue/Keyboard/FlushLeftovers        0 times
00:03:45.063411 /PDM/Queue/Keyboard/Insert             12 calls
00:03:45.063414 /PDM/Queue/Keyboard/cItems             64 count
00:03:45.063417 /PDM/Queue/Keyboard/cbItem             16 bytes
00:03:45.063426 /PDM/Queue/Keyboard/rcOkay              0 
00:03:45.063429 /PDM/Queue/Mouse/AllocFailures          0 times
00:03:45.063432 /PDM/Queue/Mouse/Flush                  0 calls
00:03:45.063435 /PDM/Queue/Mouse/FlushLeftovers         0 times
00:03:45.063437 /PDM/Queue/Mouse/Insert                37 calls
00:03:45.063440 /PDM/Queue/Mouse/cItems               128 count
00:03:45.063443 /PDM/Queue/Mouse/cbItem                32 bytes
00:03:45.063446 /PDM/Queue/Mouse/rcOkay                 0 
00:03:45.063449 /PDM/Queue/Mouse_1/AllocFailures        0 times
00:03:45.063452 /PDM/Queue/Mouse_1/Flush                0 calls
00:03:45.063455 /PDM/Queue/Mouse_1/FlushLeftovers        0 times
00:03:45.063458 /PDM/Queue/Mouse_1/Insert              26 calls
00:03:45.063460 /PDM/Queue/Mouse_1/cItems             128 count
00:03:45.063463 /PDM/Queue/Mouse_1/cbItem              32 bytes
00:03:45.063467 /PDM/Queue/Mouse_1/rcOkay               0 
00:03:45.063471 /PDM/Tasks/000-E1000-Xmit-retriggered      216 times
00:03:45.063474 /PDM/Tasks/000-E1000-Xmit-runs       1268 times
00:03:45.063478 /PGM/CPU0/cA20Changes                   2 times
00:03:45.063482 /PGM/CPU0/cGuestModeChanges         10746 times
00:03:45.063486 /PGM/ChunkR3Map/Mapped               1094 count
00:03:45.063490 /PGM/ChunkR3Map/Unmapped                0 count
00:03:45.063493 /PGM/ChunkR3Map/c                    1094 count
00:03:45.063497 /PGM/ChunkR3Map/cMax             4294967295 count
00:03:45.063501 /PGM/LargePage/Alloc               183771 ns/call (   226406182 ns,    1232 calls, max    349666, min       1)
00:03:45.063507 /PGM/LargePage/AllocFailed              0 times
00:03:45.063511 /PGM/LargePage/Overflow                 0 times
00:03:45.063514 /PGM/LargePage/Recheck                  0 times
00:03:45.063518 /PGM/LargePage/Refused                  2 times
00:03:45.063522 /PGM/LargePage/Reused                   0 times
00:03:45.063525 /PGM/LargePage/TlbFlush                 0 times
00:03:45.063529 /PGM/LargePage/ZeroEvict                0 times
00:03:45.063533 /PGM/Mmio2QueryAndResetDirtyBitmap        0 ticks/call (           0 ticks,       0 calls, max         0, min      -1)
00:03:45.063538 /PGM/Page/cAllPages                680753 count
00:03:45.063542 /PGM/Page/cBalloonedPages               0 count
00:03:45.063545 /PGM/Page/cHandyPages                  42 count
00:03:45.063549 /PGM/Page/cLargePages                1232 count
00:03:45.063552 /PGM/Page/cLargePagesDisabled           0 count
00:03:45.063556 /PGM/Page/cMonitoredPages               0 count
00:03:45.063560 /PGM/Page/cPrivatePages            637163 count
00:03:45.063563 /PGM/Page/cPureMmioPages               70 count
00:03:45.063567 /PGM/Page/cReadLockedPages              0 count
00:03:45.063571 /PGM/Page/cReusedSharedPages            0 count
00:03:45.063574 /PGM/Page/cSharedPages                  0 count
00:03:45.063578 /PGM/Page/cWriteLockedPages             0 count
00:03:45.063582 /PGM/Page/cWrittenToPages               0 count
00:03:45.063585 /PGM/Page/cZeroPages                43520 count
00:03:45.063589 /PGM/PhysHandlerTree/ErrorsAllocatorR3        0 times
00:03:45.063592 /PGM/PhysHandlerTree/ErrorsTree         0 times
00:03:45.063596 /PGM/PhysHandlerTree/Inserts           49 times
00:03:45.063599 /PGM/PhysHandlerTree/MaxHandlers     6144 times
00:03:45.063601 /PGM/PhysHandlerTree/RebalancingOperations       14 times
00:03:45.063604 /PGM/PhysHandlerTree/Removals          36 times
00:03:45.063607 /PGM/Pool/Grow                    1807968 ticks/call (     1807968 ticks,       1 calls, max   1807968, min 1807968)
00:03:45.063611 /PGM/ShMod/Check                        0 ticks/call (           0 ticks,       0 calls, max         0, min      -1)
00:03:45.063615 /PROF/CPU0/EM/Capped                    0 ticks/call (           0 ticks,       0 calls, max         0, min      -1)
00:03:45.063619 /PROF/CPU0/EM/ForcedActions        267233 times
00:03:45.063622 /PROF/CPU0/EM/HMExec               470606 ticks/call (689753039008 ticks, 1465668 calls, max 967641056, min    4736)
00:03:45.063626 /PROF/CPU0/EM/HMExecuteCalled      157935 times
00:03:45.063636 /PROF/CPU0/EM/Halted               157940 times
00:03:45.063639 /PROF/CPU0/EM/NEMExec                   0 ticks/call (           0 ticks,       0 calls, max         0, min      -1)
00:03:45.063643 /PROF/CPU0/EM/NEMExecuteCalled          0 times
00:03:45.063646 /PROF/CPU0/EM/RAWTotal                  0 times
00:03:45.063648 /PROF/CPU0/EM/REMTotal                  0 times
00:03:45.063651 /PROF/CPU0/EM/RecordedExits       3667949 times
00:03:45.063654 /PROF/CPU0/EM/Total              701376107392 ticks/call (701376107392 ticks,       1 calls, max 701376107392, min 701376107392)
00:03:45.063659 /PROF/CPU0/VM/Halt/Block           861697 ns/call (  1297716846 ns,    1506 calls, max  69571197, min       1)
00:03:45.063663 /PROF/CPU0/VM/Halt/BlockInsomnia    52973 ns/call (    18858584 ns,     356 calls, max   5022239, min       1)
00:03:45.063667 /PROF/CPU0/VM/Halt/BlockOnTime     749242 ns/call (   284712266 ns,     380 calls, max  69571197, min       1)
00:03:45.063671 /PROF/CPU0/VM/Halt/BlockOverslept   606061 ns/call (   466667160 ns,     770 calls, max   1089934, min   50844)
00:03:45.063674 /PROF/CPU0/VM/Halt/R0HaltBlock     928771 ns/call (149121769496 ns,  160558 calls, max 302902126, min       2)
00:03:45.063679 /PROF/CPU0/VM/Halt/R0HaltBlockInsomnia   396378 ns/call (  2117055382 ns,    5341 calls, max 208779843, min       2)
00:03:45.063684 /PROF/CPU0/VM/Halt/R0HaltBlockOnTime   944150 ns/call (145770292054 ns,  154393 calls, max 127745002, min     321)
00:03:45.063689 /PROF/CPU0/VM/Halt/R0HaltBlockOverslept   341735 ns/call (   281589982 ns,     824 calls, max   6012766, min   50007)
00:03:45.063694 /PROF/CPU0/VM/Halt/R0HaltExec        4884 times
00:03:45.063697 /PROF/CPU0/VM/Halt/R0HaltExec/FromBlock     4858 times
00:03:45.063701 /PROF/CPU0/VM/Halt/R0HaltExec/FromSpin        4 times
00:03:45.063704 /PROF/CPU0/VM/Halt/R0HaltHistoryCounter   162819 times
00:03:45.063708 /PROF/CPU0/VM/Halt/R0HaltHistorySucceeded        0 times
00:03:45.063711 /PROF/CPU0/VM/Halt/R0HaltHistoryToRing3        6 times
00:03:45.063715 /PROF/CPU0/VM/Halt/R0HaltToR3      157935 times
00:03:45.063718 /PROF/CPU0/VM/Halt/R0HaltToR3/FromSpin        0 times
00:03:45.063721 /PROF/CPU0/VM/Halt/R0HaltToR3/Other        0 times
00:03:45.063724 /PROF/CPU0/VM/Halt/R0HaltToR3/PendingFF     2166 times
00:03:45.063727 /PROF/CPU0/VM/Halt/R0HaltToR3/PostWaitNoInt   155530 times
00:03:45.063730 /PROF/CPU0/VM/Halt/R0HaltToR3/PostWaitPendingFF      170 times
00:03:45.063732 /PROF/CPU0/VM/Halt/R0HaltToR3/SmallDelta       69 times
00:03:45.063735 /PROF/CPU0/VM/Halt/Timers            1918 ns/call (   302322512 ns,  157551 calls, max   1075132, min       2)
00:03:45.063739 /PROF/CPU0/VM/Halt/Yield                0 ns/call (           0 ns,       0 calls, max         0, min      -1)
00:03:45.063743 /Public/NetAdapter/0/BytesReceived   970886 bytes
00:03:45.063746 /Public/NetAdapter/0/BytesTransmitted   231097 bytes
00:03:45.063749 /Public/NetAdapter/0/e1000              0 
00:03:45.063752 /Public/Storage/AHCI0/Port0/BytesRead 923680256 bytes
00:03:45.063756 /Public/Storage/AHCI0/Port0/BytesWritten 72672256 bytes
00:03:45.063760 /Public/Storage/AHCI0/Port0/QueryBufAttempts        0 count
00:03:45.063763 /Public/Storage/AHCI0/Port0/QueryBufSuccess        0 count
00:03:45.063767 /Public/Storage/AHCI0/Port0/ReqsFlush      309 count
00:03:45.063771 /Public/Storage/AHCI0/Port0/ReqsRead    22755 count
00:03:45.063774 /Public/Storage/AHCI0/Port0/ReqsSubmitted    25039 count
00:03:45.063778 /Public/Storage/AHCI0/Port0/ReqsSucceeded    25039 count
00:03:45.063781 /Public/Storage/AHCI0/Port0/ReqsWrite     1975 count
00:03:45.063785 /Public/Storage/PIIX3IDE0/Port2/QueryBufAttempts        0 count
00:03:45.063788 /Public/Storage/PIIX3IDE0/Port2/QueryBufSuccess        0 count
00:03:45.063791 /SELM/LoadHidSel/GstReadErrors          0 times
00:03:45.063794 /SELM/LoadHidSel/NoGoodGuest            0 times
00:03:45.063797 /TM/CPU/00/cNsExecuting          55121539346 ns
00:03:45.063801 /TM/CPU/00/cNsHalted             1673030978 ns
00:03:45.063810 /TM/CPU/00/cNsOther              162797481588 ns
00:03:45.063813 /TM/CPU/00/cNsTotal              219592051912 ns
00:03:45.063815 /TM/CPU/00/cPeriodsExecuting      3667949 count
00:03:45.063818 /TM/CPU/00/cPeriodsHalted          156045 count
00:03:45.063820 /TM/CPU/00/pctExecuting                13 %
00:03:45.063823 /TM/CPU/00/pctHalted                    1 %
00:03:45.063825 /TM/CPU/00/pctOther                    84 %
00:03:45.063829 /TM/CPU/pctExecuting                   13 %
00:03:45.063832 /TM/CPU/pctHalted                       1 %
00:03:45.063835 /TM/CPU/pctOther                       84 %
00:03:45.063838 /TM/MaxHzHint                           0 Hz
00:03:45.063842 /TM/MaxHzHint/real                      0 Hz
00:03:45.063845 /TM/MaxHzHint/tsc                       0 Hz
00:03:45.063849 /TM/MaxHzHint/virtual                   0 Hz
00:03:45.063852 /TM/MaxHzHint/virtual_sync              0 Hz
00:03:45.063855 /TM/PIT/Handler                         0 ticks/call (           0 ticks,       0 calls, max         0, min      -1)
00:03:45.063859 /TM/PIT/Irq                             0 times
00:03:45.063862 /TM/R3/1nsSteps                      8076 times
00:03:45.063866 /TM/TSC/offCPU0                  4093552765563 ticks
00:03:45.063869 /TM/VirtualSync/CurrentOffset      633674 ns
00:03:45.063872 /TRPM/ForwardRaw/IRQ/22                71 times
00:03:45.063875 /TRPM/ForwardRaw/IRQ/23              1595 times
00:03:45.063877 /TRPM/ForwardRaw/IRQ/24                19 times
00:03:45.063880 /TRPM/ForwardRaw/IRQ/26                80 times
00:03:45.063882 /TRPM/ForwardRaw/IRQ/28             10895 times
00:03:45.063884 /TRPM/ForwardRaw/IRQ/29               945 times
00:03:45.063887 /TRPM/ForwardRaw/IRQ/30               117 times
00:03:45.063894 /TRPM/ForwardRaw/IRQ/EC            226674 times
00:03:45.063897 /TRPM/ForwardRaw/TRAP/08              158 times
00:03:45.063900 /VMM/EmtHashCollisions/Emt00            0 times
00:03:45.063903 /VMM/LogFlush/00-Flushes                0 times
00:03:45.063905 /VMM/LogFlush/00-NoWakups               0 times
00:03:45.063908 /VMM/LogFlush/CPU0/Rel/cbBuf         4096 bytes
00:03:45.063911 /VUSB/0/cUrbsInPool                     0 count
00:03:45.063913 /VUSB/1/cUrbsInPool                     0 count
00:03:45.063918 ********************* End of statistics **********************
00:03:45.064012 VUSB: Detached 'HidMouse' from port 1 on RootHub#1
00:03:45.068958 NAT: Zone(nm:mbuf_cluster, used:0)
00:03:45.069828 NAT: Zone(nm:mbuf_packet, used:0)
00:03:45.069839 NAT: Zone(nm:mbuf, used:1)
00:03:45.069842 NAT: Zone(nm:mbuf_jumbo_pagesize, used:0)
00:03:45.071000 NAT: Zone(nm:mbuf_jumbo_9k, used:0)
00:03:45.071445 NAT: Zone(nm:mbuf_jumbo_16k, used:0)
00:03:45.071667 NAT: Zone(nm:mbuf_ext_refcnt, used:0)
00:03:45.071709 E1000#0: Interrupt attempts: 4873
00:03:45.071712 E1000#0: Interrupts raised : 2480
00:03:45.071715 E1000#0: Interrupts lowered: 85
00:03:45.071717 E1000#0: ICR outside ISR   : 0
00:03:45.071719 E1000#0: IMS raised ints   : 241
00:03:45.071721 E1000#0: Interrupts skipped: 2032
00:03:45.071722 E1000#0: Masked interrupts : 361
00:03:45.071724 E1000#0: Early interrupts  : 0
00:03:45.071726 E1000#0: Late interrupts   : 161
00:03:45.071728 E1000#0: Lost interrupts   : 0
00:03:45.071731 E1000#0: Interrupts by RX  : 1860
00:03:45.071733 E1000#0: Interrupts by TX  : 1483
00:03:45.071735 E1000#0: Interrupts by ICS : 101
00:03:45.071738 E1000#0: Interrupts by RDTR: 0
00:03:45.071740 E1000#0: Interrupts by RDMT: 0
00:03:45.071742 E1000#0: Interrupts by TXQE: 0
00:03:45.071745 E1000#0: TX int delay asked: 0
00:03:45.071747 E1000#0: TX delayed:         0
00:03:45.071749 E1000#0: TX delay expired:   0
00:03:45.071752 E1000#0: TX no report asked: 1975
00:03:45.071754 E1000#0: TX abs timer expd : 0
00:03:45.071756 E1000#0: TX int timer expd : 0
00:03:45.071758 E1000#0: RX abs timer expd : 0
00:03:45.071759 E1000#0: RX int timer expd : 0
00:03:45.071761 E1000#0: TX CTX descriptors: 1399
00:03:45.071763 E1000#0: TX DAT descriptors: 1975
00:03:45.071765 E1000#0: TX LEG descriptors: 84
00:03:45.071780 E1000#0: Received frames   : 1860
00:03:45.071783 E1000#0: Transmitted frames: 1483
00:03:45.071785 E1000#0: TX frames up to 1514: 1474
00:03:45.071787 E1000#0: TX frames up to 2962: 2
00:03:45.071790 E1000#0: TX frames up to 4410: 3
00:03:45.071792 E1000#0: TX frames up to 5858: 0
00:03:45.071794 E1000#0: TX frames up to 7306: 1
00:03:45.071796 E1000#0: TX frames up to 8754: 3
00:03:45.071798 E1000#0: TX frames up to 16384: 0
00:03:45.071800 E1000#0: TX frames up to 32768: 0
00:03:45.071803 E1000#0: Larger TX frames    : 0
00:03:45.071805 E1000#0: Max TX Delay        : 0
00:03:45.094832 GIM: KVM: Resetting MSRs
00:03:45.096205 vmmR3LogFlusher: Terminating (VERR_OBJECT_DESTROYED)
00:03:45.096319 Changing the VM state from 'DESTROYING' to 'TERMINATED'
00:03:45.101647 Console: Machine state changed to 'PoweredOff'
00:03:45.128973 GUI: UIMediumEnumerator: Medium-enumeration finished!
00:03:45.276264 GUI: Passing request to close Runtime UI from UI session to UI machine.
00:03:45.280955 GUI: UICommon: Handling aboutToQuit request..
00:03:46.140020 GUI: UICommon: aboutToQuit request handled!
