00:00:00.026607 VirtualBox VM 7.0.16_Ubuntu r162802 linux.amd64 (Aug 25 2024 22:41:46) release log
00:00:00.026610 Log opened 2025-02-10T20:33:09.015210000Z
00:00:00.026611 Build Type: release
00:00:00.026615 OS Product: Linux
00:00:00.026616 OS Release: 6.8.0-52-generic
00:00:00.026618 OS Version: #53-Ubuntu SMP PREEMPT_DYNAMIC Sat Jan 11 00:06:25 UTC 2025
00:00:00.026654 DMI Product Name: To Be Filled By O.E.M.
00:00:00.026669 DMI Product Version: To Be Filled By O.E.M.
00:00:00.026682 Firmware type: BIOS
00:00:00.026739 Host RAM: 15905MB (15.5GB) total, 10039MB (9.8GB) available
00:00:00.026744 Executable: /usr/lib/virtualbox/VBoxHeadless
00:00:00.026744 Process ID: 265235
00:00:00.026745 Package type: LINUX_64BITS_GENERIC (OSE)
00:00:00.042580 Installed Extension Packs:
00:00:00.042615   VNC (Version: 7.0.16 r162802; VRDE Module: VBoxVNC; Crypto Module: )
00:00:00.043931 Console: Machine state changed to 'Starting'
00:00:00.104048 SUP: Opened VMMR0.r0 (/usr/lib/virtualbox/VMMR0.r0) at 0xXXXXXXXXXXXXXXXX.
00:00:00.107878 Guest OS type: 'Ubuntu_64'
00:00:00.110500 fHMForced=true - No raw-mode support in this build!
00:00:00.127217 File system of '/mnt/goldenfir/vbox/virtualboxes/vagr_ub3/ubuntu-jammy-22.04-cloudimg.vmdk' is ext4
00:00:00.132313 File system of '/mnt/goldenfir/vbox/virtualboxes/vagr_ub3/ubuntu-jammy-22.04-cloudimg-configdrive.vmdk' is ext4
00:00:00.174686 Audio: Detected default audio driver type is 'ALSAAudio'
00:00:00.193772 Shared Clipboard: Service loaded
00:00:00.193801 Shared Clipboard: Mode: Off
00:00:00.193872 Shared Clipboard: Service running in headless mode
00:00:00.195188 Drag and drop service loaded
00:00:00.195215 Drag and drop mode: Off
00:00:00.198534 Per-VM extradata API settings:
00:00:00.198557   VBoxInternal2/SharedFoldersEnableSymlinksCreate/vagrant="1"
00:00:00.198706   VBoxInternal2/SharedFoldersEnableSymlinksCreate/vagrant_data="1"
00:00:00.199131 ************************* CFGM dump *************************
00:00:00.199138 [/] (level 0)
00:00:00.199147   CpuExecutionCap   <integer> = 0x0000000000000064 (100)
00:00:00.199152   EnablePAE         <integer> = 0x0000000000000001 (1)
00:00:00.199153   HMEnabled         <integer> = 0x0000000000000001 (1)
00:00:00.199154   MemBalloonSize    <integer> = 0x0000000000000000 (0, 0 B)
00:00:00.199156   Name              <string>  = "vagr_ub3" (cb=9)
00:00:00.199157   NumCPUs           <integer> = 0x0000000000000002 (2)
00:00:00.199158   PageFusionAllowed <integer> = 0x0000000000000000 (0)
00:00:00.199159   RamHoleSize       <integer> = 0x0000000020000000 (536 870 912, 512.0 MiB)
00:00:00.199160   RamSize           <integer> = 0x0000000040000000 (1 073 741 824, 1.0 GiB)
00:00:00.199161   TimerMillies      <integer> = 0x000000000000000a (10)
00:00:00.199162   UUID              <bytes>   = "16 d3 57 82 5e 78 bc 46 a6 2a 2c 46 51 9b 0e 81" (cb=16)
00:00:00.199165 
00:00:00.199167 [/CPUM/] (level 1)
00:00:00.199168   Enable64bit        <integer> = 0x0000000000000001 (1)
00:00:00.199169   GuestCpuName       <string>  = "host" (cb=5)
00:00:00.199170   NestedHWVirt       <integer> = 0x0000000000000000 (0)
00:00:00.199171   PortableCpuIdLevel <integer> = 0x0000000000000000 (0)
00:00:00.199171   SpecCtrl           <integer> = 0x0000000000000000 (0)
00:00:00.199172 
00:00:00.199172 [/CPUM/IsaExts/] (level 2)
00:00:00.199173 
00:00:00.199176 [/DBGC/] (level 1)
00:00:00.199177   GlobalInitScript <string>  = "/home/delkabo/.config/VirtualBox/dbgc-init" (cb=43)
00:00:00.199177   HistoryFile      <string>  = "/home/delkabo/.config/VirtualBox/dbgc-history" (cb=46)
00:00:00.199178   LocalInitScript  <string>  = "/mnt/goldenfir/vbox/virtualboxes/vagr_ub3/dbgc-init" (cb=52)
00:00:00.199179 
00:00:00.199179 [/DBGF/] (level 1)
00:00:00.199180   Path <string>  = "/mnt/goldenfir/vbox/virtualboxes/vagr_ub3/debug/;/mnt/goldenfir/vbox/virtualboxes/vagr_ub3/;cache*/mnt/goldenfir/vbox/virtualboxes/vagr_ub3/dbgcache/;/home/delkabo/" (cb=165)
00:00:00.199181 
00:00:00.199181 [/Devices/] (level 1)
00:00:00.199182 
00:00:00.199182 [/Devices/3c501/] (level 2)
00:00:00.199183 
00:00:00.199183 [/Devices/8237A/] (level 2)
00:00:00.199184 
00:00:00.199184 [/Devices/8237A/0/] (level 3)
00:00:00.199185   Trusted <integer> = 0x0000000000000001 (1)
00:00:00.199186 
00:00:00.199186 [/Devices/GIMDev/] (level 2)
00:00:00.199187 
00:00:00.199187 [/Devices/GIMDev/0/] (level 3)
00:00:00.199188   Trusted <integer> = 0x0000000000000001 (1)
00:00:00.199188 
00:00:00.199189 [/Devices/VMMDev/] (level 2)
00:00:00.199190 
00:00:00.199191 [/Devices/VMMDev/0/] (level 3)
00:00:00.199192   PCIBusNo      <integer> = 0x0000000000000000 (0)
00:00:00.199193   PCIDeviceNo   <integer> = 0x0000000000000004 (4)
00:00:00.199194   PCIFunctionNo <integer> = 0x0000000000000000 (0)
00:00:00.199195   Trusted       <integer> = 0x0000000000000001 (1)
00:00:00.199195 
00:00:00.199196 [/Devices/VMMDev/0/Config/] (level 4)
00:00:00.199197   GuestCoreDumpDir <string>  = "/mnt/goldenfir/vbox/virtualboxes/vagr_ub3/Snapshots" (cb=52)
00:00:00.199197 
00:00:00.199197 [/Devices/VMMDev/0/LUN#0/] (level 4)
00:00:00.199198   Driver <string>  = "HGCM" (cb=5)
00:00:00.199199 
00:00:00.199199 [/Devices/VMMDev/0/LUN#0/Config/] (level 5)
00:00:00.199201 
00:00:00.199201 [/Devices/VMMDev/0/LUN#999/] (level 4)
00:00:00.199202   Driver <string>  = "MainStatus" (cb=11)
00:00:00.199202 
00:00:00.199203 [/Devices/VMMDev/0/LUN#999/Config/] (level 5)
00:00:00.199204   First                <integer> = 0x0000000000000000 (0)
00:00:00.199205   HasMediumAttachments <integer> = 0x0000000000000000 (0)
00:00:00.199205   Last                 <integer> = 0x0000000000000000 (0)
00:00:00.199206   iLedSet              <integer> = 0x0000000000000005 (5)
00:00:00.199207 
00:00:00.199207 [/Devices/acpi/] (level 2)
00:00:00.199208 
00:00:00.199208 [/Devices/acpi/0/] (level 3)
00:00:00.199209   PCIBusNo      <integer> = 0x0000000000000000 (0)
00:00:00.199210   PCIDeviceNo   <integer> = 0x0000000000000007 (7)
00:00:00.199211   PCIFunctionNo <integer> = 0x0000000000000000 (0)
00:00:00.199211   Trusted       <integer> = 0x0000000000000001 (1)
00:00:00.199212 
00:00:00.199212 [/Devices/acpi/0/Config/] (level 4)
00:00:00.199213   CpuHotPlug          <integer> = 0x0000000000000000 (0)
00:00:00.199214   FdcEnabled          <integer> = 0x0000000000000000 (0)
00:00:00.199215   HostBusPciAddress   <integer> = 0x0000000000000000 (0)
00:00:00.199216   HpetEnabled         <integer> = 0x0000000000000000 (0)
00:00:00.199216   IOAPIC              <integer> = 0x0000000000000001 (1)
00:00:00.199217   IocPciAddress       <integer> = 0x0000000000010000 (65 536)
00:00:00.199218   NumCPUs             <integer> = 0x0000000000000002 (2)
00:00:00.199219   Parallel0IoPortBase <integer> = 0x0000000000000000 (0)
00:00:00.199219   Parallel0Irq        <integer> = 0x0000000000000000 (0)
00:00:00.199220   Parallel1IoPortBase <integer> = 0x0000000000000000 (0)
00:00:00.199221   Parallel1Irq        <integer> = 0x0000000000000000 (0)
00:00:00.199221   Serial0IoPortBase   <integer> = 0x00000000000003f8 (1 016)
00:00:00.199222   Serial0Irq          <integer> = 0x0000000000000004 (4)
00:00:00.199223   Serial1IoPortBase   <integer> = 0x0000000000000000 (0)
00:00:00.199223   Serial1Irq          <integer> = 0x0000000000000000 (0)
00:00:00.199224   ShowCpu             <integer> = 0x0000000000000001 (1)
00:00:00.199225   ShowRtc             <integer> = 0x0000000000000000 (0)
00:00:00.199226   SmcEnabled          <integer> = 0x0000000000000000 (0)
00:00:00.199226 
00:00:00.199227 [/Devices/acpi/0/LUN#0/] (level 4)
00:00:00.199228   Driver <string>  = "ACPIHost" (cb=9)
00:00:00.199228 
00:00:00.199229 [/Devices/acpi/0/LUN#0/Config/] (level 5)
00:00:00.199230 
00:00:00.199230 [/Devices/acpi/0/LUN#1/] (level 4)
00:00:00.199231   Driver <string>  = "ACPICpu" (cb=8)
00:00:00.199231 
00:00:00.199232 [/Devices/acpi/0/LUN#1/Config/] (level 5)
00:00:00.199233 
00:00:00.199233 [/Devices/apic/] (level 2)
00:00:00.199234 
00:00:00.199234 [/Devices/apic/0/] (level 3)
00:00:00.199235   Trusted <integer> = 0x0000000000000001 (1)
00:00:00.199236 
00:00:00.199236 [/Devices/apic/0/Config/] (level 4)
00:00:00.199237   IOAPIC  <integer> = 0x0000000000000001 (1)
00:00:00.199237   Mode    <integer> = 0x0000000000000003 (3)
00:00:00.199238   NumCPUs <integer> = 0x0000000000000002 (2)
00:00:00.199239 
00:00:00.199239 [/Devices/dp8390/] (level 2)
00:00:00.199240 
00:00:00.199240 [/Devices/e1000/] (level 2)
00:00:00.199241 
00:00:00.199241 [/Devices/e1000/0/] (level 3)
00:00:00.199242   PCIBusNo      <integer> = 0x0000000000000000 (0)
00:00:00.199243   PCIDeviceNo   <integer> = 0x0000000000000003 (3)
00:00:00.199243   PCIFunctionNo <integer> = 0x0000000000000000 (0)
00:00:00.199244   Trusted       <integer> = 0x0000000000000001 (1)
00:00:00.199245 
00:00:00.199245 [/Devices/e1000/0/Config/] (level 4)
00:00:00.199246   AdapterType    <integer> = 0x0000000000000000 (0)
00:00:00.199246   CableConnected <integer> = 0x0000000000000001 (1)
00:00:00.199247   LineSpeed      <integer> = 0x0000000000000000 (0)
00:00:00.199248   MAC            <bytes>   = "02 44 a4 14 45 81" (cb=6)
00:00:00.199249 
00:00:00.199249 [/Devices/e1000/0/LUN#0/] (level 4)
00:00:00.199250   Driver <string>  = "NAT" (cb=4)
00:00:00.199251 
00:00:00.199252 [/Devices/e1000/0/LUN#0/Config/] (level 5)
00:00:00.199253   AliasMode          <integer> = 0x0000000000000000 (0)
00:00:00.199254   BootFile           <string>  = "vagr_ub3.pxe" (cb=13)
00:00:00.199255   DNSProxy           <integer> = 0x0000000000000001 (1)
00:00:00.199256   LocalhostReachable <integer> = 0x0000000000000001 (1)
00:00:00.199257   Network            <string>  = "10.0.2.0/24" (cb=12)
00:00:00.199257   PassDomain         <integer> = 0x0000000000000001 (1)
00:00:00.199258   TFTPPrefix         <string>  = "/home/delkabo/.config/VirtualBox/TFTP" (cb=38)
00:00:00.199259   UseHostResolver    <integer> = 0x0000000000000000 (0)
00:00:00.199259 
00:00:00.199260 [/Devices/e1000/0/LUN#0/Config/PortForwarding/] (level 6)
00:00:00.199261 
00:00:00.199261 [/Devices/e1000/0/LUN#0/Config/PortForwarding/0/] (level 7)
00:00:00.199263   BindIP    <string>  = "127.0.0.1" (cb=10)
00:00:00.199263   GuestPort <integer> = 0x0000000000000016 (22)
00:00:00.199264   HostPort  <integer> = 0x0000000000000899 (2 201)
00:00:00.199265   Name      <string>  = "ssh" (cb=4)
00:00:00.199265   Protocol  <string>  = "TCP" (cb=4)
00:00:00.199266 
00:00:00.199266 [/Devices/e1000/0/LUN#999/] (level 4)
00:00:00.199267   Driver <string>  = "MainStatus" (cb=11)
00:00:00.199268 
00:00:00.199268 [/Devices/e1000/0/LUN#999/Config/] (level 5)
00:00:00.199269   First                <integer> = 0x0000000000000000 (0)
00:00:00.199270   HasMediumAttachments <integer> = 0x0000000000000000 (0)
00:00:00.199270   Last                 <integer> = 0x0000000000000000 (0)
00:00:00.199271   iLedSet              <integer> = 0x0000000000000003 (3)
00:00:00.199272 
00:00:00.199272 [/Devices/e1000/1/] (level 3)
00:00:00.199273   PCIBusNo      <integer> = 0x0000000000000000 (0)
00:00:00.199274   PCIDeviceNo   <integer> = 0x0000000000000008 (8)
00:00:00.199274   PCIFunctionNo <integer> = 0x0000000000000000 (0)
00:00:00.199275   Trusted       <integer> = 0x0000000000000001 (1)
00:00:00.199276 
00:00:00.199276 [/Devices/e1000/1/Config/] (level 4)
00:00:00.199277   AdapterType    <integer> = 0x0000000000000000 (0)
00:00:00.199278   CableConnected <integer> = 0x0000000000000001 (1)
00:00:00.199278   LineSpeed      <integer> = 0x0000000000000000 (0)
00:00:00.199279   MAC            <bytes>   = "08 00 27 e9 ac c3" (cb=6)
00:00:00.199280 
00:00:00.199280 [/Devices/e1000/1/LUN#0/] (level 4)
00:00:00.199281   Driver <string>  = "IntNet" (cb=7)
00:00:00.199282 
00:00:00.199282 [/Devices/e1000/1/LUN#0/Config/] (level 5)
00:00:00.199283   IfPolicyPromisc <string>  = "deny" (cb=5)
00:00:00.199284   Network         <string>  = "HostInterfaceNetworking-vboxnet0" (cb=33)
00:00:00.199285   Trunk           <string>  = "vboxnet0" (cb=9)
00:00:00.199285   TrunkType       <integer> = 0x0000000000000003 (3)
00:00:00.199286 
00:00:00.199286 [/Devices/e1000/1/LUN#999/] (level 4)
00:00:00.199287   Driver <string>  = "MainStatus" (cb=11)
00:00:00.199288 
00:00:00.199288 [/Devices/e1000/1/LUN#999/Config/] (level 5)
00:00:00.199289   First                <integer> = 0x0000000000000000 (0)
00:00:00.199290   HasMediumAttachments <integer> = 0x0000000000000000 (0)
00:00:00.199290   Last                 <integer> = 0x0000000000000000 (0)
00:00:00.199291   iLedSet              <integer> = 0x0000000000000004 (4)
00:00:00.199292 
00:00:00.199292 [/Devices/i8254/] (level 2)
00:00:00.199293 
00:00:00.199293 [/Devices/i8254/0/] (level 3)
00:00:00.199294 
00:00:00.199295 [/Devices/i8254/0/Config/] (level 4)
00:00:00.199296 
00:00:00.199296 [/Devices/i8259/] (level 2)
00:00:00.199297 
00:00:00.199297 [/Devices/i8259/0/] (level 3)
00:00:00.199298   Trusted <integer> = 0x0000000000000001 (1)
00:00:00.199298 
00:00:00.199299 [/Devices/i8259/0/Config/] (level 4)
00:00:00.199299 
00:00:00.199300 [/Devices/ichac97/] (level 2)
00:00:00.199300 
00:00:00.199301 [/Devices/ichac97/0/] (level 3)
00:00:00.199302   PCIBusNo      <integer> = 0x0000000000000000 (0)
00:00:00.199302   PCIDeviceNo   <integer> = 0x0000000000000005 (5)
00:00:00.199303   PCIFunctionNo <integer> = 0x0000000000000000 (0)
00:00:00.199304   Trusted       <integer> = 0x0000000000000001 (1)
00:00:00.199304 
00:00:00.199304 [/Devices/ichac97/0/AudioConfig/] (level 4)
00:00:00.199305 
00:00:00.199306 [/Devices/ichac97/0/Config/] (level 4)
00:00:00.199307   Codec        <string>  = "STAC9700" (cb=9)
00:00:00.199307   DebugEnabled <integer> = 0x0000000000000000 (0)
00:00:00.199308 
00:00:00.199308 [/Devices/ichac97/0/LUN#0/] (level 4)
00:00:00.199309   Driver <string>  = "AUDIO" (cb=6)
00:00:00.199310 
00:00:00.199310 [/Devices/ichac97/0/LUN#0/AttachedDriver/] (level 5)
00:00:00.199311   Driver <string>  = "ALSAAudio" (cb=10)
00:00:00.199312 
00:00:00.199313 [/Devices/ichac97/0/LUN#0/AttachedDriver/Config/] (level 6)
00:00:00.199315 
00:00:00.199315 [/Devices/ichac97/0/LUN#0/Config/] (level 5)
00:00:00.199316   DriverName    <string>  = "ALSAAudio" (cb=10)
00:00:00.199317   InputEnabled  <integer> = 0x0000000000000000 (0)
00:00:00.199318   OutputEnabled <integer> = 0x0000000000000000 (0)
00:00:00.199318 
00:00:00.199319 [/Devices/ichac97/0/LUN#1/] (level 4)
00:00:00.199320   Driver <string>  = "AUDIO" (cb=6)
00:00:00.199320 
00:00:00.199321 [/Devices/ioapic/] (level 2)
00:00:00.199321 
00:00:00.199322 [/Devices/ioapic/0/] (level 3)
00:00:00.199323   Trusted <integer> = 0x0000000000000001 (1)
00:00:00.199323 
00:00:00.199323 [/Devices/ioapic/0/Config/] (level 4)
00:00:00.199324   NumCPUs <integer> = 0x0000000000000002 (2)
00:00:00.199325 
00:00:00.199325 [/Devices/lsilogicscsi/] (level 2)
00:00:00.199326 
00:00:00.199326 [/Devices/lsilogicscsi/0/] (level 3)
00:00:00.199328   PCIBusNo      <integer> = 0x0000000000000000 (0)
00:00:00.199328   PCIDeviceNo   <integer> = 0x0000000000000014 (20)
00:00:00.199329   PCIFunctionNo <integer> = 0x0000000000000000 (0)
00:00:00.199329   Trusted       <integer> = 0x0000000000000001 (1)
00:00:00.199330 
00:00:00.199330 [/Devices/lsilogicscsi/0/Config/] (level 4)
00:00:00.199331   Bootable <integer> = 0x0000000000000001 (1)
00:00:00.199332 
00:00:00.199332 [/Devices/lsilogicscsi/0/LUN#0/] (level 4)
00:00:00.199333   Driver <string>  = "SCSI" (cb=5)
00:00:00.199334 
00:00:00.199334 [/Devices/lsilogicscsi/0/LUN#0/AttachedDriver/] (level 5)
00:00:00.199336   Driver <string>  = "VD" (cb=3)
00:00:00.199336 
00:00:00.199336 [/Devices/lsilogicscsi/0/LUN#0/AttachedDriver/Config/] (level 6)
00:00:00.199338   BlockCache <integer> = 0x0000000000000001 (1)
00:00:00.199338   Format     <string>  = "VMDK" (cb=5)
00:00:00.199339   Mountable  <integer> = 0x0000000000000000 (0)
00:00:00.199340   Path       <string>  = "/mnt/goldenfir/vbox/virtualboxes/vagr_ub3/ubuntu-jammy-22.04-cloudimg.vmdk" (cb=75)
00:00:00.199340   Type       <string>  = "HardDisk" (cb=9)
00:00:00.199341   UseNewIo   <integer> = 0x0000000000000001 (1)
00:00:00.199342 
00:00:00.199342 [/Devices/lsilogicscsi/0/LUN#0/AttachedDriver/Config/VDConfig/] (level 7)
00:00:00.199343 
00:00:00.199344 [/Devices/lsilogicscsi/0/LUN#1/] (level 4)
00:00:00.199345   Driver <string>  = "SCSI" (cb=5)
00:00:00.199345 
00:00:00.199345 [/Devices/lsilogicscsi/0/LUN#1/AttachedDriver/] (level 5)
00:00:00.199347   Driver <string>  = "VD" (cb=3)
00:00:00.199347 
00:00:00.199347 [/Devices/lsilogicscsi/0/LUN#1/AttachedDriver/Config/] (level 6)
00:00:00.199349   BlockCache <integer> = 0x0000000000000001 (1)
00:00:00.199349   Format     <string>  = "VMDK" (cb=5)
00:00:00.199350   Mountable  <integer> = 0x0000000000000000 (0)
00:00:00.199351   Path       <string>  = "/mnt/goldenfir/vbox/virtualboxes/vagr_ub3/ubuntu-jammy-22.04-cloudimg-configdrive.vmdk" (cb=87)
00:00:00.199351   Type       <string>  = "HardDisk" (cb=9)
00:00:00.199352   UseNewIo   <integer> = 0x0000000000000001 (1)
00:00:00.199353 
00:00:00.199353 [/Devices/lsilogicscsi/0/LUN#1/AttachedDriver/Config/VDConfig/] (level 7)
00:00:00.199354 
00:00:00.199354 [/Devices/lsilogicscsi/0/LUN#999/] (level 4)
00:00:00.199356   Driver <string>  = "MainStatus" (cb=11)
00:00:00.199356 
00:00:00.199356 [/Devices/lsilogicscsi/0/LUN#999/Config/] (level 5)
00:00:00.199358   DeviceInstance       <string>  = "lsilogicscsi/0" (cb=15)
00:00:00.199358   First                <integer> = 0x0000000000000000 (0)
00:00:00.199359   HasMediumAttachments <integer> = 0x0000000000000001 (1)
00:00:00.199360   Last                 <integer> = 0x000000000000000f (15)
00:00:00.199361   iLedSet              <integer> = 0x0000000000000002 (2)
00:00:00.199362 
00:00:00.199362 [/Devices/mc146818/] (level 2)
00:00:00.199363 
00:00:00.199363 [/Devices/mc146818/0/] (level 3)
00:00:00.199364 
00:00:00.199364 [/Devices/mc146818/0/Config/] (level 4)
00:00:00.199365   UseUTC <integer> = 0x0000000000000001 (1)
00:00:00.199366 
00:00:00.199366 [/Devices/parallel/] (level 2)
00:00:00.199367 
00:00:00.199367 [/Devices/pcarch/] (level 2)
00:00:00.199368 
00:00:00.199368 [/Devices/pcarch/0/] (level 3)
00:00:00.199369   Trusted <integer> = 0x0000000000000001 (1)
00:00:00.199370 
00:00:00.199370 [/Devices/pcarch/0/Config/] (level 4)
00:00:00.199371 
00:00:00.199371 [/Devices/pcbios/] (level 2)
00:00:00.199372 
00:00:00.199372 [/Devices/pcbios/0/] (level 3)
00:00:00.199373   Trusted <integer> = 0x0000000000000001 (1)
00:00:00.199374 
00:00:00.199375 [/Devices/pcbios/0/Config/] (level 4)
00:00:00.199377   APIC               <integer> = 0x0000000000000001 (1)
00:00:00.199378   BootDevice0        <string>  = "FLOPPY" (cb=7)
00:00:00.199378   BootDevice1        <string>  = "DVD" (cb=4)
00:00:00.199379   BootDevice2        <string>  = "IDE" (cb=4)
00:00:00.199379   BootDevice3        <string>  = "NONE" (cb=5)
00:00:00.199380   FloppyDevice       <string>  = "i82078" (cb=7)
00:00:00.199381   HardDiskDevice     <string>  = "piix3ide" (cb=9)
00:00:00.199381   IOAPIC             <integer> = 0x0000000000000001 (1)
00:00:00.199382   McfgBase           <integer> = 0x0000000000000000 (0)
00:00:00.199383   McfgLength         <integer> = 0x0000000000000000 (0)
00:00:00.199383   NumCPUs            <integer> = 0x0000000000000002 (2)
00:00:00.199384   PXEDebug           <integer> = 0x0000000000000000 (0)
00:00:00.199385   ScsiHardDiskDevice <string>  = "lsilogicscsi" (cb=13)
00:00:00.199385   ScsiLUN1           <integer> = 0x0000000000000000 (0)
00:00:00.199386   ScsiLUN2           <integer> = 0x0000000000000001 (1)
00:00:00.199387   UUID               <bytes>   = "16 d3 57 82 5e 78 bc 46 a6 2a 2c 46 51 9b 0e 81" (cb=16)
00:00:00.199389   UuidLe             <integer> = 0x0000000000000001 (1)
00:00:00.199390 
00:00:00.199390 [/Devices/pcbios/0/Config/NetBoot/] (level 5)
00:00:00.199391 
00:00:00.199391 [/Devices/pcbios/0/Config/NetBoot/0/] (level 6)
00:00:00.199393   NIC           <integer> = 0x0000000000000000 (0)
00:00:00.199393   PCIBusNo      <integer> = 0x0000000000000000 (0)
00:00:00.199394   PCIDeviceNo   <integer> = 0x0000000000000003 (3)
00:00:00.199395   PCIFunctionNo <integer> = 0x0000000000000000 (0)
00:00:00.199395 
00:00:00.199396 [/Devices/pci/] (level 2)
00:00:00.199396 
00:00:00.199397 [/Devices/pci/0/] (level 3)
00:00:00.199398   Trusted <integer> = 0x0000000000000001 (1)
00:00:00.199398 
00:00:00.199398 [/Devices/pci/0/Config/] (level 4)
00:00:00.199399   IOAPIC <integer> = 0x0000000000000001 (1)
00:00:00.199400 
00:00:00.199400 [/Devices/pcibridge/] (level 2)
00:00:00.199401 
00:00:00.199401 [/Devices/pckbd/] (level 2)
00:00:00.199402 
00:00:00.199402 [/Devices/pckbd/0/] (level 3)
00:00:00.199403   Trusted <integer> = 0x0000000000000001 (1)
00:00:00.199404 
00:00:00.199404 [/Devices/pckbd/0/Config/] (level 4)
00:00:00.199405 
00:00:00.199405 [/Devices/pckbd/0/LUN#0/] (level 4)
00:00:00.199406   Driver <string>  = "KeyboardQueue" (cb=14)
00:00:00.199407 
00:00:00.199407 [/Devices/pckbd/0/LUN#0/AttachedDriver/] (level 5)
00:00:00.199408   Driver <string>  = "MainKeyboard" (cb=13)
00:00:00.199409 
00:00:00.199409 [/Devices/pckbd/0/LUN#0/Config/] (level 5)
00:00:00.199410   QueueSize <integer> = 0x0000000000000040 (64, 64 B)
00:00:00.199411 
00:00:00.199411 [/Devices/pckbd/0/LUN#1/] (level 4)
00:00:00.199412   Driver <string>  = "MouseQueue" (cb=11)
00:00:00.199413 
00:00:00.199413 [/Devices/pckbd/0/LUN#1/AttachedDriver/] (level 5)
00:00:00.199414   Driver <string>  = "MainMouse" (cb=10)
00:00:00.199414 
00:00:00.199415 [/Devices/pckbd/0/LUN#1/Config/] (level 5)
00:00:00.199416   QueueSize <integer> = 0x0000000000000080 (128, 128 B)
00:00:00.199417 
00:00:00.199417 [/Devices/pcnet/] (level 2)
00:00:00.199418 
00:00:00.199418 [/Devices/piix3ide/] (level 2)
00:00:00.199419 
00:00:00.199419 [/Devices/piix3ide/0/] (level 3)
00:00:00.199420   PCIBusNo      <integer> = 0x0000000000000000 (0)
00:00:00.199421   PCIDeviceNo   <integer> = 0x0000000000000001 (1)
00:00:00.199421   PCIFunctionNo <integer> = 0x0000000000000001 (1)
00:00:00.199422   Trusted       <integer> = 0x0000000000000001 (1)
00:00:00.199422 
00:00:00.199423 [/Devices/piix3ide/0/Config/] (level 4)
00:00:00.199424   Type <string>  = "PIIX4" (cb=6)
00:00:00.199424 
00:00:00.199424 [/Devices/piix3ide/0/LUN#999/] (level 4)
00:00:00.199425   Driver <string>  = "MainStatus" (cb=11)
00:00:00.199426 
00:00:00.199426 [/Devices/piix3ide/0/LUN#999/Config/] (level 5)
00:00:00.199427   DeviceInstance       <string>  = "piix3ide/0" (cb=11)
00:00:00.199428   First                <integer> = 0x0000000000000000 (0)
00:00:00.199429   HasMediumAttachments <integer> = 0x0000000000000001 (1)
00:00:00.199429   Last                 <integer> = 0x0000000000000003 (3)
00:00:00.199430   iLedSet              <integer> = 0x0000000000000001 (1)
00:00:00.199431 
00:00:00.199431 [/Devices/serial/] (level 2)
00:00:00.199432 
00:00:00.199432 [/Devices/serial/0/] (level 3)
00:00:00.199433   Trusted <integer> = 0x0000000000000001 (1)
00:00:00.199434 
00:00:00.199434 [/Devices/serial/0/Config/] (level 4)
00:00:00.199436   IOBase   <integer> = 0x00000000000003f8 (1 016)
00:00:00.199437   IRQ      <integer> = 0x0000000000000004 (4)
00:00:00.199437   UartType <string>  = "16550A" (cb=7)
00:00:00.199438 
00:00:00.199439 [/Devices/serial/0/LUN#0/] (level 4)
00:00:00.199440   Driver <string>  = "Char" (cb=5)
00:00:00.199440 
00:00:00.199440 [/Devices/serial/0/LUN#0/AttachedDriver/] (level 5)
00:00:00.199442   Driver <string>  = "RawFile" (cb=8)
00:00:00.199442 
00:00:00.199442 [/Devices/serial/0/LUN#0/AttachedDriver/Config/] (level 6)
00:00:00.199444   Location <string>  = "/dev/null" (cb=10)
00:00:00.199444 
00:00:00.199444 [/Devices/vga/] (level 2)
00:00:00.199445 
00:00:00.199446 [/Devices/vga/0/] (level 3)
00:00:00.199447   PCIBusNo      <integer> = 0x0000000000000000 (0)
00:00:00.199447   PCIDeviceNo   <integer> = 0x0000000000000002 (2)
00:00:00.199448   PCIFunctionNo <integer> = 0x0000000000000000 (0)
00:00:00.199448   Trusted       <integer> = 0x0000000000000001 (1)
00:00:00.199449 
00:00:00.199449 [/Devices/vga/0/Config/] (level 4)
00:00:00.199451   3DEnabled        <integer> = 0x0000000000000000 (0)
00:00:00.199451   CustomVideoModes <integer> = 0x0000000000000000 (0)
00:00:00.199452   FadeIn           <integer> = 0x0000000000000001 (1)
00:00:00.199453   FadeOut          <integer> = 0x0000000000000001 (1)
00:00:00.199453   HeightReduction  <integer> = 0x0000000000000000 (0)
00:00:00.199454   LogoFile         <string>  = "" (cb=1)
00:00:00.199455   LogoTime         <integer> = 0x0000000000000000 (0)
00:00:00.199455   MonitorCount     <integer> = 0x0000000000000001 (1)
00:00:00.199456   ShowBootMenu     <integer> = 0x0000000000000002 (2)
00:00:00.199457   VRamSize         <integer> = 0x0000000001000000 (16 777 216, 16.0 MiB)
00:00:00.199458 
00:00:00.199458 [/Devices/vga/0/LUN#0/] (level 4)
00:00:00.199459   Driver <string>  = "MainDisplay" (cb=12)
00:00:00.199460 
00:00:00.199460 [/Devices/vga/0/LUN#0/Config/] (level 5)
00:00:00.199461 
00:00:00.199461 [/Devices/vga/0/LUN#999/] (level 4)
00:00:00.199462   Driver <string>  = "MainStatus" (cb=11)
00:00:00.199463 
00:00:00.199463 [/Devices/vga/0/LUN#999/Config/] (level 5)
00:00:00.199464   First                <integer> = 0x0000000000000000 (0)
00:00:00.199465   HasMediumAttachments <integer> = 0x0000000000000000 (0)
00:00:00.199465   Last                 <integer> = 0x0000000000000000 (0)
00:00:00.199466   iLedSet              <integer> = 0x0000000000000000 (0)
00:00:00.199467 
00:00:00.199467 [/Devices/virtio-net/] (level 2)
00:00:00.199468 
00:00:00.199468 [/EM/] (level 1)
00:00:00.199469   TripleFaultReset <integer> = 0x0000000000000000 (0)
00:00:00.199469 
00:00:00.199470 [/GCM/] (level 1)
00:00:00.199471   FixerSet <integer> = 0x0000000000000000 (0)
00:00:00.199471 
00:00:00.199471 [/GIM/] (level 1)
00:00:00.199472   Provider <string>  = "KVM" (cb=4)
00:00:00.199473 
00:00:00.199473 [/HM/] (level 1)
00:00:00.199474   64bitEnabled        <integer> = 0x0000000000000001 (1)
00:00:00.199475   EnableLargePages    <integer> = 0x0000000000000001 (1)
00:00:00.199476   EnableNestedPaging  <integer> = 0x0000000000000001 (1)
00:00:00.199476   EnableUX            <integer> = 0x0000000000000001 (1)
00:00:00.199477   EnableVPID          <integer> = 0x0000000000000001 (1)
00:00:00.199478   Exclusive           <integer> = 0x0000000000000001 (1)
00:00:00.199478   HMForced            <integer> = 0x0000000000000001 (1)
00:00:00.199479   IBPBOnVMEntry       <integer> = 0x0000000000000000 (0)
00:00:00.199480   IBPBOnVMExit        <integer> = 0x0000000000000000 (0)
00:00:00.199481   L1DFlushOnSched     <integer> = 0x0000000000000001 (1)
00:00:00.199481   L1DFlushOnVMEntry   <integer> = 0x0000000000000000 (0)
00:00:00.199482   MDSClearOnSched     <integer> = 0x0000000000000001 (1)
00:00:00.199483   MDSClearOnVMEntry   <integer> = 0x0000000000000000 (0)
00:00:00.199483   SpecCtrlByHost      <integer> = 0x0000000000000000 (0)
00:00:00.199484   SvmVirtVmsaveVmload <integer> = 0x0000000000000001 (1)
00:00:00.199484   UseNEMInstead       <integer> = 0x0000000000000000 (0)
00:00:00.199485 
00:00:00.199485 [/MM/] (level 1)
00:00:00.199486   CanUseLargerHeap <integer> = 0x0000000000000000 (0)
00:00:00.199487 
00:00:00.199487 [/NEM/] (level 1)
00:00:00.199487   Allow64BitGuests <integer> = 0x0000000000000001 (1)
00:00:00.199488 
00:00:00.199488 [/PDM/] (level 1)
00:00:00.199489 
00:00:00.199489 [/PDM/AsyncCompletion/] (level 2)
00:00:00.199490 
00:00:00.199490 [/PDM/AsyncCompletion/File/] (level 3)
00:00:00.199491 
00:00:00.199492 [/PDM/AsyncCompletion/File/BwGroups/] (level 4)
00:00:00.199493 
00:00:00.199493 [/PDM/BlkCache/] (level 2)
00:00:00.199494   CacheSize <integer> = 0x0000000000500000 (5 242 880, 5.0 MiB)
00:00:00.199495 
00:00:00.199495 [/PDM/Devices/] (level 2)
00:00:00.199496 
00:00:00.199497 [/PDM/Drivers/] (level 2)
00:00:00.199498 
00:00:00.199498 [/PDM/Drivers/VBoxC/] (level 3)
00:00:00.199499   Path <string>  = "/usr/lib/virtualbox/components/VBoxC" (cb=37)
00:00:00.199500 
00:00:00.199500 [/PDM/NetworkShaper/] (level 2)
00:00:00.199501 
00:00:00.199501 [/PDM/NetworkShaper/BwGroups/] (level 3)
00:00:00.199502 
00:00:00.199502 [/TM/] (level 1)
00:00:00.199503   UTCOffset <integer> = 0x0000000000000000 (0)
00:00:00.199504 
00:00:00.199504 ********************* End of CFGM dump **********************
00:00:00.199647 HM: HMR3Init: AMD-V w/ nested paging
00:00:00.199744 CPUM: fXStateHostMask=0x7; initial: 0x7; host XCR0=0x7
00:00:00.200629 CPUM: Matched host CPU AMD 0x17/0x1/0x1 AMD_Zen_Ryzen with CPU DB entry 'AMD Ryzen 7 1800X Eight-Core' (AMD 0x17/0x1/0x1 AMD_Zen_Ryzen)
00:00:00.201704 CPUM: MXCSR_MASK=0x2ffff (host: 0x2ffff)
00:00:00.201745 CPUM: Microcode revision 0x08001138
00:00:00.201758 CPUM: MSR fudge: 0x00000001 IA32_P5_MC_TYPE
00:00:00.201761 CPUM: MSR fudge: 0x00000017 IA32_PLATFORM_ID
00:00:00.201798 CPUM: MSR fudge: 0x0000001b IA32_APIC_BASE
00:00:00.201801 CPUM: MSR fudge: 0x0000008b BIOS_SIGN
00:00:00.201803 CPUM: MSR fudge: 0x000000fe IA32_MTRRCAP
00:00:00.201805 CPUM: MSR fudge: 0x00000179 IA32_MCG_CAP
00:00:00.201807 CPUM: MSR fudge: 0x0000017a IA32_MCG_STATUS
00:00:00.201809 CPUM: MSR fudge: 0x000001a0 IA32_MISC_ENABLE
00:00:00.201831 CPUM: MSR fudge: 0x000001d9 IA32_DEBUGCTL
00:00:00.201834 CPUM: MSR fudge: 0x000001db P6_LAST_BRANCH_FROM_IP
00:00:00.201836 CPUM: MSR fudge: 0x000001dc P6_LAST_BRANCH_TO_IP
00:00:00.201838 CPUM: MSR fudge: 0x000001dd P6_LAST_INT_FROM_IP
00:00:00.201840 CPUM: MSR fudge: 0x000001de P6_LAST_INT_TO_IP
00:00:00.201842 CPUM: MSR fudge: 0x00000277 IA32_PAT
00:00:00.201844 CPUM: MSR fudge: 0x000002ff IA32_MTRR_DEF_TYPE
00:00:00.201864 CPUM: MSR fudge: 0x00000400 IA32_MCi_CTL_STATUS_ADDR_MISC
00:00:00.201886 CPUM: MSR fudge: 0x0000002c P4_EBC_FREQUENCY_ID
00:00:00.201908 CPUM: MSR fudge: 0xc0000103 AMD64_TSC_AUX
00:00:00.202079 CPUM: SetGuestCpuIdFeature: Enabled SYSENTER/EXIT
00:00:00.202086 CPUM: SetGuestCpuIdFeature: Enabled SYSCALL/RET
00:00:00.202088 CPUM: SetGuestCpuIdFeature: Enabled PAE
00:00:00.202090 CPUM: SetGuestCpuIdFeature: Enabled LAHF/SAHF
00:00:00.202091 CPUM: SetGuestCpuIdFeature: Enabled NX
00:00:00.202093 CPUM: SetGuestCpuIdFeature: Enabled LONG MODE
00:00:00.202096 CPUM: Set SSBD not required flag for AMD to work around some buggy Linux kernels!
00:00:00.202532 PGM: Host paging mode: AMD64+PGE+NX
00:00:00.202554 PGM: PGMPool: cMaxPages=768 (u64MaxPages=545)
00:00:00.202557 PGM: pgmR3PoolInit: cMaxPages=0x300 cMaxUsers=0x600 cMaxPhysExts=0x600 fCacheEnable=true
00:00:00.203600 PGM: /proc/sys/vm/max_map_count = 1048576 (rc2=VWRN_TRAILING_CHARS); cGuessNeeded=16384
00:00:00.207359 TM: GIP - u32Mode=3 (Invariant) u32UpdateHz=100 u32UpdateIntervalNS=10000000 enmUseTscDelta=2 (Practically Zero) fGetGipCpu=0x2b cCpus=32
00:00:00.207396 TM: GIP - u64CpuHz=3 193 998 558 (0xbe608cde)  SUPGetCpuHzFromGip => 3 193 998 558
00:00:00.207401 TM: GIP - CPU: iCpuSet=0x0 idCpu=0x0 idApic=0x0 iGipCpu=0x6 i64TSCDelta=0 enmState=3 u64CpuHz=3193998301(*) cErrors=0
00:00:00.207405 TM: GIP - CPU: iCpuSet=0x1 idCpu=0x1 idApic=0x2 iGipCpu=0x5 i64TSCDelta=0 enmState=3 u64CpuHz=3193998558(*) cErrors=0
00:00:00.207408 TM: GIP - CPU: iCpuSet=0x2 idCpu=0x2 idApic=0x8 iGipCpu=0x3 i64TSCDelta=0 enmState=3 u64CpuHz=3193998558(*) cErrors=0
00:00:00.207411 TM: GIP - CPU: iCpuSet=0x3 idCpu=0x3 idApic=0xa iGipCpu=0x1 i64TSCDelta=0 enmState=3 u64CpuHz=3193998558(*) cErrors=0
00:00:00.207414 TM: GIP - CPU: iCpuSet=0x4 idCpu=0x4 idApic=0x1 iGipCpu=0x7 i64TSCDelta=0 enmState=3 u64CpuHz=3193998558(*) cErrors=0
00:00:00.207417 TM: GIP - CPU: iCpuSet=0x5 idCpu=0x5 idApic=0x3 iGipCpu=0x4 i64TSCDelta=0 enmState=3 u64CpuHz=3193998558(*) cErrors=0
00:00:00.207419 TM: GIP - CPU: iCpuSet=0x6 idCpu=0x6 idApic=0x9 iGipCpu=0x2 i64TSCDelta=0 enmState=3 u64CpuHz=3193998558(*) cErrors=0
00:00:00.207422 TM: GIP - CPU: iCpuSet=0x7 idCpu=0x7 idApic=0xb iGipCpu=0x0 i64TSCDelta=0 enmState=3 u64CpuHz=3193998558(*) cErrors=0
00:00:00.207461 TM:     cTSCTicksPerSecond=3 193 998 558 (0xbe608cde) enmTSCMode=1 (VirtTSCEmulated)
00:00:00.207463 TM: cTSCTicksPerSecondHost=3 193 998 558 (0xbe608cde)
00:00:00.207464 TM: TSCTiedToExecution=false TSCNotTiedToHalt=false
00:00:00.208237 EMR3Init: fIemExecutesAll=false fGuruOnTripleFault=true
00:00:00.208613 IEM: TargetCpu=CURRENT, Microarch=AMD_Zen_Ryzen aidxTargetCpuEflFlavour={2,0}
00:00:00.208964 GIM: Using provider 'KVM' (Implementation version: 0)
00:00:00.208976 CPUM: SetGuestCpuIdFeature: Enabled Hypervisor Present bit
00:00:00.209087 GCM: Initialized (fixer bits: 0x0)
00:00:00.233988 AIOMgr: Default manager type is 'Async'
00:00:00.234013 AIOMgr: Default file backend is 'NonBuffered'
00:00:00.234137 BlkCache: Cache successfully initialized. Cache size is 5242880 bytes
00:00:00.234154 BlkCache: Cache commit interval is 10000 ms
00:00:00.234156 BlkCache: Cache commit threshold is 2621440 bytes
00:00:00.235399 PcBios: [SMP] BIOS with 2 CPUs
00:00:00.235424 PcBios: Using the 386+ BIOS image.
00:00:00.235498 PcBios: MPS table at 000e1300
00:00:00.236608 PcBios: fCheckShutdownStatusForSoftReset=true  fClearShutdownStatusOnHardReset=true
00:00:00.236661 SUP: Opened VBoxDDR0.r0 (/usr/lib/virtualbox/VBoxDDR0.r0) at 0xXXXXXXXXXXXXXXXX.
00:00:00.237039 CPUM: SetGuestCpuIdFeature: Enabled xAPIC
00:00:00.237048 CPUM: SetGuestCpuIdFeature: Enabled x2APIC
00:00:00.238180 IOAPIC: Version=2.0 ChipType=ICH9
00:00:00.238256 PIT: mode=3 count=0x10000 (65536) - 18.20 Hz (ch=0)
00:00:00.238487 VMMDev: cbDefaultBudget: 694 902 784 (296b6000)
00:00:00.242468 Shared Folders service loaded
00:00:00.243054 Guest Control service loaded
00:00:00.253631 VGA: Using the 386+ BIOS image.
00:00:00.254247 DrvVD: Flushes will be ignored
00:00:00.254259 DrvVD: Async flushes will be passed to the disk
00:00:00.257743 VD: VDInit finished with VINF_SUCCESS
00:00:00.258062 AIOMgr: Endpoint for file '/mnt/goldenfir/vbox/virtualboxes/vagr_ub3/ubuntu-jammy-22.04-cloudimg.vmdk' (flags 000c0723) created successfully
00:00:00.326699 VD: Opening the disk took 69116341 ns
00:00:00.326844 DrvVD: Flushes will be ignored
00:00:00.326848 DrvVD: Async flushes will be passed to the disk
00:00:00.331387 AIOMgr: Endpoint for file '/mnt/goldenfir/vbox/virtualboxes/vagr_ub3/ubuntu-jammy-22.04-cloudimg-configdrive.vmdk' (flags 000c0723) created successfully
00:00:00.346796 VD: Opening the disk took 15576368 ns
00:00:00.349907 PIIX3 ATA: LUN#0: no unit
00:00:00.349941 PIIX3 ATA: LUN#1: no unit
00:00:00.350145 PIIX3 ATA: LUN#2: no unit
00:00:00.350153 PIIX3 ATA: LUN#3: no unit
00:00:00.350284 PIIX3 ATA: Ctl#1: finished processing RESET
00:00:00.350292 PIIX3 ATA: Ctl#0: finished processing RESET
00:00:00.350420 E1000#0: Chip=82540EM LinkUpDelay=5000ms EthernetCRC=on GSO=enabled Itr=disabled ItrRx=enabled TID=disabled R0=enabled RC=disabled
00:00:00.365167 NAT: Guest address guess set to 10.0.2.15 by initialization
00:00:00.365343 NAT: resolv.conf: nameserver 127.0.0.53
00:00:00.365349 NAT: resolv.conf: ignoring "options edns0 trust-ad"
00:00:00.365359 NAT: DNS server 127.0.0.53 registration detected, switching to the DNS proxy
00:00:00.365363 NAT: Adding domain name .
00:00:00.365366 NAT: DNS#0: 127.0.0.53
00:00:00.365434 NAT: Set redirect TCP 127.0.0.1:2201 -> 0.0.0.0:22
00:00:00.367260 E1000#1: Chip=82540EM LinkUpDelay=5000ms EthernetCRC=on GSO=enabled Itr=disabled ItrRx=enabled TID=disabled R0=enabled RC=disabled
00:00:00.367445 IntNet#0: szNetwork={HostInterfaceNetworking-vboxnet0} enmTrunkType=3 szTrunk={vboxnet0} fFlags=0x8000 cbRecv=325632 cbSend=196608 fIgnoreConnectFailure=false
00:00:00.368667 AC97: Using codec 'STAC9700'
00:00:00.368802 Audio: Initializing ALSA driver
00:00:00.426747 Audio: Found 38 devices for driver 'ALSA'
00:00:00.426783 Audio: Device 'PipeWire Sound Server':
00:00:00.426784 Audio:   ID              = pipewire
00:00:00.426784 Audio:   Usage           = duplex
00:00:00.426785 Audio:   Flags           = NONE
00:00:00.426785 Audio:   Input channels  = 2
00:00:00.426786 Audio:   Output channels = 2
00:00:00.426789 Audio: Device 'Default ALSA Output (currently PipeWire Media Server)':
00:00:00.426790 Audio:   ID              = default
00:00:00.426790 Audio:   Usage           = duplex
00:00:00.426790 Audio:   Flags           = NONE
00:00:00.426791 Audio:   Input channels  = 2
00:00:00.426792 Audio:   Output channels = 2
00:00:00.426795 Audio: Device 'Direct hardware device without any conversions (HDA NVidia, MT-24ECM)':
00:00:00.426795 Audio:   ID              = hw:CARD=NVidia,DEV=3
00:00:00.426796 Audio:   Usage           = output
00:00:00.426796 Audio:   Flags           = NONE
00:00:00.426797 Audio:   Input channels  = 0
00:00:00.426797 Audio:   Output channels = 2
00:00:00.426800 Audio: Device 'Direct hardware device without any conversions (HDA NVidia, HDMI 1)':
00:00:00.426801 Audio:   ID              = hw:CARD=NVidia,DEV=7
00:00:00.426801 Audio:   Usage           = output
00:00:00.426801 Audio:   Flags           = NONE
00:00:00.426802 Audio:   Input channels  = 0
00:00:00.426803 Audio:   Output channels = 2
00:00:00.426821 Audio: Device 'Direct hardware device without any conversions (HDA NVidia, HDMI 2)':
00:00:00.426821 Audio:   ID              = hw:CARD=NVidia,DEV=8
00:00:00.426822 Audio:   Usage           = output
00:00:00.426822 Audio:   Flags           = NONE
00:00:00.426823 Audio:   Input channels  = 0
00:00:00.426823 Audio:   Output channels = 2
00:00:00.426826 Audio: Device 'Direct hardware device without any conversions (HDA NVidia, HDMI 3)':
00:00:00.426827 Audio:   ID              = hw:CARD=NVidia,DEV=9
00:00:00.426827 Audio:   Usage           = output
00:00:00.426827 Audio:   Flags           = NONE
00:00:00.426828 Audio:   Input channels  = 0
00:00:00.426828 Audio:   Output channels = 2
00:00:00.426831 Audio: Device 'Hardware device with all software conversions (HDA NVidia, MT-24ECM)':
00:00:00.426831 Audio:   ID              = plughw:CARD=NVidia,DEV=3
00:00:00.426832 Audio:   Usage           = output
00:00:00.426832 Audio:   Flags           = NONE
00:00:00.426833 Audio:   Input channels  = 0
00:00:00.426833 Audio:   Output channels = 2
00:00:00.426836 Audio: Device 'Hardware device with all software conversions (HDA NVidia, HDMI 1)':
00:00:00.426836 Audio:   ID              = plughw:CARD=NVidia,DEV=7
00:00:00.426837 Audio:   Usage           = output
00:00:00.426839 Audio:   Flags           = NONE
00:00:00.426840 Audio:   Input channels  = 0
00:00:00.426840 Audio:   Output channels = 2
00:00:00.426843 Audio: Device 'Hardware device with all software conversions (HDA NVidia, HDMI 2)':
00:00:00.426844 Audio:   ID              = plughw:CARD=NVidia,DEV=8
00:00:00.426844 Audio:   Usage           = output
00:00:00.426845 Audio:   Flags           = NONE
00:00:00.426845 Audio:   Input channels  = 0
00:00:00.426846 Audio:   Output channels = 2
00:00:00.426848 Audio: Device 'Hardware device with all software conversions (HDA NVidia, HDMI 3)':
00:00:00.426849 Audio:   ID              = plughw:CARD=NVidia,DEV=9
00:00:00.426849 Audio:   Usage           = output
00:00:00.426850 Audio:   Flags           = NONE
00:00:00.426850 Audio:   Input channels  = 0
00:00:00.426851 Audio:   Output channels = 2
00:00:00.426853 Audio: Device 'HDMI Audio Output (HDA NVidia, MT-24ECM)':
00:00:00.426854 Audio:   ID              = hdmi:CARD=NVidia,DEV=0
00:00:00.426854 Audio:   Usage           = output
00:00:00.426855 Audio:   Flags           = NONE
00:00:00.426855 Audio:   Input channels  = 0
00:00:00.426856 Audio:   Output channels = 2
00:00:00.426858 Audio: Device 'HDMI Audio Output (HDA NVidia, HDMI 1)':
00:00:00.426858 Audio:   ID              = hdmi:CARD=NVidia,DEV=1
00:00:00.426859 Audio:   Usage           = output
00:00:00.426859 Audio:   Flags           = NONE
00:00:00.426860 Audio:   Input channels  = 0
00:00:00.426860 Audio:   Output channels = 2
00:00:00.426863 Audio: Device 'HDMI Audio Output (HDA NVidia, HDMI 2)':
00:00:00.426863 Audio:   ID              = hdmi:CARD=NVidia,DEV=2
00:00:00.426864 Audio:   Usage           = output
00:00:00.426864 Audio:   Flags           = NONE
00:00:00.426865 Audio:   Input channels  = 0
00:00:00.426865 Audio:   Output channels = 2
00:00:00.426867 Audio: Device 'HDMI Audio Output (HDA NVidia, HDMI 3)':
00:00:00.426868 Audio:   ID              = hdmi:CARD=NVidia,DEV=3
00:00:00.426869 Audio:   Usage           = output
00:00:00.426869 Audio:   Flags           = NONE
00:00:00.426869 Audio:   Input channels  = 0
00:00:00.426870 Audio:   Output channels = 2
00:00:00.426872 Audio: Device 'Direct sample mixing device (HDA NVidia, MT-24ECM)':
00:00:00.426873 Audio:   ID              = dmix:CARD=NVidia,DEV=3
00:00:00.426873 Audio:   Usage           = output
00:00:00.426873 Audio:   Flags           = NONE
00:00:00.426874 Audio:   Input channels  = 0
00:00:00.426874 Audio:   Output channels = 2
00:00:00.426877 Audio: Device 'Direct sample mixing device (HDA NVidia, HDMI 1)':
00:00:00.426878 Audio:   ID              = dmix:CARD=NVidia,DEV=7
00:00:00.426878 Audio:   Usage           = output
00:00:00.426878 Audio:   Flags           = NONE
00:00:00.426879 Audio:   Input channels  = 0
00:00:00.426879 Audio:   Output channels = 2
00:00:00.426894 Audio: Device 'Direct sample mixing device (HDA NVidia, HDMI 2)':
00:00:00.426895 Audio:   ID              = dmix:CARD=NVidia,DEV=8
00:00:00.426895 Audio:   Usage           = output
00:00:00.426895 Audio:   Flags           = NONE
00:00:00.426896 Audio:   Input channels  = 0
00:00:00.426896 Audio:   Output channels = 2
00:00:00.426901 Audio: Device 'Direct sample mixing device (HDA NVidia, HDMI 3)':
00:00:00.426902 Audio:   ID              = dmix:CARD=NVidia,DEV=9
00:00:00.426902 Audio:   Usage           = output
00:00:00.426903 Audio:   Flags           = NONE
00:00:00.426903 Audio:   Input channels  = 0
00:00:00.426904 Audio:   Output channels = 2
00:00:00.426906 Audio: Device 'Direct hardware device without any conversions (USB Composite Device, USB Audio)':
00:00:00.426907 Audio:   ID              = hw:CARD=Device,DEV=0
00:00:00.426907 Audio:   Usage           = input
00:00:00.426908 Audio:   Flags           = NONE
00:00:00.426908 Audio:   Input channels  = 2
00:00:00.426908 Audio:   Output channels = 0
00:00:00.426911 Audio: Device 'Hardware device with all software conversions (USB Composite Device, USB Audio)':
00:00:00.426911 Audio:   ID              = plughw:CARD=Device,DEV=0
00:00:00.426912 Audio:   Usage           = input
00:00:00.426912 Audio:   Flags           = NONE
00:00:00.426913 Audio:   Input channels  = 2
00:00:00.426913 Audio:   Output channels = 0
00:00:00.426916 Audio: Device 'Default Audio Device (USB Composite Device, USB Audio)':
00:00:00.426916 Audio:   ID              = sysdefault:CARD=Device
00:00:00.426916 Audio:   Usage           = input
00:00:00.426917 Audio:   Flags           = NONE
00:00:00.426917 Audio:   Input channels  = 2
00:00:00.426918 Audio:   Output channels = 0
00:00:00.426921 Audio: Device 'Front output / input (USB Composite Device, USB Audio)':
00:00:00.426921 Audio:   ID              = front:CARD=Device,DEV=0
00:00:00.426921 Audio:   Usage           = input
00:00:00.426922 Audio:   Flags           = NONE
00:00:00.426922 Audio:   Input channels  = 2
00:00:00.426923 Audio:   Output channels = 0
00:00:00.426925 Audio: Device 'Direct sample snooping device (USB Composite Device, USB Audio)':
00:00:00.426926 Audio:   ID              = dsnoop:CARD=Device,DEV=0
00:00:00.426926 Audio:   Usage           = input
00:00:00.426926 Audio:   Flags           = NONE
00:00:00.426927 Audio:   Input channels  = 2
00:00:00.426927 Audio:   Output channels = 0
00:00:00.426930 Audio: Device 'Direct hardware device without any conversions (HD-Audio Generic, ALC892 Analog)':
00:00:00.426931 Audio:   ID              = hw:CARD=Generic,DEV=0
00:00:00.426931 Audio:   Usage           = duplex
00:00:00.426931 Audio:   Flags           = NONE
00:00:00.426932 Audio:   Input channels  = 2
00:00:00.426932 Audio:   Output channels = 2
00:00:00.426935 Audio: Device 'Direct hardware device without any conversions (HD-Audio Generic, ALC892 Alt Analog)':
00:00:00.426935 Audio:   ID              = hw:CARD=Generic,DEV=2
00:00:00.426936 Audio:   Usage           = input
00:00:00.426936 Audio:   Flags           = NONE
00:00:00.426937 Audio:   Input channels  = 2
00:00:00.426937 Audio:   Output channels = 0
00:00:00.426940 Audio: Device 'Hardware device with all software conversions (HD-Audio Generic, ALC892 Analog)':
00:00:00.426940 Audio:   ID              = plughw:CARD=Generic,DEV=0
00:00:00.426941 Audio:   Usage           = duplex
00:00:00.426941 Audio:   Flags           = NONE
00:00:00.426942 Audio:   Input channels  = 2
00:00:00.426942 Audio:   Output channels = 2
00:00:00.426957 Audio: Device 'Hardware device with all software conversions (HD-Audio Generic, ALC892 Alt Analog)':
00:00:00.426957 Audio:   ID              = plughw:CARD=Generic,DEV=2
00:00:00.426958 Audio:   Usage           = input
00:00:00.426958 Audio:   Flags           = NONE
00:00:00.426959 Audio:   Input channels  = 2
00:00:00.426961 Audio:   Output channels = 0
00:00:00.426974 Audio: Device 'Default Audio Device (HD-Audio Generic, ALC892 Analog)':
00:00:00.426974 Audio:   ID              = sysdefault:CARD=Generic
00:00:00.426975 Audio:   Usage           = duplex
00:00:00.426975 Audio:   Flags           = NONE
00:00:00.426976 Audio:   Input channels  = 2
00:00:00.426976 Audio:   Output channels = 2
00:00:00.426979 Audio: Device 'Front output / input (HD-Audio Generic, ALC892 Analog)':
00:00:00.426979 Audio:   ID              = front:CARD=Generic,DEV=0
00:00:00.426980 Audio:   Usage           = duplex
00:00:00.426980 Audio:   Flags           = NONE
00:00:00.426980 Audio:   Input channels  = 2
00:00:00.426981 Audio:   Output channels = 2
00:00:00.426983 Audio: Device '2.1 Surround output to Front and Subwoofer speakers (HD-Audio Generic, ALC892 Analog)':
00:00:00.426984 Audio:   ID              = surround21:CARD=Generic,DEV=0
00:00:00.426984 Audio:   Usage           = output
00:00:00.426985 Audio:   Flags           = NONE
00:00:00.426985 Audio:   Input channels  = 0
00:00:00.426986 Audio:   Output channels = 2
00:00:00.426988 Audio: Device '4.0 Surround output to Front and Rear speakers (HD-Audio Generic, ALC892 Analog)':
00:00:00.426989 Audio:   ID              = surround40:CARD=Generic,DEV=0
00:00:00.426989 Audio:   Usage           = output
00:00:00.426989 Audio:   Flags           = NONE
00:00:00.426990 Audio:   Input channels  = 0
00:00:00.426990 Audio:   Output channels = 2
00:00:00.426993 Audio: Device '4.1 Surround output to Front, Rear and Subwoofer speakers (HD-Audio Generic, ALC892 Analog)':
00:00:00.426993 Audio:   ID              = surround41:CARD=Generic,DEV=0
00:00:00.426994 Audio:   Usage           = output
00:00:00.426994 Audio:   Flags           = NONE
00:00:00.426994 Audio:   Input channels  = 0
00:00:00.426995 Audio:   Output channels = 2
00:00:00.426997 Audio: Device '5.0 Surround output to Front, Center and Rear speakers (HD-Audio Generic, ALC892 Analog)':
00:00:00.426998 Audio:   ID              = surround50:CARD=Generic,DEV=0
00:00:00.426998 Audio:   Usage           = output
00:00:00.426999 Audio:   Flags           = NONE
00:00:00.426999 Audio:   Input channels  = 0
00:00:00.427000 Audio:   Output channels = 2
00:00:00.427002 Audio: Device '5.1 Surround output to Front, Center, Rear and Subwoofer speakers (HD-Audio Generic, ALC892 Analog)':
00:00:00.427003 Audio:   ID              = surround51:CARD=Generic,DEV=0
00:00:00.427003 Audio:   Usage           = output
00:00:00.427003 Audio:   Flags           = NONE
00:00:00.427004 Audio:   Input channels  = 0
00:00:00.427004 Audio:   Output channels = 2
00:00:00.427006 Audio: Device '7.1 Surround output to Front, Center, Side, Rear and Woofer speakers (HD-Audio Generic, ALC892 Analog)':
00:00:00.427007 Audio:   ID              = surround71:CARD=Generic,DEV=0
00:00:00.427007 Audio:   Usage           = output
00:00:00.427008 Audio:   Flags           = NONE
00:00:00.427008 Audio:   Input channels  = 0
00:00:00.427008 Audio:   Output channels = 2
00:00:00.427011 Audio: Device 'Direct sample mixing device (HD-Audio Generic, ALC892 Analog)':
00:00:00.427011 Audio:   ID              = dmix:CARD=Generic,DEV=0
00:00:00.427012 Audio:   Usage           = output
00:00:00.427012 Audio:   Flags           = NONE
00:00:00.427013 Audio:   Input channels  = 0
00:00:00.427013 Audio:   Output channels = 2
00:00:00.427016 Audio: Device 'Direct sample snooping device (HD-Audio Generic, ALC892 Analog)':
00:00:00.427016 Audio:   ID              = dsnoop:CARD=Generic,DEV=0
00:00:00.427016 Audio:   Usage           = input
00:00:00.427017 Audio:   Flags           = NONE
00:00:00.427017 Audio:   Input channels  = 2
00:00:00.427017 Audio:   Output channels = 0
00:00:00.427020 Audio: Device 'Direct sample snooping device (HD-Audio Generic, ALC892 Alt Analog)':
00:00:00.427022 Audio:   ID              = dsnoop:CARD=Generic,DEV=2
00:00:00.427022 Audio:   Usage           = input
00:00:00.427023 Audio:   Flags           = NONE
00:00:00.427023 Audio:   Input channels  = 2
00:00:00.427023 Audio:   Output channels = 0
00:00:00.427309 AC97: Reset
00:00:00.427313 AC97: Mixer reset (EAID=0x809, EACS=0x9)
00:00:00.427317 AC97: Record select to left=mic, right=mic
00:00:00.430816 Serial#0: emulating 16550A (IOBase: 03f8 IRQ: 4)
00:00:00.430918 RawFile#0: location /dev/null
00:00:00.431967 PGM: The CPU physical address width is 48 bits
00:00:00.431991 PGM: PGMR3InitFinalize: 4 MB PSE mask 0000ffffffffffff -> VINF_SUCCESS
00:00:00.432003 TM: TMR3InitFinalize: fTSCModeSwitchAllowed=true
00:00:00.432283 VMM: Enabled thread-context hooks
00:00:00.432287 VMM: RTThreadPreemptIsPending() can be trusted
00:00:00.432289 VMM: Kernel preemption is possible
00:00:00.432342 HM: fWorldSwitcher=0x0 (fIbpbOnVmExit=false fIbpbOnVmEntry=false fL1dFlushOnVmEntry=false); fL1dFlushOnSched=false fMdsClearOnVmEntry=false
00:00:00.432347 HM: Using AMD-V implementation 2.0
00:00:00.432347 HM: Max resume loops                  = 8192
00:00:00.432348 HM: AMD HWCR MSR                      = 0x9000011
00:00:00.432349 HM: AMD-V revision                    = 0x1
00:00:00.432349 HM: AMD-V max ASID                    = 32768
00:00:00.432350 HM: AMD-V features                    = 0x1bcff
00:00:00.432350 HM:   NESTED_PAGING
00:00:00.432351 HM:   LBR_VIRT
00:00:00.432351 HM:   SVM_LOCK
00:00:00.432351 HM:   NRIP_SAVE
00:00:00.432352 HM:   TSC_RATE_MSR
00:00:00.432352 HM:   VMCB_CLEAN
00:00:00.432352 HM:   FLUSH_BY_ASID
00:00:00.432352 HM:   DECODE_ASSISTS
00:00:00.432353 HM:   PAUSE_FILTER
00:00:00.432353 HM:   PAUSE_FILTER_THRESHOLD
00:00:00.432353 HM:   AVIC
00:00:00.432354 HM:   VIRT_VMSAVE_VMLOAD
00:00:00.432354 HM:   VGIF
00:00:00.432354 HM:   Reserved bit 11
00:00:00.432364 HM: Enabled SVM
00:00:00.432365 HM:   Enabled nested paging
00:00:00.432368 HM:   Enabled large page support
00:00:00.432370 HM: Disabled TPR patching
00:00:00.432370 HM: Guest support: 32-bit and 64-bit
00:00:00.432370 HM: VT-x/AMD-V init method: Global
00:00:00.432371 EM: Exit history optimizations: enabled=true enabled-r0=true enabled-r0-no-preemption=false
00:00:00.432386 PcBios: SCSI LUN#0 LCHS not provided
00:00:00.432390 PcBios: SCSI LUN#1 LCHS not provided
00:00:00.432402 APIC: fPostedIntrsEnabled=false fVirtApicRegsEnabled=false fSupportsTscDeadline=false
00:00:00.432406 TMR3UtcNow: nsNow=1 739 219 589 421 032 000 nsPrev=0 -> cNsDelta=1 739 219 589 421 032 000 (offLag=0 offVirtualSync=0 offVirtualSyncGivenUp=0, NowAgain=1 739 219 589 421 032 000)
00:00:00.432412 VMM: fUsePeriodicPreemptionTimers=true
00:00:00.436647 CPUM: Logical host processors: 8 present, 8 max, 8 online, online mask: 00000000000000ff
00:00:00.436880 CPUM: Physical host cores: 4
00:00:00.436881 ************************* CPUID dump ************************
00:00:00.436898          Raw Standard CPUID Leaves
00:00:00.436898      Leaf/sub-leaf  eax      ebx      ecx      edx
00:00:00.436899 Gst: 00000000/0000  0000000d 68747541 444d4163 69746e65
00:00:00.436900 Hst:                0000000d 68747541 444d4163 69746e65
00:00:00.436901 Gst: 00000001/0000  00800f11 00020800 d6f82203 178bfbff
00:00:00.436902 Hst:                00800f11 09080800 7ed8320b 178bfbff
00:00:00.436903 Gst: 00000002/0000  00000000 00000000 00000000 00000000
00:00:00.436905 Hst:                00000000 00000000 00000000 00000000
00:00:00.436905 Gst: 00000003/0000  00000000 00000000 00000000 00000000
00:00:00.436906 Hst:                00000000 00000000 00000000 00000000
00:00:00.436907 Gst: 00000004/0000  00000000 00000000 00000000 00000000
00:00:00.436910 Hst:                00000000 00000000 00000000 00000000
00:00:00.436910 Gst: 00000005/0000  00000000 00000000 00000000 00000000
00:00:00.436911 Hst:                00000040 00000040 00000003 00000000
00:00:00.436912 Gst: 00000006/0000  00000004 00000000 00000000 00000000
00:00:00.436912 Hst:                00000004 00000000 00000001 00000000
00:00:00.436913 Gst: 00000007/0000  00000000 00840129 00000000 00000000
00:00:00.436913 Hst:                00000000 209c01a9 00000000 00000000
00:00:00.436914 Gst: 00000007/0001  00000000 00000000 00000000 00000000
00:00:00.436915 Hst:                00000000 00000000 00000000 00000000
00:00:00.436915 Gst: 00000008/0000  00000000 00000000 00000000 00000000
00:00:00.436916 Hst:                00000000 00000000 00000000 00000000
00:00:00.436916 Gst: 00000009/0000  00000000 00000000 00000000 00000000
00:00:00.436917 Hst:                00000000 00000000 00000000 00000000
00:00:00.436917 Gst: 0000000a/0000  00000000 00000000 00000000 00000000
00:00:00.436918 Hst:                00000000 00000000 00000000 00000000
00:00:00.436919 Gst: 0000000b/0000  00000000 00000000 00000000 00000000
00:00:00.436919 Hst:                00000000 00000000 00000000 00000000
00:00:00.436920 Gst: 0000000c/0000  00000000 00000000 00000000 00000000
00:00:00.436920 Hst:                00000000 00000000 00000000 00000000
00:00:00.436921 Gst: 0000000d/0000  00000007 00000340 00000340 00000000
00:00:00.436921 Hst:                00000007 00000340 00000340 00000000
00:00:00.436922 Gst: 0000000d/0001  00000000 00000340 00000000 00000000
00:00:00.436923 Hst:                0000000f 00000340 00000000 00000000
00:00:00.436923 Gst: 0000000d/0002  00000100 00000240 00000000 00000000
00:00:00.436924 Hst:                00000100 00000240 00000000 00000000
00:00:00.436924 Gst: 0000000d/0003  00000000 00000000 00000000 00000000
00:00:00.436925 Hst:                00000000 00000000 00000000 00000000
00:00:00.436932                                Name: AuthenticAMD
00:00:00.436934                            Supports: 0x00000000-0x0000000d
00:00:00.436936                              Family: 15 	Extended: 8 	Effective: 23
00:00:00.436937                               Model:  1 	Extended: 0 	Effective: 1
00:00:00.436938                            Stepping: 1
00:00:00.436939                                Type: 0 (primary)
00:00:00.436939                             APIC ID: 0x00
00:00:00.436940                        Logical CPUs: 2
00:00:00.436941                        CLFLUSH Size: 8
00:00:00.436942                            Brand ID: 0x00
00:00:00.436942 Features
00:00:00.436943   Mnemonic - Description                                  = guest (host)
00:00:00.436944   FPU - x87 FPU on Chip                                   = 1 (1)
00:00:00.436956   VME - Virtual 8086 Mode Enhancements                    = 1 (1)
00:00:00.436957   DE - Debugging extensions                               = 1 (1)
00:00:00.436958   PSE - Page Size Extension                               = 1 (1)
00:00:00.436959   TSC - Time Stamp Counter                                = 1 (1)
00:00:00.436960   MSR - Model Specific Registers                          = 1 (1)
00:00:00.436961   PAE - Physical Address Extension                        = 1 (1)
00:00:00.436962   MCE - Machine Check Exception                           = 1 (1)
00:00:00.436963   CX8 - CMPXCHG8B instruction                             = 1 (1)
00:00:00.436964   APIC - APIC On-Chip                                     = 1 (1)
00:00:00.436965   SEP - SYSENTER and SYSEXIT Present                      = 1 (1)
00:00:00.436967   MTRR - Memory Type Range Registers                      = 1 (1)
00:00:00.436968   PGE - PTE Global Bit                                    = 1 (1)
00:00:00.436971   MCA - Machine Check Architecture                        = 1 (1)
00:00:00.436971   CMOV - Conditional Move instructions                    = 1 (1)
00:00:00.436972   PAT - Page Attribute Table                              = 1 (1)
00:00:00.436973   PSE-36 - 36-bit Page Size Extension                     = 1 (1)
00:00:00.436974   PSN - Processor Serial Number                           = 0 (0)
00:00:00.436975   CLFSH - CLFLUSH instruction                             = 1 (1)
00:00:00.436976   DS - Debug Store                                        = 0 (0)
00:00:00.436977   ACPI - Thermal Mon. & Soft. Clock Ctrl.                 = 0 (0)
00:00:00.436978   MMX - Intel MMX Technology                              = 1 (1)
00:00:00.436979   FXSR - FXSAVE and FXRSTOR instructions                  = 1 (1)
00:00:00.436979   SSE - SSE support                                       = 1 (1)
00:00:00.436980   SSE2 - SSE2 support                                     = 1 (1)
00:00:00.436982   SS - Self Snoop                                         = 0 (0)
00:00:00.436983   HTT - Hyper-Threading Technology                        = 1 (1)
00:00:00.436983   TM - Therm. Monitor                                     = 0 (0)
00:00:00.436984   PBE - Pending Break Enabled                             = 0 (0)
00:00:00.436986   SSE3 - SSE3 support                                     = 1 (1)
00:00:00.436987   PCLMUL - PCLMULQDQ support (for AES-GCM)                = 1 (1)
00:00:00.436987   DTES64 - DS Area 64-bit Layout                          = 0 (0)
00:00:00.436988   MONITOR - MONITOR/MWAIT instructions                    = 0 (1)
00:00:00.436989   CPL-DS - CPL Qualified Debug Store                      = 0 (0)
00:00:00.436990   VMX - Virtual Machine Extensions                        = 0 (0)
00:00:00.436991   SMX - Safer Mode Extensions                             = 0 (0)
00:00:00.436992   EST - Enhanced SpeedStep Technology                     = 0 (0)
00:00:00.436993   TM2 - Terminal Monitor 2                                = 0 (0)
00:00:00.436994   SSSE3 - Supplemental Streaming SIMD Extensions 3        = 1 (1)
00:00:00.436994   CNTX-ID - L1 Context ID                                 = 0 (0)
00:00:00.436995   SDBG - Silicon Debug interface                          = 0 (0)
00:00:00.436996   FMA - Fused Multiply Add extensions                     = 0 (1)
00:00:00.436997   CX16 - CMPXCHG16B instruction                           = 1 (1)
00:00:00.436998   TPRUPDATE - xTPR Update Control                         = 0 (0)
00:00:00.436999   PDCM - Perf/Debug Capability MSR                        = 0 (0)
00:00:00.437000   PCID - Process Context Identifiers                      = 0 (0)
00:00:00.437001   DCA - Direct Cache Access                               = 0 (0)
00:00:00.437001   SSE4_1 - SSE4_1 support                                 = 1 (1)
00:00:00.437002   SSE4_2 - SSE4_2 support                                 = 1 (1)
00:00:00.437003   X2APIC - x2APIC support                                 = 1 (0)
00:00:00.437004   MOVBE - MOVBE instruction                               = 1 (1)
00:00:00.437005   POPCNT - POPCNT instruction                             = 1 (1)
00:00:00.437006   TSCDEADL - Time Stamp Counter Deadline                  = 0 (0)
00:00:00.437007   AES - AES instructions                                  = 1 (1)
00:00:00.437008   XSAVE - XSAVE instruction                               = 1 (1)
00:00:00.437009   OSXSAVE - OSXSAVE instruction                           = 0 (1)
00:00:00.437010   AVX - AVX support                                       = 1 (1)
00:00:00.437011   F16C - 16-bit floating point conversion instructions    = 0 (1)
00:00:00.437011   RDRAND - RDRAND instruction                             = 1 (1)
00:00:00.437012   HVP - Hypervisor Present (we're a guest)                = 1 (0)
00:00:00.437013 Structured Extended Feature Flags Enumeration (leaf 7):
00:00:00.437014   Mnemonic - Description                                  = guest (host)
00:00:00.437014   FSGSBASE - RDFSBASE/RDGSBASE/WRFSBASE/WRGSBASE instr.   = 1 (1)
00:00:00.437015   TSCADJUST - Supports MSR_IA32_TSC_ADJUST                = 0 (0)
00:00:00.437015   SGX - Supports Software Guard Extensions                = 0 (0)
00:00:00.437016   BMI1 - Advanced Bit Manipulation extension 1            = 1 (1)
00:00:00.437017   HLE - Hardware Lock Elision                             = 0 (0)
00:00:00.437018   AVX2 - Advanced Vector Extensions 2                     = 1 (1)
00:00:00.437019   FDP_EXCPTN_ONLY - FPU DP only updated on exceptions     = 0 (0)
00:00:00.437019   SMEP - Supervisor Mode Execution Prevention             = 0 (1)
00:00:00.437020   BMI2 - Advanced Bit Manipulation extension 2            = 1 (1)
00:00:00.437021   ERMS - Enhanced REP MOVSB/STOSB instructions            = 0 (0)
00:00:00.437022   INVPCID - INVPCID instruction                           = 0 (0)
00:00:00.437022   RTM - Restricted Transactional Memory                   = 0 (0)
00:00:00.437023   PQM - Platform Quality of Service Monitoring            = 0 (0)
00:00:00.437024   DEPFPU_CS_DS - Deprecates FPU CS, FPU DS values if set  = 0 (0)
00:00:00.437025   MPE - Intel Memory Protection Extensions                = 0 (0)
00:00:00.437025   PQE - Platform Quality of Service Enforcement           = 0 (0)
00:00:00.437027   AVX512F - AVX512 Foundation instructions                = 0 (0)
00:00:00.437028   RDSEED - RDSEED instruction                             = 1 (1)
00:00:00.437029   ADX - ADCX/ADOX instructions                            = 0 (1)
00:00:00.437032   SMAP - Supervisor Mode Access Prevention                = 0 (1)
00:00:00.437032   CLFLUSHOPT - CLFLUSHOPT (Cache Line Flush) instruction  = 1 (1)
00:00:00.437033   CLWB - CLWB instruction                                 = 0 (0)
00:00:00.437034   INTEL_PT - Intel Processor Trace                        = 0 (0)
00:00:00.437035   AVX512PF - AVX512 Prefetch instructions                 = 0 (0)
00:00:00.437036   AVX512ER - AVX512 Exponential & Reciprocal instructions = 0 (0)
00:00:00.437036   AVX512CD - AVX512 Conflict Detection instructions       = 0 (0)
00:00:00.437037   SHA - Secure Hash Algorithm extensions                  = 0 (1)
00:00:00.437038   PREFETCHWT1 - PREFETCHWT1 instruction                   = 0 (0)
00:00:00.437039   UMIP - User mode insturction prevention                 = 0 (0)
00:00:00.437039   PKU - Protection Key for Usermode pages                 = 0 (0)
00:00:00.437040   OSPKE - CR4.PKU mirror                                  = 0 (0)
00:00:00.437041   MAWAU - Value used by BNDLDX & BNDSTX                   = 0x0 (0x0)
00:00:00.437042   RDPID - Read processor ID support                       = 0 (0)
00:00:00.437043   SGX_LC - Supports SGX Launch Configuration              = 0 (0)
00:00:00.437044 Processor Extended State Enumeration (leaf 0xd):
00:00:00.437044    XSAVE area cur/max size by XCR0, guest: 0x340/0x340
00:00:00.437045     XSAVE area cur/max size by XCR0, host: 0x340/0x340
00:00:00.437046                    Valid XCR0 bits, guest: 0x00000000`00000007 ( x87 SSE YMM_Hi128 )
00:00:00.437048                     Valid XCR0 bits, host: 0x00000000`00000007 ( x87 SSE YMM_Hi128 )
00:00:00.437050                     XSAVE features, guest:
00:00:00.437051                      XSAVE features, host: XSAVEOPT XSAVEC XGETBC1 XSAVES
00:00:00.437052       XSAVE area cur size XCR0|XSS, guest: 0x340
00:00:00.437053        XSAVE area cur size XCR0|XSS, host: 0x340
00:00:00.437053                Valid IA32_XSS bits, guest: 0x00000000`00000000
00:00:00.437054                 Valid IA32_XSS bits, host: 0x00000000`00000000
00:00:00.437055   State #2, guest: off=0x0240, cb=0x0100 IA32_XSS-bit -- YMM_Hi128
00:00:00.437056   State #2, host:  off=0x0240, cb=0x0100 IA32_XSS-bit -- YMM_Hi128
00:00:00.437061          Raw Hypervisor CPUID Leaves
00:00:00.437061      Leaf/sub-leaf  eax      ebx      ecx      edx
00:00:00.437062 Gst: 40000000/0000  40000001 4b4d564b 564b4d56 0000004d
00:00:00.437063 Hst:                00000000 00000000 00000000 00000000
00:00:00.437063 Gst: 40000001/0000  01000089 00000000 00000000 00000000
00:00:00.437064 Hst:                00000000 00000000 00000000 00000000
00:00:00.437065          Raw Extended CPUID Leaves
00:00:00.437065      Leaf/sub-leaf  eax      ebx      ecx      edx
00:00:00.437065 Gst: 80000000/0000  8000001e 68747541 444d4163 69746e65
00:00:00.437066 Hst:                8000001f 68747541 444d4163 69746e65
00:00:00.437067 Gst: 80000001/0000  00800f11 20000000 000001f3 2bd3fb7f
00:00:00.437068 Hst:                00800f11 20000000 35c233ff 2fd3fbff
00:00:00.437069 Gst: 80000002/0000  20444d41 657a7952 2035206e 30303431
00:00:00.437070 Hst:                20444d41 657a7952 2035206e 30303431
00:00:00.437071 Gst: 80000003/0000  61755120 6f432d64 50206572 65636f72
00:00:00.437071 Hst:                61755120 6f432d64 50206572 65636f72
00:00:00.437072 Gst: 80000004/0000  726f7373 20202020 20202020 00202020
00:00:00.437073 Hst:                726f7373 20202020 20202020 00202020
00:00:00.437074 Gst: 80000005/0000  ff40ff40 ff40ff40 20080140 40040140
00:00:00.437075 Hst:                ff40ff40 ff40ff40 20080140 40040140
00:00:00.437076 Gst: 80000006/0000  26006400 66006400 02006140 00408140
00:00:00.437077 Hst:                26006400 66006400 02006140 00408140
00:00:00.437077 Gst: 80000007/0000  00000000 00000000 00000000 00000100
00:00:00.437078 Hst:                00000000 0000001b 00000000 00006599
00:00:00.437079 Gst: 80000008/0000  00003030 04000000 00000001 00000000
00:00:00.437080 Hst:                00003030 00001007 00004007 00000000
00:00:00.437080 Gst: 80000009/0000  00000000 00000000 00000000 00000000
00:00:00.437081 Hst:                00000000 00000000 00000000 00000000
00:00:00.437081 Gst: 8000000a/0000  00000000 00000000 00000000 00000000
00:00:00.437082 Hst:                00000001 00008000 00000000 0001bcff
00:00:00.437083 Gst: 8000000b/0000  00000000 00000000 00000000 00000000
00:00:00.437083 Hst:                00000000 00000000 00000000 00000000
00:00:00.437084 Gst: 8000000c/0000  00000000 00000000 00000000 00000000
00:00:00.437084 Hst:                00000000 00000000 00000000 00000000
00:00:00.437085 Gst: 8000000d/0000  00000000 00000000 00000000 00000000
00:00:00.437086 Hst:                00000000 00000000 00000000 00000000
00:00:00.437086 Gst: 8000000e/0000  00000000 00000000 00000000 00000000
00:00:00.437087 Hst:                00000000 00000000 00000000 00000000
00:00:00.437088 Gst: 8000000f/0000  00000000 00000000 00000000 00000000
00:00:00.437089 Hst:                00000000 00000000 00000000 00000000
00:00:00.437090 Gst: 80000010/0000  00000000 00000000 00000000 00000000
00:00:00.437091 Hst:                00000000 00000000 00000000 00000000
00:00:00.437093 Gst: 80000011/0000  00000000 00000000 00000000 00000000
00:00:00.437093 Hst:                00000000 00000000 00000000 00000000
00:00:00.437094 Gst: 80000012/0000  00000000 00000000 00000000 00000000
00:00:00.437094 Hst:                00000000 00000000 00000000 00000000
00:00:00.437095 Gst: 80000013/0000  00000000 00000000 00000000 00000000
00:00:00.437096 Hst:                00000000 00000000 00000000 00000000
00:00:00.437096 Gst: 80000014/0000  00000000 00000000 00000000 00000000
00:00:00.437097 Hst:                00000000 00000000 00000000 00000000
00:00:00.437097 Gst: 80000015/0000  00000000 00000000 00000000 00000000
00:00:00.437098 Hst:                00000000 00000000 00000000 00000000
00:00:00.437098 Gst: 80000016/0000  00000000 00000000 00000000 00000000
00:00:00.437099 Hst:                00000000 00000000 00000000 00000000
00:00:00.437100 Gst: 80000017/0000  00000000 00000000 00000000 00000000
00:00:00.437100 Hst:                00000000 00000000 00000000 00000000
00:00:00.437101 Gst: 80000018/0000  00000000 00000000 00000000 00000000
00:00:00.437101 Hst:                00000000 00000000 00000000 00000000
00:00:00.437102 Gst: 80000019/0000  f040f040 00000000 00000000 00000000
00:00:00.437103 Hst:                f040f040 00000000 00000000 00000000
00:00:00.437103 Gst: 8000001a/0000  00000003 00000000 00000000 00000000
00:00:00.437104 Hst:                00000003 00000000 00000000 00000000
00:00:00.437104 Gst: 8000001b/0000  00000000 00000000 00000000 00000000
00:00:00.437105 Hst:                000003ff 00000000 00000000 00000000
00:00:00.437106 Gst: 8000001c/0000  00000000 00000000 00000000 00000000
00:00:00.437106 Hst:                00000000 00000000 00000000 00000000
00:00:00.437107 Gst: 8000001d/0000  00004121 01c0003f 0000003f 00000000
00:00:00.437108 Hst:                00004121 01c0003f 0000003f 00000000
00:00:00.437108 Gst: 8000001d/0001  00004122 00c0003f 000000ff 00000000
00:00:00.437109 Hst:                00004122 00c0003f 000000ff 00000000
00:00:00.437110 Gst: 8000001d/0002  00004143 01c0003f 000003ff 00000002
00:00:00.437110 Hst:                00004143 01c0003f 000003ff 00000002
00:00:00.437111 Gst: 8000001d/0003  00004163 03c0003f 00000fff 00000001
00:00:00.437112 Hst:                0000c163 03c0003f 00000fff 00000001
00:00:00.437113 Gst: 8000001d/0004  00000000 00000000 00000000 00000000
00:00:00.437113 Hst:                00000000 00000000 00000000 00000000
00:00:00.437114 Gst: 8000001e/0000  00000000 00000100 00000000 00000000
00:00:00.437115 Hst:                00000009 00000104 00000000 00000000
00:00:00.437115 Hst: 8000001f/0000  00000007 0000016f 0000000f 00000000
00:00:00.437116 Ext Name:                        AuthenticAMD
00:00:00.437117 Ext Supports:                    0x80000000-0x8000001e
00:00:00.437117 Family:                          15  	Extended: 8 	Effective: 23
00:00:00.437118 Model:                           1  	Extended: 0 	Effective: 1
00:00:00.437118 Stepping:                        1
00:00:00.437118 Brand ID:                        0x000
00:00:00.437119 Ext Features
00:00:00.437119   Mnemonic - Description                                  = guest (host)
00:00:00.437120   FPU - x87 FPU on Chip                                   = 1 (1)
00:00:00.437121   VME - Virtual 8086 Mode Enhancements                    = 1 (1)
00:00:00.437122   DE - Debugging extensions                               = 1 (1)
00:00:00.437123   PSE - Page Size Extension                               = 1 (1)
00:00:00.437124   TSC - Time Stamp Counter                                = 1 (1)
00:00:00.437125   MSR - K86 Model Specific Registers                      = 1 (1)
00:00:00.437126   PAE - Physical Address Extension                        = 1 (1)
00:00:00.437127   MCE - Machine Check Exception                           = 0 (1)
00:00:00.437127   CX8 - CMPXCHG8B instruction                             = 1 (1)
00:00:00.437128   APIC - APIC On-Chip                                     = 1 (1)
00:00:00.437129   SEP - SYSCALL/SYSRET                                    = 1 (1)
00:00:00.437130   MTRR - Memory Type Range Registers                      = 1 (1)
00:00:00.437131   PGE - PTE Global Bit                                    = 1 (1)
00:00:00.437132   MCA - Machine Check Architecture                        = 1 (1)
00:00:00.437133   CMOV - Conditional Move instructions                    = 1 (1)
00:00:00.437134   PAT - Page Attribute Table                              = 1 (1)
00:00:00.437135   PSE-36 - 36-bit Page Size Extension                     = 1 (1)
00:00:00.437135   NX - No-Execute/Execute-Disable                         = 1 (1)
00:00:00.437136   AXMMX - AMD Extensions to MMX instructions              = 1 (1)
00:00:00.437137   MMX - Intel MMX Technology                              = 1 (1)
00:00:00.437138   FXSR - FXSAVE and FXRSTOR Instructions                  = 1 (1)
00:00:00.437139   FFXSR - AMD fast FXSAVE and FXRSTOR instructions        = 1 (1)
00:00:00.437139   Page1GB - 1 GB large page                               = 0 (1)
00:00:00.437140   RDTSCP - RDTSCP instruction                             = 1 (1)
00:00:00.437141   LM - AMD64 Long Mode                                    = 1 (1)
00:00:00.437142   3DNOWEXT - AMD Extensions to 3DNow                      = 0 (0)
00:00:00.437143   3DNOW - AMD 3DNow                                       = 0 (0)
00:00:00.437144   LahfSahf - LAHF/SAHF support in 64-bit mode             = 1 (1)
00:00:00.437145   CmpLegacy - Core multi-processing legacy mode           = 1 (1)
00:00:00.437146   SVM - AMD Secure Virtual Machine extensions             = 0 (1)
00:00:00.437147   EXTAPIC - AMD Extended APIC registers                   = 0 (1)
00:00:00.437147   CR8L - AMD LOCK MOV CR0 means MOV CR8                   = 1 (1)
00:00:00.437149   ABM - AMD Advanced Bit Manipulation                     = 1 (1)
00:00:00.437150   SSE4A - SSE4A instructions                              = 1 (1)
00:00:00.437151   MISALIGNSSE - AMD Misaligned SSE mode                   = 1 (1)
00:00:00.437154   3DNOWPRF - AMD PREFETCH and PREFETCHW instructions      = 1 (1)
00:00:00.437154   OSVW - AMD OS Visible Workaround                        = 0 (1)
00:00:00.437155   IBS - Instruct Based Sampling                           = 0 (0)
00:00:00.437156   XOP - Extended Operation support                        = 0 (0)
00:00:00.437157   SKINIT - SKINIT, STGI, and DEV support                  = 0 (1)
00:00:00.437158   WDT - AMD Watchdog Timer support                        = 0 (1)
00:00:00.437159   LWP - Lightweight Profiling support                     = 0 (0)
00:00:00.437159   FMA4 - Four operand FMA instruction support             = 0 (0)
00:00:00.437160   TCE - Translation Cache Extension support               = 0 (1)
00:00:00.437161   NodeId - NodeId in MSR C001_100C                        = 0 (0)
00:00:00.437162   TBM - Trailing Bit Manipulation instructions            = 0 (0)
00:00:00.437163   TOPOEXT - Topology Extensions                           = 0 (1)
00:00:00.437163   PRFEXTCORE - Performance Counter Extensions support     = 0 (1)
00:00:00.437164   PRFEXTNB - NB Performance Counter Extensions support    = 0 (1)
00:00:00.437165   DATABPEXT - Data-access Breakpoint Extension            = 0 (1)
00:00:00.437165   PERFTSC - Performance Time Stamp Counter                = 0 (0)
00:00:00.437166   PCX_L2I - L2I/L3 Performance Counter Extensions         = 0 (1)
00:00:00.437167   MONITORX - MWAITX and MONITORX instructions             = 0 (1)
00:00:00.437168   AddrMaskExt - BP Addressing masking extended to bit 31  = 0 (0)
00:00:00.437168 SVM Feature Identification (leaf A):
00:00:00.437169   NP - Nested Paging                                      = 0 (1)
00:00:00.437170   LbrVirt - Last Branch Record Virtualization             = 0 (1)
00:00:00.437171   SVML - SVM Lock                                         = 0 (1)
00:00:00.437172   NRIPS - NextRIP Save                                    = 0 (1)
00:00:00.437173   TscRateMsr - MSR based TSC rate control                 = 0 (1)
00:00:00.437174   VmcbClean - VMCB clean bits                             = 0 (1)
00:00:00.437174   FlushByASID - Flush by ASID                             = 0 (1)
00:00:00.437175   DecodeAssists - Decode Assists                          = 0 (1)
00:00:00.437176   PauseFilter - Pause intercept filter                    = 0 (1)
00:00:00.437177   11 - Reserved                                           = 0 (1)
00:00:00.437178   PauseFilterThreshold - Pause filter threshold           = 0 (1)
00:00:00.437179   AVIC - Advanced Virtual Interrupt Controller            = 0 (1)
00:00:00.437180   VMSAVEVirt - VMSAVE and VMLOAD Virtualization           = 0 (1)
00:00:00.437180   VGIF - Virtual Global-Interrupt Flag                    = 0 (1)
00:00:00.437181   GMET - Guest Mode Execute Trap Extension                = 0 (0)
00:00:00.437182   x2AVIC - AVIC support for x2APIC mode                   = 0 (0)
00:00:00.437183   SSSCheck - SVM supervisor shadow stack restrictions     = 0 (0)
00:00:00.437183   SpecCtrl - SPEC_CTRL virtualization                     = 0 (0)
00:00:00.437184   ROGPT - Read-Only Guest Page Table feature support      = 0 (0)
00:00:00.437185   HOST_MCE_OVERRIDE - Guest #MC can be intercepted        = 0 (0)
00:00:00.437185   TlbiCtl - INVLPGB/TLBSYNC enable and intercept          = 0 (0)
00:00:00.437186   VNMI - NMI Virtualization                               = 0 (0)
00:00:00.437187   IbsVirt - IBS Virtualization                            = 0 (0)
00:00:00.437188   ExtLvtAvicAccessChg - Extended LVT access changes       = 0 (0)
00:00:00.437189   NestedVirtVmcbAddrChk - Guest VMCB address check        = 0 (0)
00:00:00.437189   BusLockThreshold - Bus Lock Threshold                   = 0 (0)
00:00:00.437190 Full Name:                       "AMD Ryzen 5 1400 Quad-Core Processor           "
00:00:00.437191 TLB 2/4M Instr/Uni:              fully  64 entries
00:00:00.437191 TLB 2/4M Data:                   fully  64 entries
00:00:00.437192 TLB 4K Instr/Uni:                fully  64 entries
00:00:00.437192 TLB 4K Data:                     fully  64 entries
00:00:00.437193 L1 Instr Cache Line Size:        64 bytes
00:00:00.437194 L1 Instr Cache Lines Per Tag:    1
00:00:00.437194 L1 Instr Cache Associativity:    4 way
00:00:00.437194 L1 Instr Cache Size:             64 KB
00:00:00.437195 L1 Data Cache Line Size:         64 bytes
00:00:00.437195 L1 Data Cache Lines Per Tag:     1
00:00:00.437195 L1 Data Cache Associativity:     8 way
00:00:00.437196 L1 Data Cache Size:              32 KB
00:00:00.437196 L2 TLB 2/4M Instr/Uni:           8 way  1024 entries
00:00:00.437197 L2 TLB 2/4M Data:                2 way  1536 entries
00:00:00.437197 L2 TLB 4K Instr/Uni:             8 way  1024 entries
00:00:00.437198 L2 TLB 4K Data:                  8 way  1536 entries
00:00:00.437198 L2 Cache Line Size:              64 bytes
00:00:00.437198 L2 Cache Lines Per Tag:          1
00:00:00.437199 L2 Cache Associativity:          16 way
00:00:00.437199 L2 Cache Size:                   64 KB
00:00:00.437200   TS - Temperature Sensor                                 = 0 (1)
00:00:00.437201   FID - Frequency ID control                              = 0 (0)
00:00:00.437202   VID - Voltage ID control                                = 0 (0)
00:00:00.437203   TTP - Thermal Trip                                      = 0 (1)
00:00:00.437204   TM - Hardware Thermal Control (HTC)                     = 0 (1)
00:00:00.437205   100MHzSteps - 100 MHz Multiplier control                = 0 (0)
00:00:00.437205   HwPstate - Hardware P-state control                     = 0 (1)
00:00:00.437206   TscInvariant - Invariant Time Stamp Counter             = 1 (1)
00:00:00.437207   CPB - Core Performance Boost                            = 0 (0)
00:00:00.437208   EffFreqRO - Read-only Effective Frequency Interface     = 0 (1)
00:00:00.437208   ProcFdbkIf - Processor Feedback Interface               = 0 (0)
00:00:00.437210   ProcPwrRep - Core power reporting interface support     = 0 (0)
00:00:00.437211   ConnectedStandby - Connected Standby                    = 0 (1)
00:00:00.437212   RAPL - Running average power limit                      = 0 (1)
00:00:00.437215   CLZERO - Clear zero instruction (cacheline)             = 0 (1)
00:00:00.437216   IRPerf - Instructions retired count support             = 0 (1)
00:00:00.437217   XSaveErPtr - Save/restore error pointers (FXSAVE/RSTOR*) = 0 (1)
00:00:00.437217   INVLPGB - INVLPGB and TLBSYNC instructions              = 0 (0)
00:00:00.437218   RDPRU - RDPRU instruction                               = 0 (0)
00:00:00.437219   BE - Bandwidth Enforcement extension                    = 0 (0)
00:00:00.437220   MCOMMIT - MCOMMIT instruction                           = 0 (0)
00:00:00.437221   WBNOINVD - WBNOINVD instruction                         = 0 (0)
00:00:00.437222   IBPB - Supports the IBPB command in IA32_PRED_CMD       = 0 (1)
00:00:00.437222   INT_WBINVD - WBINVD/WBNOINVD interruptible              = 0 (0)
00:00:00.437223   IBRS - Indirect Branch Restricted Speculation           = 0 (0)
00:00:00.437224   STIBP - Single Thread Indirect Branch Prediction        = 0 (0)
00:00:00.437224   IbrsAlwaysOn - Processor prefers that IBRS be left on   = 0 (0)
00:00:00.437225   StibpAlwaysOn - Processor prefers that STIBP be left on = 0 (0)
00:00:00.437226   IbrsPreferred - IBRS preferred over software solution   = 0 (0)
00:00:00.437226   IbrsSameMode - IBRS limits same mode speculation        = 0 (0)
00:00:00.437227   EferLmsleUnsupported - EFER.LMSLE is unsupported        = 0 (0)
00:00:00.437228   INVLPGBnestedPages - INVLPGB for nested translation     = 0 (0)
00:00:00.437228   SSBD - Speculative Store Bypass Disable                 = 0 (0)
00:00:00.437229   SsbdVirtSpecCtrl - Use VIRT_SPEC_CTL for SSBD           = 0 (0)
00:00:00.437230   SsbdNotRequired - SSBD not needed on this processor     = 1 (0)
00:00:00.437230   CPPC - Collaborative Processor Performance Control      = 0 (0)
00:00:00.437231   PSFD - Predictive Store Forward Disable                 = 0 (0)
00:00:00.437232   BTC_NO - Unaffected by branch type confusion            = 0 (0)
00:00:00.437232   IBPB_RET - Clears RA predictor when PRED_CMD.IBPB set   = 0 (0)
00:00:00.437233 Physical Address Width:          48 bits
00:00:00.437233 Virtual Address Width:           48 bits
00:00:00.437234 Guest Physical Address Width:    0 bits
00:00:00.437234 Physical Core Count:             2
00:00:00.437236 
00:00:00.437236 ******************** End of CPUID dump **********************
00:00:00.432359 HM: fUsePauseFilter=false fUseLbrVirt=false fUseVGif=true fUseVirtVmsaveVmload=true
00:00:00.437418 VMEmt: Halt method global1 (5)
00:00:00.437471 VMEmt: HaltedGlobal1 config: cNsSpinBlockThresholdCfg=2000
00:00:00.437501 Changing the VM state from 'CREATING' to 'CREATED'
00:00:00.443421 SharedFolders host service: Adding host mapping
00:00:00.443453     Host path '/mnt/goldenfir/vbox/vagr_ub3', map name 'vagrant', writable, automount=false, automntpnt=, create_symlinks=true, missing=false
00:00:00.445785 SharedFolders host service: Adding host mapping
00:00:00.445819     Host path '/mnt/goldenfir/vbox/sync_f', map name 'vagrant_data', writable, automount=false, automntpnt=, create_symlinks=true, missing=false
00:00:00.447453 Changing the VM state from 'CREATED' to 'POWERING_ON'
00:00:00.447570 AIOMgr: Endpoints without assigned bandwidth groups:
00:00:00.447583 AIOMgr:     /mnt/goldenfir/vbox/virtualboxes/vagr_ub3/ubuntu-jammy-22.04-cloudimg-configdrive.vmdk
00:00:00.447587 AIOMgr:     /mnt/goldenfir/vbox/virtualboxes/vagr_ub3/ubuntu-jammy-22.04-cloudimg.vmdk
00:00:00.447804 Changing the VM state from 'POWERING_ON' to 'RUNNING'
00:00:00.447812 Console: Machine state changed to 'Running'
00:00:00.447950 VBoxHeadless: starting event loop
00:00:00.449198 VMMDev: Guest Log: BIOS: VirtualBox 7.0.16
00:00:00.449293 PCI: Setting up resources and interrupts
00:00:00.449771 PIT: mode=2 count=0x10000 (65536) - 18.20 Hz (ch=0)
00:00:00.475805 Display::i_handleDisplayResize: uScreenId=0 pvVRAM=0000000000000000 w=720 h=400 bpp=0 cbLine=0x0 flags=0x0 origin=0,0
00:00:00.476049 VMMDev: Guest Log: CPUID EDX: 0x178bfbff
00:00:00.477285 VMMDev: Guest Log: BIOS: SCSI 0-ID#0: LCHS=5220/255/63 0x0000000005000000 sectors
00:00:00.477547 VMMDev: Guest Log: BIOS: SCSI 1-ID#1: LCHS=10/64/32 0x0000000000005000 sectors
00:00:00.477567 LsiLogic#0: 2/0/6 (Bus/Target/CDBLength) doesn't exist
00:00:00.477574 LsiLogic#0: Guest issued CDB {0x12, 0x0, 0x0, 0x0, 0x5, 0x0}
00:00:00.478159 LsiLogic#0: 3/0/6 (Bus/Target/CDBLength) doesn't exist
00:00:00.478174 LsiLogic#0: Guest issued CDB {0x12, 0x0, 0x0, 0x0, 0x5, 0x0}
00:00:00.478261 LsiLogic#0: 4/0/6 (Bus/Target/CDBLength) doesn't exist
00:00:00.478266 LsiLogic#0: Guest issued CDB {0x12, 0x0, 0x0, 0x0, 0x5, 0x0}
00:00:00.478388 LsiLogic#0: 5/0/6 (Bus/Target/CDBLength) doesn't exist
00:00:00.478393 LsiLogic#0: Guest issued CDB {0x12, 0x0, 0x0, 0x0, 0x5, 0x0}
00:00:00.478540 LsiLogic#0: 6/0/6 (Bus/Target/CDBLength) doesn't exist
00:00:00.478547 LsiLogic#0: Guest issued CDB {0x12, 0x0, 0x0, 0x0, 0x5, 0x0}
00:00:00.478586 LsiLogic#0: 7/0/6 (Bus/Target/CDBLength) doesn't exist
00:00:00.478590 LsiLogic#0: Guest issued CDB {0x12, 0x0, 0x0, 0x0, 0x5, 0x0}
00:00:00.478665 LsiLogic#0: 8/0/6 (Bus/Target/CDBLength) doesn't exist
00:00:00.478670 LsiLogic#0: Guest issued CDB {0x12, 0x0, 0x0, 0x0, 0x5, 0x0}
00:00:00.478705 LsiLogic#0: 9/0/6 (Bus/Target/CDBLength) doesn't exist
00:00:00.478709 LsiLogic#0: Guest issued CDB {0x12, 0x0, 0x0, 0x0, 0x5, 0x0}
00:00:00.478850 LsiLogic#0: 10/0/6 (Bus/Target/CDBLength) doesn't exist
00:00:00.478855 LsiLogic#0: Guest issued CDB {0x12, 0x0, 0x0, 0x0, 0x5, 0x0}
00:00:00.478892 LsiLogic#0: 11/0/6 (Bus/Target/CDBLength) doesn't exist
00:00:00.478896 LsiLogic#0: Guest issued CDB {0x12, 0x0, 0x0, 0x0, 0x5, 0x0}
00:00:00.478934 LsiLogic#0: 12/0/6 (Bus/Target/CDBLength) doesn't exist
00:00:00.478938 LsiLogic#0: Guest issued CDB {0x12, 0x0, 0x0, 0x0, 0x5, 0x0}
00:00:00.478991 LsiLogic#0: 13/0/6 (Bus/Target/CDBLength) doesn't exist
00:00:00.478997 LsiLogic#0: Guest issued CDB {0x12, 0x0, 0x0, 0x0, 0x5, 0x0}
00:00:00.479029 LsiLogic#0: 14/0/6 (Bus/Target/CDBLength) doesn't exist
00:00:00.479032 LsiLogic#0: Guest issued CDB {0x12, 0x0, 0x0, 0x0, 0x5, 0x0}
00:00:00.479065 LsiLogic#0: 15/0/6 (Bus/Target/CDBLength) doesn't exist
00:00:00.479069 LsiLogic#0: Guest issued CDB {0x12, 0x0, 0x0, 0x0, 0x5, 0x0}
00:00:00.481794 PIT: mode=2 count=0x48d3 (18643) - 64.00 Hz (ch=0)
00:00:00.504776 Display::i_handleDisplayResize: uScreenId=0 pvVRAM=000070fc2a200000 w=640 h=480 bpp=32 cbLine=0xA00 flags=0x0 origin=0,0
00:00:01.175191 NAT: Old socket recv size: 128KB
00:00:01.175242 NAT: Old socket send size: 128KB
00:00:02.973622 PIT: mode=2 count=0x10000 (65536) - 18.20 Hz (ch=0)
00:00:02.973830 VMMDev: Guest Log: BIOS: Boot : bseqnr=1, bootseq=0231
00:00:02.973983 VMMDev: Guest Log: BIOS: Boot from Floppy 0 failed
00:00:02.974150 VMMDev: Guest Log: BIOS: Boot : bseqnr=2, bootseq=0023
00:00:02.974302 VMMDev: Guest Log: BIOS: CDROM boot failure code : 0002
00:00:02.974427 VMMDev: Guest Log: BIOS: Boot from CD-ROM failed
00:00:02.974584 VMMDev: Guest Log: BIOS: Boot : bseqnr=3, bootseq=0002
00:00:02.977841 VMMDev: Guest Log: BIOS: Booting from Hard Disk...
00:00:02.982115 Display::i_handleDisplayResize: uScreenId=0 pvVRAM=0000000000000000 w=720 h=400 bpp=0 cbLine=0x0 flags=0x0 origin=0,0
00:00:04.311922 GIM: KVM: VCPU  0: Enabled system-time struct. at 0x0000000025c01000 - u32TscScale=0xa04cf679 i8TscShift=-1 uVersion=2 fFlags=0x1 uTsc=0x2df7cab4b uVirtNanoTS=0xe6458418 TscKHz=3193998
00:00:04.312029 TM: Switching TSC mode from 'VirtTSCEmulated' to 'RealTSCOffset'
00:00:04.360586 GIM: KVM: Enabled wall-clock struct. at 0x0000000025c00000 - u32Sec=1739219593 u32Nano=348769502 uVersion=2
00:00:04.537783 PIT: mode=2 count=0x12a5 (4773) - 249.98 Hz (ch=0)
00:00:04.539396 APIC0: Switched mode to x2APIC
00:00:04.733870 PIT: mode=0 count=0x10000 (65536) - 18.20 Hz (ch=0)
00:00:04.745599 APIC1: Switched mode to x2APIC
00:00:04.745668 GIM: KVM: VCPU  1: Enabled system-time struct. at 0x0000000025c01040 - u32TscScale=0xa04cf679 i8TscShift=-1 uVersion=2 fFlags=0x1 uTsc=0x3321c2409 uVirtNanoTS=0x10023c546 TscKHz=3193998
00:00:05.890015 Display::i_handleDisplayResize: uScreenId=0 pvVRAM=000070fc2a200000 w=1024 h=768 bpp=32 cbLine=0x1000 flags=0x1 origin=0,0
00:00:06.577547 LsiLogic#0: 2/0/6 (Bus/Target/CDBLength) doesn't exist
00:00:06.577590 LsiLogic#0: Guest issued CDB {0x12, 0x0, 0x0, 0x0, 0x24, 0x0}
00:00:06.577843 LsiLogic#0: 3/0/6 (Bus/Target/CDBLength) doesn't exist
00:00:06.577851 LsiLogic#0: Guest issued CDB {0x12, 0x0, 0x0, 0x0, 0x24, 0x0}
00:00:06.577950 LsiLogic#0: 4/0/6 (Bus/Target/CDBLength) doesn't exist
00:00:06.577950 LsiLogic#0: Guest issued CDB {0x12, 0x0, 0x0, 0x0, 0x24, 0x0}
00:00:06.577950 LsiLogic#0: 5/0/6 (Bus/Target/CDBLength) doesn't exist
00:00:06.577950 LsiLogic#0: Guest issued CDB {0x12, 0x0, 0x0, 0x0, 0x24, 0x0}
00:00:06.577950 LsiLogic#0: 6/0/6 (Bus/Target/CDBLength) doesn't exist
00:00:06.577950 LsiLogic#0: Guest issued CDB {0x12, 0x0, 0x0, 0x0, 0x24, 0x0}
00:00:06.577950 LsiLogic#0: 8/0/6 (Bus/Target/CDBLength) doesn't exist
00:00:06.577950 LsiLogic#0: Guest issued CDB {0x12, 0x0, 0x0, 0x0, 0x24, 0x0}
00:00:06.579116 LsiLogic#0: 9/0/6 (Bus/Target/CDBLength) doesn't exist
00:00:06.579127 LsiLogic#0: Guest issued CDB {0x12, 0x0, 0x0, 0x0, 0x24, 0x0}
00:00:06.579352 LsiLogic#0: 10/0/6 (Bus/Target/CDBLength) doesn't exist
00:00:06.579360 LsiLogic#0: Guest issued CDB {0x12, 0x0, 0x0, 0x0, 0x24, 0x0}
00:00:06.579574 LsiLogic#0: 11/0/6 (Bus/Target/CDBLength) doesn't exist
00:00:06.579583 LsiLogic#0: Guest issued CDB {0x12, 0x0, 0x0, 0x0, 0x24, 0x0}
00:00:06.579796 LsiLogic#0: 12/0/6 (Bus/Target/CDBLength) doesn't exist
00:00:06.579804 LsiLogic#0: Guest issued CDB {0x12, 0x0, 0x0, 0x0, 0x24, 0x0}
00:00:06.580059 LsiLogic#0: 13/0/6 (Bus/Target/CDBLength) doesn't exist
00:00:06.580069 LsiLogic#0: Guest issued CDB {0x12, 0x0, 0x0, 0x0, 0x24, 0x0}
00:00:06.580301 LsiLogic#0: 14/0/6 (Bus/Target/CDBLength) doesn't exist
00:00:06.580310 LsiLogic#0: Guest issued CDB {0x12, 0x0, 0x0, 0x0, 0x24, 0x0}
00:00:06.580533 LsiLogic#0: 15/0/6 (Bus/Target/CDBLength) doesn't exist
00:00:06.580542 LsiLogic#0: Guest issued CDB {0x12, 0x0, 0x0, 0x0, 0x24, 0x0}
00:00:08.218842 NAT: Link up
00:00:11.650748 VMMDev: Guest Log: vboxguest: host-version: 7.0.16r162802 0x8000000f
00:00:11.650893 VMMDev: Guest Additions information report: Version 6.0.0 r127566 '6.0.0'
00:00:11.650926 VMMDev: Guest Additions information report: Interface = 0x00010004 osType = 0x00053100 (Linux >= 2.6, 64-bit)
00:00:11.651026 VMMDev: Guest Additions capability report: (0x0 -> 0x0) seamless: no, hostWindowMapping: no, graphics: no
00:00:11.651102 VMMDev: vmmDevReqHandler_HeartbeatConfigure: No change (fHeartbeatActive=false)
00:00:11.651134 VMMDev: Heartbeat flatline timer set to trigger after 4 000 000 000 ns
00:00:11.651446 VMMDev: Guest Log: vbg_heartbeat_init: Setting up heartbeat to trigger every 2000 milliseconds
00:00:11.654405 VMMDev: Guest Log: vboxguest: misc device minor 123, IRQ 20, I/O port d020, MMIO at 0x00000000f0400000 (size 0x0000000000400000)
00:00:14.272249 NAT: IPv6 not supported
00:00:14.286195 NAT: resolv.conf: nameserver 127.0.0.53
00:00:14.286242 NAT: resolv.conf: ignoring "options edns0 trust-ad"
00:00:14.286261 NAT: Adding domain name .
00:00:14.286266 NAT: DNS#0: 127.0.0.53
00:00:14.286275 NAT: DHCP offered IP address 10.0.2.15
00:00:14.287013 NAT: DHCP offered IP address 10.0.2.15
00:00:38.173618 NAT: DHCP released IP address 10.0.2.15
00:00:38.216241 NAT: DHCP offered IP address 10.0.2.15
00:00:38.250284 NAT: DHCP offered IP address 10.0.2.15
00:00:38.322321 NAT: DHCP offered IP address 10.0.2.15
00:00:38.322612 NAT: DHCP offered IP address 10.0.2.15
00:02:14.351731 TM: Giving up catch-up attempt at a 60 005 587 753 ns lag; new total: 60 005 587 753 ns
00:03:23.588433 TM: Giving up catch-up attempt at a 60 022 880 140 ns lag; new total: 120 028 467 893 ns
00:04:32.025233 TM: Giving up catch-up attempt at a 60 073 644 682 ns lag; new total: 180 102 112 575 ns
00:05:41.782358 TM: Giving up catch-up attempt at a 60 027 892 709 ns lag; new total: 240 130 005 284 ns
00:06:50.833883 TM: Giving up catch-up attempt at a 60 026 078 176 ns lag; new total: 300 156 083 460 ns
00:07:58.353162 TM: Giving up catch-up attempt at a 60 029 574 004 ns lag; new total: 360 185 657 464 ns
00:09:08.195573 TM: Giving up catch-up attempt at a 60 004 195 177 ns lag; new total: 420 189 852 641 ns
00:10:17.044490 TM: Giving up catch-up attempt at a 60 000 515 973 ns lag; new total: 480 190 368 614 ns
00:11:25.506489 TM: Giving up catch-up attempt at a 60 010 309 107 ns lag; new total: 540 200 677 721 ns
00:12:34.886861 TM: Giving up catch-up attempt at a 60 054 878 913 ns lag; new total: 600 255 556 634 ns
00:13:42.442045 TM: Giving up catch-up attempt at a 60 045 252 905 ns lag; new total: 660 300 809 539 ns
00:14:49.851558 TM: Giving up catch-up attempt at a 60 074 156 283 ns lag; new total: 720 374 965 822 ns
00:16:24.207863 TM: Giving up catch-up attempt at a 60 019 109 376 ns lag; new total: 780 394 075 198 ns
00:17:33.496923 TM: Giving up catch-up attempt at a 60 018 736 918 ns lag; new total: 840 412 812 116 ns
00:18:41.652486 TM: Giving up catch-up attempt at a 60 002 954 493 ns lag; new total: 900 415 766 609 ns
00:19:47.349100 TM: Giving up catch-up attempt at a 60 014 891 678 ns lag; new total: 960 430 658 287 ns
00:20:55.554350 TM: Giving up catch-up attempt at a 60 029 669 767 ns lag; new total: 1 020 460 328 054 ns
00:22:03.637162 TM: Giving up catch-up attempt at a 60 019 701 051 ns lag; new total: 1 080 480 029 105 ns
00:23:12.387947 TM: Giving up catch-up attempt at a 60 042 703 828 ns lag; new total: 1 140 522 732 933 ns
00:24:19.545548 TM: Giving up catch-up attempt at a 60 004 709 539 ns lag; new total: 1 200 527 442 472 ns
00:25:27.745220 TM: Giving up catch-up attempt at a 60 011 236 952 ns lag; new total: 1 260 538 679 424 ns
00:26:35.622263 TM: Giving up catch-up attempt at a 60 004 603 501 ns lag; new total: 1 320 543 282 925 ns
00:27:43.752092 TM: Giving up catch-up attempt at a 60 006 945 038 ns lag; new total: 1 380 550 227 963 ns
00:28:52.387149 TM: Giving up catch-up attempt at a 60 008 798 818 ns lag; new total: 1 440 559 026 781 ns
00:30:01.101861 TM: Giving up catch-up attempt at a 60 002 570 984 ns lag; new total: 1 500 561 597 765 ns
00:31:09.770732 TM: Giving up catch-up attempt at a 60 002 399 883 ns lag; new total: 1 560 563 997 648 ns
00:32:18.059540 TM: Giving up catch-up attempt at a 60 023 516 044 ns lag; new total: 1 620 587 513 692 ns
00:33:34.007248 TM: Giving up catch-up attempt at a 60 001 256 267 ns lag; new total: 1 680 588 769 959 ns
00:34:43.496421 TM: Giving up catch-up attempt at a 60 041 614 660 ns lag; new total: 1 740 630 384 619 ns
00:36:00.449965 TM: Giving up catch-up attempt at a 60 018 321 740 ns lag; new total: 1 800 648 706 359 ns
00:37:10.484785 TM: Giving up catch-up attempt at a 60 024 433 869 ns lag; new total: 1 860 673 140 228 ns
00:38:17.077006 TM: Giving up catch-up attempt at a 60 001 331 547 ns lag; new total: 1 920 674 471 775 ns
00:39:21.776433 TM: Giving up catch-up attempt at a 60 000 405 404 ns lag; new total: 1 980 674 877 179 ns
00:40:29.023876 TM: Giving up catch-up attempt at a 60 007 411 612 ns lag; new total: 2 040 682 288 791 ns
00:41:36.589753 TM: Giving up catch-up attempt at a 60 002 136 866 ns lag; new total: 2 100 684 425 657 ns
00:42:43.587582 TM: Giving up catch-up attempt at a 60 026 708 915 ns lag; new total: 2 160 711 134 572 ns
00:43:59.960836 TM: Giving up catch-up attempt at a 60 026 119 235 ns lag; new total: 2 220 737 253 807 ns
00:45:09.568122 TM: Giving up catch-up attempt at a 60 000 380 547 ns lag; new total: 2 280 737 634 354 ns
00:46:19.690998 TM: Giving up catch-up attempt at a 60 019 051 329 ns lag; new total: 2 340 756 685 683 ns
00:47:26.261980 TM: Giving up catch-up attempt at a 60 046 079 201 ns lag; new total: 2 400 802 764 884 ns
00:48:34.656201 TM: Giving up catch-up attempt at a 60 021 934 759 ns lag; new total: 2 460 824 699 643 ns
00:49:42.709059 TM: Giving up catch-up attempt at a 60 000 851 195 ns lag; new total: 2 520 825 550 838 ns
00:50:49.971649 TM: Giving up catch-up attempt at a 60 042 569 614 ns lag; new total: 2 580 868 120 452 ns
00:51:59.395049 TM: Giving up catch-up attempt at a 60 008 475 576 ns lag; new total: 2 640 876 596 028 ns
00:53:07.541787 TM: Giving up catch-up attempt at a 60 056 440 823 ns lag; new total: 2 700 933 036 851 ns
00:54:16.745026 TM: Giving up catch-up attempt at a 60 026 004 004 ns lag; new total: 2 760 959 040 855 ns
00:55:25.600166 TM: Giving up catch-up attempt at a 60 004 920 517 ns lag; new total: 2 820 963 961 372 ns
00:56:31.325014 TM: Giving up catch-up attempt at a 60 004 412 247 ns lag; new total: 2 880 968 373 619 ns
00:57:37.330104 TM: Giving up catch-up attempt at a 60 000 861 897 ns lag; new total: 2 940 969 235 516 ns
00:59:38.550695 TM: Giving up catch-up attempt at a 60 028 659 418 ns lag; new total: 3 000 997 894 934 ns
01:00:47.118770 TM: Giving up catch-up attempt at a 60 052 470 155 ns lag; new total: 3 061 050 365 089 ns
01:01:55.798590 TM: Giving up catch-up attempt at a 60 025 528 230 ns lag; new total: 3 121 075 893 319 ns
01:03:02.617798 TM: Giving up catch-up attempt at a 60 004 233 245 ns lag; new total: 3 181 080 126 564 ns
01:04:09.199053 TM: Giving up catch-up attempt at a 60 029 689 284 ns lag; new total: 3 241 109 815 848 ns
01:05:15.800856 TM: Giving up catch-up attempt at a 60 004 469 781 ns lag; new total: 3 301 114 285 629 ns
01:06:21.906885 TM: Giving up catch-up attempt at a 60 008 456 147 ns lag; new total: 3 361 122 741 776 ns
01:07:27.739245 TM: Giving up catch-up attempt at a 60 135 716 734 ns lag; new total: 3 421 258 458 510 ns
01:08:35.253649 TM: Giving up catch-up attempt at a 60 032 338 244 ns lag; new total: 3 481 290 796 754 ns
01:09:43.020688 TM: Giving up catch-up attempt at a 60 075 279 423 ns lag; new total: 3 541 366 076 177 ns
01:10:01.262180 Pausing VM execution, reason 'HostSuspend'
01:10:01.262435 Changing the VM state from 'RUNNING' to 'SUSPENDING'
01:10:01.285415 AIOMgr: Endpoint for file '/mnt/goldenfir/vbox/virtualboxes/vagr_ub3/ubuntu-jammy-22.04-cloudimg.vmdk' (flags 000c0781) created successfully
01:10:01.356191 AIOMgr: Endpoint for file '/mnt/goldenfir/vbox/virtualboxes/vagr_ub3/ubuntu-jammy-22.04-cloudimg-configdrive.vmdk' (flags 000c0781) created successfully
01:10:01.361196 PDMR3Suspend: 98 728 688 ns run time
01:10:01.361221 Changing the VM state from 'SUSPENDING' to 'SUSPENDED'
01:10:01.361232 Console: Machine state changed to 'Paused'
01:10:04.345680 Resuming VM execution, reason 'HostResume'
01:10:04.345886 Changing the VM state from 'SUSPENDED' to 'RESUMING'
01:10:04.346240 AIOMgr: Endpoint for file '/mnt/goldenfir/vbox/virtualboxes/vagr_ub3/ubuntu-jammy-22.04-cloudimg.vmdk' (flags 000c0723) created successfully
01:10:04.394480 AIOMgr: Endpoint for file '/mnt/goldenfir/vbox/virtualboxes/vagr_ub3/ubuntu-jammy-22.04-cloudimg-configdrive.vmdk' (flags 000c0723) created successfully
01:10:04.406918 NAT: resolv.conf: nameserver 127.0.0.53
01:10:04.406958 NAT: resolv.conf: ignoring "options edns0 trust-ad"
01:10:04.406970 NAT: Adding domain name .
01:10:04.406972 NAT: DNS#0: 127.0.0.53
01:10:04.407267 Changing the VM state from 'RESUMING' to 'RUNNING'
01:10:04.407314 Console: Machine state changed to 'Running'
01:10:54.118662 TM: Giving up catch-up attempt at a 60 006 599 080 ns lag; new total: 3 601 372 675 257 ns
01:12:01.965476 TM: Giving up catch-up attempt at a 60 002 074 763 ns lag; new total: 3 661 374 750 020 ns
01:13:10.007404 TM: Giving up catch-up attempt at a 60 028 520 004 ns lag; new total: 3 721 403 270 024 ns
01:14:20.207828 TM: Giving up catch-up attempt at a 60 005 338 617 ns lag; new total: 3 781 408 608 641 ns
01:15:29.270736 TM: Giving up catch-up attempt at a 60 001 013 478 ns lag; new total: 3 841 409 622 119 ns
01:16:38.176679 TM: Giving up catch-up attempt at a 60 048 345 079 ns lag; new total: 3 901 457 967 198 ns
01:17:45.536064 TM: Giving up catch-up attempt at a 60 054 776 483 ns lag; new total: 3 961 512 743 681 ns
01:18:53.729419 TM: Giving up catch-up attempt at a 60 013 111 843 ns lag; new total: 4 021 525 855 524 ns
01:20:03.705485 TM: Giving up catch-up attempt at a 60 003 644 351 ns lag; new total: 4 081 529 499 875 ns
01:21:12.420514 TM: Giving up catch-up attempt at a 60 033 745 586 ns lag; new total: 4 141 563 245 461 ns
01:22:21.200561 TM: Giving up catch-up attempt at a 60 044 044 701 ns lag; new total: 4 201 607 290 162 ns
01:23:28.229692 TM: Giving up catch-up attempt at a 60 005 228 647 ns lag; new total: 4 261 612 518 809 ns
01:24:35.174850 TM: Giving up catch-up attempt at a 60 026 967 373 ns lag; new total: 4 321 639 486 182 ns
01:25:43.964119 TM: Giving up catch-up attempt at a 60 002 252 356 ns lag; new total: 4 381 641 738 538 ns
01:26:51.512492 TM: Giving up catch-up attempt at a 60 005 042 388 ns lag; new total: 4 441 646 780 926 ns
01:28:00.695211 TM: Giving up catch-up attempt at a 60 001 452 801 ns lag; new total: 4 501 648 233 727 ns
01:29:31.345981 TM: Giving up catch-up attempt at a 60 005 671 217 ns lag; new total: 4 561 653 904 944 ns
01:30:40.852006 TM: Giving up catch-up attempt at a 60 005 540 059 ns lag; new total: 4 621 659 445 003 ns
01:31:49.691993 TM: Giving up catch-up attempt at a 60 002 647 227 ns lag; new total: 4 681 662 092 230 ns
01:32:57.766589 TM: Giving up catch-up attempt at a 60 028 416 572 ns lag; new total: 4 741 690 508 802 ns
01:34:06.207862 TM: Giving up catch-up attempt at a 60 027 919 224 ns lag; new total: 4 801 718 428 026 ns
01:35:16.956367 TM: Giving up catch-up attempt at a 60 034 463 258 ns lag; new total: 4 861 752 891 284 ns
01:36:25.817274 TM: Giving up catch-up attempt at a 60 012 207 462 ns lag; new total: 4 921 765 098 746 ns
01:37:33.767827 TM: Giving up catch-up attempt at a 60 090 813 276 ns lag; new total: 4 981 855 912 022 ns
01:38:43.623518 TM: Giving up catch-up attempt at a 60 020 621 384 ns lag; new total: 5 041 876 533 406 ns
01:39:53.669222 TM: Giving up catch-up attempt at a 60 012 992 328 ns lag; new total: 5 101 889 525 734 ns
01:41:01.281892 TM: Giving up catch-up attempt at a 60 014 236 747 ns lag; new total: 5 161 903 762 481 ns
01:42:09.186979 TM: Giving up catch-up attempt at a 60 008 469 189 ns lag; new total: 5 221 912 231 670 ns
01:43:26.131762 TM: Giving up catch-up attempt at a 60 004 174 917 ns lag; new total: 5 281 916 406 587 ns
01:44:35.175354 TM: Giving up catch-up attempt at a 60 005 182 094 ns lag; new total: 5 341 921 588 681 ns
01:45:43.707271 TM: Giving up catch-up attempt at a 60 004 120 412 ns lag; new total: 5 401 925 709 093 ns
01:46:52.788053 TM: Giving up catch-up attempt at a 60 004 131 945 ns lag; new total: 5 461 929 841 038 ns
01:48:01.293408 TM: Giving up catch-up attempt at a 60 002 281 157 ns lag; new total: 5 521 932 122 195 ns
01:49:09.130469 TM: Giving up catch-up attempt at a 60 004 007 739 ns lag; new total: 5 581 936 129 934 ns
01:50:17.566033 TM: Giving up catch-up attempt at a 60 018 284 597 ns lag; new total: 5 641 954 414 531 ns
01:51:27.310265 TM: Giving up catch-up attempt at a 60 012 220 076 ns lag; new total: 5 701 966 634 607 ns
01:52:34.295818 TM: Giving up catch-up attempt at a 60 016 399 974 ns lag; new total: 5 761 983 034 581 ns
01:53:41.811405 TM: Giving up catch-up attempt at a 60 010 540 836 ns lag; new total: 5 821 993 575 417 ns
01:54:49.759297 TM: Giving up catch-up attempt at a 60 005 093 628 ns lag; new total: 5 881 998 669 045 ns
01:55:58.935774 TM: Giving up catch-up attempt at a 60 007 552 326 ns lag; new total: 5 942 006 221 371 ns
01:57:08.632565 TM: Giving up catch-up attempt at a 60 022 922 940 ns lag; new total: 6 002 029 144 311 ns
01:58:15.207821 TM: Giving up catch-up attempt at a 60 013 375 311 ns lag; new total: 6 062 042 519 622 ns
01:59:24.044894 TM: Giving up catch-up attempt at a 60 003 771 590 ns lag; new total: 6 122 046 291 212 ns
02:00:30.786113 TM: Giving up catch-up attempt at a 60 002 735 470 ns lag; new total: 6 182 049 026 682 ns
02:01:37.862285 TM: Giving up catch-up attempt at a 60 027 950 544 ns lag; new total: 6 242 076 977 226 ns
02:02:46.352056 TM: Giving up catch-up attempt at a 60 011 607 030 ns lag; new total: 6 302 088 584 256 ns
02:03:55.208074 TM: Giving up catch-up attempt at a 60 028 047 247 ns lag; new total: 6 362 116 631 503 ns
02:05:04.626272 TM: Giving up catch-up attempt at a 60 009 375 430 ns lag; new total: 6 422 126 006 933 ns
02:06:11.154093 TM: Giving up catch-up attempt at a 60 007 230 250 ns lag; new total: 6 482 133 237 183 ns
02:07:20.192418 TM: Giving up catch-up attempt at a 60 004 465 149 ns lag; new total: 6 542 137 702 332 ns
02:08:28.387499 TM: Giving up catch-up attempt at a 60 028 557 286 ns lag; new total: 6 602 166 259 618 ns
02:09:37.417382 TM: Giving up catch-up attempt at a 60 011 816 028 ns lag; new total: 6 662 178 075 646 ns
02:10:42.450532 TM: Giving up catch-up attempt at a 60 031 079 616 ns lag; new total: 6 722 209 155 262 ns
02:11:48.890301 TM: Giving up catch-up attempt at a 60 002 244 640 ns lag; new total: 6 782 211 399 902 ns
02:12:55.459143 TM: Giving up catch-up attempt at a 60 007 908 091 ns lag; new total: 6 842 219 307 993 ns
02:14:03.138952 TM: Giving up catch-up attempt at a 60 019 180 287 ns lag; new total: 6 902 238 488 280 ns
02:15:10.756265 TM: Giving up catch-up attempt at a 60 022 654 484 ns lag; new total: 6 962 261 142 764 ns
02:16:18.791226 TM: Giving up catch-up attempt at a 60 026 663 905 ns lag; new total: 7 022 287 806 669 ns
02:17:29.310547 TM: Giving up catch-up attempt at a 60 008 326 285 ns lag; new total: 7 082 296 132 954 ns
02:18:37.914202 TM: Giving up catch-up attempt at a 60 005 536 928 ns lag; new total: 7 142 301 669 882 ns
02:19:45.272495 TM: Giving up catch-up attempt at a 60 002 929 407 ns lag; new total: 7 202 304 599 289 ns
02:20:52.207806 TM: Giving up catch-up attempt at a 60 024 085 047 ns lag; new total: 7 262 328 684 336 ns
02:21:58.881167 TM: Giving up catch-up attempt at a 60 044 036 519 ns lag; new total: 7 322 372 720 855 ns
02:23:06.355626 TM: Giving up catch-up attempt at a 60 010 918 552 ns lag; new total: 7 382 383 639 407 ns
02:24:12.207848 TM: Giving up catch-up attempt at a 60 005 984 107 ns lag; new total: 7 442 389 623 514 ns
02:25:20.149923 TM: Giving up catch-up attempt at a 60 005 445 837 ns lag; new total: 7 502 395 069 351 ns
02:26:25.603991 TM: Giving up catch-up attempt at a 60 039 238 246 ns lag; new total: 7 562 434 307 597 ns
02:27:31.504367 TM: Giving up catch-up attempt at a 60 008 377 845 ns lag; new total: 7 622 442 685 442 ns
02:28:38.290288 TM: Giving up catch-up attempt at a 60 003 958 628 ns lag; new total: 7 682 446 644 070 ns
02:29:46.593055 TM: Giving up catch-up attempt at a 60 036 216 563 ns lag; new total: 7 742 482 860 633 ns
02:30:52.491806 TM: Giving up catch-up attempt at a 60 009 287 132 ns lag; new total: 7 802 492 147 765 ns
02:31:59.207823 TM: Giving up catch-up attempt at a 60 001 085 593 ns lag; new total: 7 862 493 233 358 ns
02:33:07.411298 TM: Giving up catch-up attempt at a 60 018 055 299 ns lag; new total: 7 922 511 288 657 ns
02:34:16.284459 TM: Giving up catch-up attempt at a 60 000 745 481 ns lag; new total: 7 982 512 034 138 ns
02:35:23.856430 TM: Giving up catch-up attempt at a 60 009 972 172 ns lag; new total: 8 042 522 006 310 ns
02:36:30.073508 TM: Giving up catch-up attempt at a 60 018 375 232 ns lag; new total: 8 102 540 381 542 ns
02:37:37.843417 TM: Giving up catch-up attempt at a 60 008 832 663 ns lag; new total: 8 162 549 214 205 ns
02:38:46.871334 TM: Giving up catch-up attempt at a 60 001 735 590 ns lag; new total: 8 222 550 949 795 ns
02:39:52.367237 TM: Giving up catch-up attempt at a 60 013 706 845 ns lag; new total: 8 282 564 656 640 ns
02:40:59.595808 TM: Giving up catch-up attempt at a 60 027 984 495 ns lag; new total: 8 342 592 641 135 ns
02:42:07.034899 TM: Giving up catch-up attempt at a 60 004 861 878 ns lag; new total: 8 402 597 503 013 ns
02:43:13.886268 TM: Giving up catch-up attempt at a 60 004 225 830 ns lag; new total: 8 462 601 728 843 ns
02:44:22.355222 TM: Giving up catch-up attempt at a 60 017 303 427 ns lag; new total: 8 522 619 032 270 ns
02:45:28.393132 TM: Giving up catch-up attempt at a 60 029 748 150 ns lag; new total: 8 582 648 780 420 ns
02:46:34.551445 TM: Giving up catch-up attempt at a 60 035 923 795 ns lag; new total: 8 642 684 704 215 ns
02:47:40.335996 TM: Giving up catch-up attempt at a 60 029 328 224 ns lag; new total: 8 702 714 032 439 ns
02:48:46.981181 TM: Giving up catch-up attempt at a 60 015 642 365 ns lag; new total: 8 762 729 674 804 ns
02:49:53.020126 TM: Giving up catch-up attempt at a 60 025 535 666 ns lag; new total: 8 822 755 210 470 ns
02:51:00.860161 TM: Giving up catch-up attempt at a 60 024 336 432 ns lag; new total: 8 882 779 546 902 ns
02:52:09.079856 TM: Giving up catch-up attempt at a 60 001 481 464 ns lag; new total: 8 942 781 028 366 ns
02:53:14.798839 TM: Giving up catch-up attempt at a 60 040 198 530 ns lag; new total: 9 002 821 226 896 ns
02:54:24.773554 TM: Giving up catch-up attempt at a 60 020 349 155 ns lag; new total: 9 062 841 576 051 ns
02:55:31.616745 TM: Giving up catch-up attempt at a 60 009 977 908 ns lag; new total: 9 122 851 553 959 ns
02:56:38.243024 TM: Giving up catch-up attempt at a 60 010 632 498 ns lag; new total: 9 182 862 186 457 ns
02:57:45.108838 TM: Giving up catch-up attempt at a 60 011 866 323 ns lag; new total: 9 242 874 052 780 ns
02:58:53.262619 TM: Giving up catch-up attempt at a 60 010 175 901 ns lag; new total: 9 302 884 228 681 ns
03:00:00.949935 TM: Giving up catch-up attempt at a 60 006 917 059 ns lag; new total: 9 362 891 145 740 ns
03:01:07.394054 TM: Giving up catch-up attempt at a 60 012 667 086 ns lag; new total: 9 422 903 812 826 ns
03:02:15.837458 TM: Giving up catch-up attempt at a 60 007 430 200 ns lag; new total: 9 482 911 243 026 ns
03:03:23.254276 TM: Giving up catch-up attempt at a 60 000 578 033 ns lag; new total: 9 542 911 821 059 ns
03:04:30.580386 TM: Giving up catch-up attempt at a 60 000 272 377 ns lag; new total: 9 602 912 093 436 ns
03:05:36.983616 TM: Giving up catch-up attempt at a 60 007 263 733 ns lag; new total: 9 662 919 357 169 ns
03:06:42.236844 TM: Giving up catch-up attempt at a 60 003 199 801 ns lag; new total: 9 722 922 556 970 ns
03:07:50.346868 TM: Giving up catch-up attempt at a 60 000 279 814 ns lag; new total: 9 782 922 836 784 ns
03:08:56.478328 TM: Giving up catch-up attempt at a 60 001 227 767 ns lag; new total: 9 842 924 064 551 ns
03:10:05.279337 TM: Giving up catch-up attempt at a 60 006 663 620 ns lag; new total: 9 902 930 728 171 ns
03:11:13.169667 TM: Giving up catch-up attempt at a 60 011 448 449 ns lag; new total: 9 962 942 176 620 ns
03:12:20.124124 TM: Giving up catch-up attempt at a 60 024 207 615 ns lag; new total: 10 022 966 384 235 ns
03:13:28.497377 TM: Giving up catch-up attempt at a 60 013 491 302 ns lag; new total: 10 082 979 875 537 ns
03:14:34.895172 TM: Giving up catch-up attempt at a 60 002 162 307 ns lag; new total: 10 142 982 037 844 ns
03:15:44.001278 TM: Giving up catch-up attempt at a 60 026 327 685 ns lag; new total: 10 203 008 365 529 ns
03:16:48.004972 TM: Giving up catch-up attempt at a 60 010 449 267 ns lag; new total: 10 263 018 814 796 ns
03:17:57.101016 TM: Giving up catch-up attempt at a 60 012 209 812 ns lag; new total: 10 323 031 024 608 ns
03:19:04.855470 TM: Giving up catch-up attempt at a 60 029 711 157 ns lag; new total: 10 383 060 735 765 ns
03:20:12.803158 TM: Giving up catch-up attempt at a 60 013 782 467 ns lag; new total: 10 443 074 518 232 ns
03:21:19.738047 TM: Giving up catch-up attempt at a 60 058 026 013 ns lag; new total: 10 503 132 544 245 ns
03:22:25.413147 TM: Giving up catch-up attempt at a 60 034 021 994 ns lag; new total: 10 563 166 566 239 ns
03:23:33.176364 TM: Giving up catch-up attempt at a 60 041 133 553 ns lag; new total: 10 623 207 699 792 ns
03:24:39.175065 TM: Giving up catch-up attempt at a 60 033 742 807 ns lag; new total: 10 683 241 442 599 ns
03:25:44.472640 TM: Giving up catch-up attempt at a 60 004 042 047 ns lag; new total: 10 743 245 484 646 ns
03:26:52.493007 TM: Giving up catch-up attempt at a 60 037 933 269 ns lag; new total: 10 803 283 417 915 ns
03:27:56.593812 TM: Giving up catch-up attempt at a 60 010 401 555 ns lag; new total: 10 863 293 819 470 ns
03:29:02.510168 TM: Giving up catch-up attempt at a 60 026 361 794 ns lag; new total: 10 923 320 181 264 ns
03:30:07.501285 TM: Giving up catch-up attempt at a 60 037 618 629 ns lag; new total: 10 983 357 799 893 ns
03:31:15.285900 TM: Giving up catch-up attempt at a 60 070 635 854 ns lag; new total: 11 043 428 435 747 ns
03:32:23.084773 TM: Giving up catch-up attempt at a 60 097 195 150 ns lag; new total: 11 103 525 630 897 ns
03:33:30.568498 TM: Giving up catch-up attempt at a 60 009 163 276 ns lag; new total: 11 163 534 794 173 ns
03:34:39.130654 TM: Giving up catch-up attempt at a 60 017 968 284 ns lag; new total: 11 223 552 762 457 ns
03:35:45.752078 TM: Giving up catch-up attempt at a 60 009 813 117 ns lag; new total: 11 283 562 575 574 ns
03:36:54.153013 TM: Giving up catch-up attempt at a 60 003 227 193 ns lag; new total: 11 343 565 802 767 ns
03:38:00.810000 TM: Giving up catch-up attempt at a 60 010 435 661 ns lag; new total: 11 403 576 238 428 ns
03:39:07.451383 TM: Giving up catch-up attempt at a 60 002 508 693 ns lag; new total: 11 463 578 747 121 ns
03:40:15.207857 TM: Giving up catch-up attempt at a 60 010 532 816 ns lag; new total: 11 523 589 279 937 ns
03:41:19.933196 TM: Giving up catch-up attempt at a 60 009 755 088 ns lag; new total: 11 583 599 035 025 ns
03:42:27.620336 TM: Giving up catch-up attempt at a 60 007 372 842 ns lag; new total: 11 643 606 407 867 ns
03:43:34.895693 TM: Giving up catch-up attempt at a 60 001 544 297 ns lag; new total: 11 703 607 952 164 ns
03:44:43.483503 TM: Giving up catch-up attempt at a 60 057 098 493 ns lag; new total: 11 763 665 050 657 ns
03:45:50.821554 TM: Giving up catch-up attempt at a 60 008 692 600 ns lag; new total: 11 823 673 743 257 ns
03:46:57.546489 TM: Giving up catch-up attempt at a 60 005 163 521 ns lag; new total: 11 883 678 906 778 ns
03:48:03.867467 TM: Giving up catch-up attempt at a 60 003 736 519 ns lag; new total: 11 943 682 643 297 ns
03:49:27.690978 TM: Giving up catch-up attempt at a 60 015 159 465 ns lag; new total: 12 003 697 802 762 ns
03:50:37.242782 TM: Giving up catch-up attempt at a 60 018 450 301 ns lag; new total: 12 063 716 253 063 ns
03:51:45.234789 TM: Giving up catch-up attempt at a 60 001 324 595 ns lag; new total: 12 123 717 577 658 ns
03:52:53.241018 TM: Giving up catch-up attempt at a 60 001 330 086 ns lag; new total: 12 183 718 907 744 ns
03:54:00.347352 TM: Giving up catch-up attempt at a 60 022 413 212 ns lag; new total: 12 243 741 320 956 ns
03:55:07.496124 TM: Giving up catch-up attempt at a 60 022 095 537 ns lag; new total: 12 303 763 416 493 ns
03:56:16.770576 TM: Giving up catch-up attempt at a 60 018 438 297 ns lag; new total: 12 363 781 854 790 ns
03:57:24.965934 TM: Giving up catch-up attempt at a 60 009 372 568 ns lag; new total: 12 423 791 227 358 ns
03:58:30.997514 TM: Giving up catch-up attempt at a 60 017 834 197 ns lag; new total: 12 483 809 061 555 ns
03:59:35.630355 TM: Giving up catch-up attempt at a 60 008 924 707 ns lag; new total: 12 543 817 986 262 ns
04:00:41.654259 TM: Giving up catch-up attempt at a 60 013 591 910 ns lag; new total: 12 603 831 578 172 ns
04:01:49.342476 TM: Giving up catch-up attempt at a 60 011 749 275 ns lag; new total: 12 663 843 327 447 ns
04:02:57.163984 TM: Giving up catch-up attempt at a 60 001 084 619 ns lag; new total: 12 723 844 412 066 ns
04:04:05.537508 TM: Giving up catch-up attempt at a 60 002 959 107 ns lag; new total: 12 783 847 371 173 ns
04:05:12.095138 TM: Giving up catch-up attempt at a 60 002 437 323 ns lag; new total: 12 843 849 808 496 ns
04:06:18.866393 TM: Giving up catch-up attempt at a 60 037 852 907 ns lag; new total: 12 903 887 661 403 ns
04:07:25.841516 TM: Giving up catch-up attempt at a 60 001 668 178 ns lag; new total: 12 963 889 329 581 ns
04:08:34.449662 TM: Giving up catch-up attempt at a 60 009 282 435 ns lag; new total: 13 023 898 612 016 ns
04:09:44.965385 TM: Giving up catch-up attempt at a 60 026 267 191 ns lag; new total: 13 083 924 879 207 ns
04:10:53.638049 TM: Giving up catch-up attempt at a 60 009 663 859 ns lag; new total: 13 143 934 543 066 ns
04:11:59.903487 TM: Giving up catch-up attempt at a 60 062 977 805 ns lag; new total: 13 203 997 520 871 ns
04:13:07.967931 TM: Giving up catch-up attempt at a 60 006 032 489 ns lag; new total: 13 264 003 553 360 ns
04:14:14.735673 TM: Giving up catch-up attempt at a 60 002 829 932 ns lag; new total: 13 324 006 383 292 ns
04:15:21.750874 TM: Giving up catch-up attempt at a 60 068 404 175 ns lag; new total: 13 384 074 787 467 ns
04:16:28.497096 TM: Giving up catch-up attempt at a 60 000 421 909 ns lag; new total: 13 444 075 209 376 ns
04:17:34.660811 TM: Giving up catch-up attempt at a 60 002 426 814 ns lag; new total: 13 504 077 636 190 ns
04:18:40.828580 TM: Giving up catch-up attempt at a 60 042 412 893 ns lag; new total: 13 564 120 049 083 ns
04:19:47.130619 TM: Giving up catch-up attempt at a 60 004 778 607 ns lag; new total: 13 624 124 827 690 ns
04:20:54.749164 TM: Giving up catch-up attempt at a 60 039 118 961 ns lag; new total: 13 684 163 946 651 ns
04:22:00.891746 TM: Giving up catch-up attempt at a 60 025 600 381 ns lag; new total: 13 744 189 547 032 ns
04:23:07.842423 TM: Giving up catch-up attempt at a 60 021 673 768 ns lag; new total: 13 804 211 220 800 ns
04:24:15.207813 TM: Giving up catch-up attempt at a 60 033 463 075 ns lag; new total: 13 864 244 683 875 ns
04:25:19.957952 TM: Giving up catch-up attempt at a 60 006 284 435 ns lag; new total: 13 924 250 968 310 ns
04:26:27.216153 TM: Giving up catch-up attempt at a 60 003 203 440 ns lag; new total: 13 984 254 171 750 ns
04:27:34.368813 TM: Giving up catch-up attempt at a 60 012 934 146 ns lag; new total: 14 044 267 105 896 ns
04:28:42.207841 TM: Giving up catch-up attempt at a 60 051 698 890 ns lag; new total: 14 104 318 804 786 ns
04:29:48.917235 TM: Giving up catch-up attempt at a 60 017 249 367 ns lag; new total: 14 164 336 054 153 ns
04:30:57.042868 TM: Giving up catch-up attempt at a 60 008 282 525 ns lag; new total: 14 224 344 336 678 ns
04:32:05.523595 TM: Giving up catch-up attempt at a 60 014 677 484 ns lag; new total: 14 284 359 014 162 ns
04:33:12.000316 TM: Giving up catch-up attempt at a 60 081 920 303 ns lag; new total: 14 344 440 934 465 ns
04:34:18.575360 TM: Giving up catch-up attempt at a 60 002 764 989 ns lag; new total: 14 404 443 699 454 ns
04:35:26.986519 TM: Giving up catch-up attempt at a 60 019 220 562 ns lag; new total: 14 464 462 920 016 ns
04:36:36.115213 TM: Giving up catch-up attempt at a 60 006 897 103 ns lag; new total: 14 524 469 817 119 ns
04:37:43.495401 TM: Giving up catch-up attempt at a 60 004 775 341 ns lag; new total: 14 584 474 592 460 ns
04:38:51.708940 TM: Giving up catch-up attempt at a 60 019 624 057 ns lag; new total: 14 644 494 216 517 ns
04:39:59.487924 TM: Giving up catch-up attempt at a 60 021 900 778 ns lag; new total: 14 704 516 117 295 ns
04:40:04.754900 Pausing VM execution, reason 'HostSuspend'
04:40:04.755652 Changing the VM state from 'RUNNING' to 'SUSPENDING'
04:40:04.799483 AIOMgr: Endpoint for file '/mnt/goldenfir/vbox/virtualboxes/vagr_ub3/ubuntu-jammy-22.04-cloudimg.vmdk' (flags 000c0781) created successfully
04:40:05.208967 AIOMgr: Endpoint for file '/mnt/goldenfir/vbox/virtualboxes/vagr_ub3/ubuntu-jammy-22.04-cloudimg-configdrive.vmdk' (flags 000c0781) created successfully
04:40:05.219782 PDMR3Suspend: 463 677 267 ns run time
04:40:05.219808 Changing the VM state from 'SUSPENDING' to 'SUSPENDED'
04:40:05.219828 Console: Machine state changed to 'Paused'
04:40:12.845726 Resuming VM execution, reason 'HostResume'
04:40:12.846490 Changing the VM state from 'SUSPENDED' to 'RESUMING'
04:40:12.851733 AIOMgr: Endpoint for file '/mnt/goldenfir/vbox/virtualboxes/vagr_ub3/ubuntu-jammy-22.04-cloudimg.vmdk' (flags 000c0723) created successfully
04:40:12.900217 AIOMgr: Endpoint for file '/mnt/goldenfir/vbox/virtualboxes/vagr_ub3/ubuntu-jammy-22.04-cloudimg-configdrive.vmdk' (flags 000c0723) created successfully
04:40:12.917967 Changing the VM state from 'RESUMING' to 'RUNNING'
04:40:12.917967 Console: Machine state changed to 'Running'
04:40:12.917967 NAT: resolv.conf: nameserver 127.0.0.53
04:40:12.917967 NAT: resolv.conf: ignoring "options edns0 trust-ad"
04:40:12.917967 NAT: Adding domain name .
04:40:12.917967 NAT: DNS#0: 127.0.0.53
04:41:14.469299 TM: Giving up catch-up attempt at a 60 014 595 852 ns lag; new total: 14 764 530 713 147 ns
04:42:21.129042 TM: Giving up catch-up attempt at a 60 013 201 478 ns lag; new total: 14 824 543 914 625 ns
04:43:28.138576 TM: Giving up catch-up attempt at a 60 008 310 934 ns lag; new total: 14 884 552 225 559 ns
04:44:35.412514 TM: Giving up catch-up attempt at a 60 008 346 286 ns lag; new total: 14 944 560 571 845 ns
04:45:43.337950 TM: Giving up catch-up attempt at a 60 009 959 321 ns lag; new total: 15 004 570 531 166 ns
04:46:51.174256 TM: Giving up catch-up attempt at a 60 009 576 059 ns lag; new total: 15 064 580 107 225 ns
04:47:58.461510 TM: Giving up catch-up attempt at a 60 004 698 651 ns lag; new total: 15 124 584 805 876 ns
04:49:05.297739 TM: Giving up catch-up attempt at a 60 063 540 483 ns lag; new total: 15 184 648 346 359 ns
04:50:13.301495 TM: Giving up catch-up attempt at a 60 041 523 456 ns lag; new total: 15 244 689 869 815 ns
04:51:20.773425 TM: Giving up catch-up attempt at a 60 000 831 441 ns lag; new total: 15 304 690 701 256 ns
04:52:28.261444 TM: Giving up catch-up attempt at a 60 002 916 715 ns lag; new total: 15 364 693 617 971 ns
04:53:35.555316 TM: Giving up catch-up attempt at a 60 014 896 398 ns lag; new total: 15 424 708 514 369 ns
04:54:43.566248 TM: Giving up catch-up attempt at a 60 012 671 879 ns lag; new total: 15 484 721 186 248 ns
04:55:50.970792 TM: Giving up catch-up attempt at a 60 023 550 953 ns lag; new total: 15 544 744 737 201 ns
04:56:58.201911 TM: Giving up catch-up attempt at a 60 010 204 220 ns lag; new total: 15 604 754 941 421 ns
04:58:07.009703 TM: Giving up catch-up attempt at a 60 042 817 196 ns lag; new total: 15 664 797 758 617 ns
04:59:15.248505 TM: Giving up catch-up attempt at a 60 033 617 238 ns lag; new total: 15 724 831 375 855 ns
05:00:24.128812 TM: Giving up catch-up attempt at a 60 002 390 113 ns lag; new total: 15 784 833 765 968 ns
05:01:31.679198 TM: Giving up catch-up attempt at a 60 014 590 640 ns lag; new total: 15 844 848 356 608 ns
05:02:41.459053 TM: Giving up catch-up attempt at a 60 023 393 151 ns lag; new total: 15 904 871 749 759 ns
05:03:48.431144 TM: Giving up catch-up attempt at a 60 030 060 201 ns lag; new total: 15 964 901 809 960 ns
05:04:55.602468 TM: Giving up catch-up attempt at a 60 005 148 382 ns lag; new total: 16 024 906 958 342 ns
05:06:03.207802 TM: Giving up catch-up attempt at a 60 000 331 152 ns lag; new total: 16 084 907 289 494 ns
05:07:20.269867 TM: Giving up catch-up attempt at a 60 000 260 521 ns lag; new total: 16 144 907 550 015 ns
05:08:28.768722 TM: Giving up catch-up attempt at a 60 022 137 068 ns lag; new total: 16 204 929 687 083 ns
05:09:37.639746 TM: Giving up catch-up attempt at a 60 051 288 850 ns lag; new total: 16 264 980 975 933 ns
05:10:47.985100 TM: Giving up catch-up attempt at a 60 000 844 682 ns lag; new total: 16 324 981 820 615 ns
05:11:56.878792 TM: Giving up catch-up attempt at a 60 009 845 017 ns lag; new total: 16 384 991 665 632 ns
05:13:06.346069 TM: Giving up catch-up attempt at a 60 060 630 376 ns lag; new total: 16 445 052 296 008 ns
05:14:13.692047 TM: Giving up catch-up attempt at a 60 009 196 115 ns lag; new total: 16 505 061 492 123 ns
05:15:23.132663 TM: Giving up catch-up attempt at a 60 015 902 490 ns lag; new total: 16 565 077 394 613 ns
05:16:30.633627 TM: Giving up catch-up attempt at a 60 022 212 212 ns lag; new total: 16 625 099 606 825 ns
05:17:40.473704 TM: Giving up catch-up attempt at a 60 015 084 069 ns lag; new total: 16 685 114 690 894 ns
05:18:47.880580 TM: Giving up catch-up attempt at a 60 009 311 407 ns lag; new total: 16 745 124 002 301 ns
05:19:56.600838 TM: Giving up catch-up attempt at a 60 010 955 908 ns lag; new total: 16 805 134 958 209 ns
05:21:05.019921 TM: Giving up catch-up attempt at a 60 018 388 013 ns lag; new total: 16 865 153 346 222 ns
05:22:15.124937 TM: Giving up catch-up attempt at a 60 029 083 159 ns lag; new total: 16 925 182 429 381 ns
05:23:24.965152 TM: Giving up catch-up attempt at a 60 015 981 779 ns lag; new total: 16 985 198 411 160 ns
05:24:34.583519 TM: Giving up catch-up attempt at a 60 000 529 734 ns lag; new total: 17 045 198 940 894 ns
05:25:45.067587 TM: Giving up catch-up attempt at a 60 015 643 540 ns lag; new total: 17 105 214 584 434 ns
05:26:54.216849 TM: Giving up catch-up attempt at a 60 029 894 932 ns lag; new total: 17 165 244 479 366 ns
05:28:04.727219 TM: Giving up catch-up attempt at a 60 007 718 360 ns lag; new total: 17 225 252 197 726 ns
05:29:15.665147 TM: Giving up catch-up attempt at a 60 003 734 834 ns lag; new total: 17 285 255 932 560 ns
05:30:24.778119 TM: Giving up catch-up attempt at a 60 011 064 036 ns lag; new total: 17 345 266 996 596 ns
05:31:34.663846 TM: Giving up catch-up attempt at a 60 025 338 320 ns lag; new total: 17 405 292 334 916 ns
05:32:46.091047 TM: Giving up catch-up attempt at a 60 000 304 740 ns lag; new total: 17 465 292 639 656 ns
05:33:56.014076 TM: Giving up catch-up attempt at a 60 008 281 072 ns lag; new total: 17 525 300 920 728 ns
05:35:05.208427 TM: Giving up catch-up attempt at a 60 004 820 360 ns lag; new total: 17 585 305 741 088 ns
05:36:15.726017 TM: Giving up catch-up attempt at a 60 004 206 695 ns lag; new total: 17 645 309 947 783 ns
05:37:24.132833 TM: Giving up catch-up attempt at a 60 002 828 400 ns lag; new total: 17 705 312 776 183 ns
05:38:32.550356 TM: Giving up catch-up attempt at a 60 012 345 309 ns lag; new total: 17 765 325 121 492 ns
05:39:42.040298 TM: Giving up catch-up attempt at a 60 000 227 903 ns lag; new total: 17 825 325 349 395 ns
05:40:51.416162 TM: Giving up catch-up attempt at a 60 002 591 988 ns lag; new total: 17 885 327 941 383 ns
05:41:59.582016 TM: Giving up catch-up attempt at a 60 012 874 323 ns lag; new total: 17 945 340 815 706 ns
05:43:09.711732 TM: Giving up catch-up attempt at a 60 043 014 279 ns lag; new total: 18 005 383 829 985 ns
05:44:20.803020 TM: Giving up catch-up attempt at a 60 029 002 583 ns lag; new total: 18 065 412 832 568 ns
05:45:30.974652 TM: Giving up catch-up attempt at a 60 045 545 239 ns lag; new total: 18 125 458 377 807 ns
05:46:40.820511 TM: Giving up catch-up attempt at a 60 005 194 770 ns lag; new total: 18 185 463 572 577 ns
05:47:50.718103 TM: Giving up catch-up attempt at a 60 005 495 753 ns lag; new total: 18 245 469 068 330 ns
05:48:59.905195 TM: Giving up catch-up attempt at a 60 020 098 645 ns lag; new total: 18 305 489 166 975 ns
05:50:08.512771 TM: Giving up catch-up attempt at a 60 005 350 387 ns lag; new total: 18 365 494 517 362 ns
05:51:16.264893 TM: Giving up catch-up attempt at a 60 017 672 579 ns lag; new total: 18 425 512 189 941 ns
05:52:23.715098 TM: Giving up catch-up attempt at a 60 006 672 304 ns lag; new total: 18 485 518 862 245 ns
05:53:31.626598 TM: Giving up catch-up attempt at a 60 004 895 270 ns lag; new total: 18 545 523 757 515 ns
05:54:42.025661 TM: Giving up catch-up attempt at a 60 027 293 061 ns lag; new total: 18 605 551 050 576 ns
05:55:50.643523 TM: Giving up catch-up attempt at a 60 013 894 016 ns lag; new total: 18 665 564 944 592 ns
05:57:01.066627 TM: Giving up catch-up attempt at a 60 017 196 604 ns lag; new total: 18 725 582 141 196 ns
05:58:10.379975 TM: Giving up catch-up attempt at a 60 003 693 325 ns lag; new total: 18 785 585 834 521 ns
05:59:18.442915 TM: Giving up catch-up attempt at a 60 005 764 010 ns lag; new total: 18 845 591 598 531 ns
06:00:28.157023 TM: Giving up catch-up attempt at a 60 010 877 153 ns lag; new total: 18 905 602 475 684 ns
06:01:37.644547 TM: Giving up catch-up attempt at a 60 003 112 259 ns lag; new total: 18 965 605 587 943 ns
06:02:46.567953 TM: Giving up catch-up attempt at a 60 010 277 901 ns lag; new total: 19 025 615 865 844 ns
06:03:55.554993 TM: Giving up catch-up attempt at a 60 009 670 045 ns lag; new total: 19 085 625 535 889 ns
06:05:03.061660 TM: Giving up catch-up attempt at a 60 011 807 925 ns lag; new total: 19 145 637 343 814 ns
06:06:13.382908 TM: Giving up catch-up attempt at a 60 000 849 444 ns lag; new total: 19 205 638 193 258 ns
06:07:23.282996 TM: Giving up catch-up attempt at a 60 011 910 392 ns lag; new total: 19 265 650 103 650 ns
06:08:30.090893 TM: Giving up catch-up attempt at a 60 025 105 711 ns lag; new total: 19 325 675 209 361 ns
06:09:38.611216 TM: Giving up catch-up attempt at a 60 018 282 574 ns lag; new total: 19 385 693 491 935 ns
06:10:45.949447 TM: Giving up catch-up attempt at a 60 014 604 888 ns lag; new total: 19 445 708 096 823 ns
06:11:56.182128 TM: Giving up catch-up attempt at a 60 012 268 436 ns lag; new total: 19 505 720 365 259 ns
06:13:04.772663 TM: Giving up catch-up attempt at a 60 008 678 385 ns lag; new total: 19 565 729 043 644 ns
06:14:15.926011 TM: Giving up catch-up attempt at a 60 001 594 503 ns lag; new total: 19 625 730 638 147 ns
06:15:24.688251 TM: Giving up catch-up attempt at a 60 015 027 458 ns lag; new total: 19 685 745 665 605 ns
06:16:33.563490 TM: Giving up catch-up attempt at a 60 039 414 710 ns lag; new total: 19 745 785 080 315 ns
06:17:41.690879 TM: Giving up catch-up attempt at a 60 001 981 227 ns lag; new total: 19 805 787 061 542 ns
06:18:49.095162 TM: Giving up catch-up attempt at a 60 004 507 122 ns lag; new total: 19 865 791 568 664 ns
06:19:54.711781 TM: Giving up catch-up attempt at a 60 001 783 730 ns lag; new total: 19 925 793 352 394 ns
06:21:02.106000 TM: Giving up catch-up attempt at a 60 045 707 553 ns lag; new total: 19 985 839 059 947 ns
06:22:11.723648 TM: Giving up catch-up attempt at a 60 004 619 129 ns lag; new total: 20 045 843 679 076 ns
06:23:38.648656 TM: Giving up catch-up attempt at a 60 047 489 859 ns lag; new total: 20 105 891 168 935 ns
06:25:29.846744 TM: Giving up catch-up attempt at a 60 001 078 374 ns lag; new total: 20 165 892 247 309 ns
06:27:03.180104 TM: Giving up catch-up attempt at a 60 019 808 688 ns lag; new total: 20 225 912 055 997 ns
06:28:33.696768 TM: Giving up catch-up attempt at a 60 035 614 995 ns lag; new total: 20 285 947 670 992 ns
06:30:17.669914 TM: Giving up catch-up attempt at a 60 027 336 508 ns lag; new total: 20 345 975 007 500 ns
06:31:46.826995 TM: Giving up catch-up attempt at a 63 606 252 933 ns lag; new total: 20 409 581 260 433 ns
06:31:46.827344 VMMDev: vmmDevHeartbeatFlatlinedTimer: Guest seems to be unresponsive. Last heartbeat received 26 seconds ago
06:31:46.885001 VMMDev: GuestHeartBeat: Guest is alive (gone 26 678 976 666 ns)
